Store,Date,Holiday_Flag,Temperature,Fuel_Price,CPI,Unemployment,Weekly_Revenue,Predicted_Revenue,Profit_Gap,,,,
1,05/02/2010,0,42.31,2.572,211.0963582,8.106,1643690.9,1611968.17,31722.73,,Store,(All),
1,12/02/2010,1,38.51,2.548,211.2421698,8.106,1641957.44,1641957.44,0,,,,
1,19/02/2010,0,39.93,2.514,211.2891429,8.106,1611968.17,1611968.17,0,,Row Labels,Average Weekly Revenue,Average Fuel Price
1,26/02/2010,0,46.63,2.561,211.3196429,8.106,1409727.59,1409727.59,0,,Qtr1,1006136.182,3.267786532
1,05/03/2010,0,46.5,2.625,211.3501429,8.106,1554806.68,1554806.68,0,,Qtr2,1040806.407,3.500090028
1,12/03/2010,0,57.79,2.667,211.3806429,8.106,1439541.59,1439541.59,0,,Qtr3,1023251.314,3.383124444
1,19/03/2010,0,54.58,2.72,211.215635,8.106,1472515.79,1472515.79,0,,Qtr4,1128773.583,3.245655914
1,26/03/2010,0,51.45,2.732,211.0180424,8.106,1404429.92,1404429.92,0,,,,
1,02/04/2010,0,62.27,2.719,210.8204499,7.808,1594968.28,1594968.28,0,,,,
1,09/04/2010,0,65.86,2.77,210.6228574,7.808,1545418.53,1545418.53,0,,,,
1,16/04/2010,0,66.32,2.808,210.4887,7.808,1466058.28,1466058.28,0,,,,
1,23/04/2010,0,64.84,2.795,210.4391228,7.808,1391256.12,1391256.12,0,,,,
1,30/04/2010,0,67.41,2.78,210.3895456,7.808,1425100.71,1466058.28,-40957.57,,,,
1,07/05/2010,0,72.55,2.835,210.3399684,7.808,1603955.12,1494251.5,109703.62,,,,
1,14/05/2010,0,74.78,2.854,210.3374261,7.808,1494251.5,1494251.5,0,,,,
1,21/05/2010,0,76.44,2.826,210.6170934,7.808,1399662.07,1399662.07,0,,,,
1,28/05/2010,0,80.44,2.759,210.8967606,7.808,1432069.95,1432069.95,0,,,,
1,04/06/2010,0,80.69,2.705,211.1764278,7.808,1615524.71,1615524.71,0,,,,
1,11/06/2010,0,80.43,2.668,211.4560951,7.808,1542561.09,1542561.09,0,,,,
1,18/06/2010,0,84.11,2.637,211.4537719,7.808,1503284.06,1503284.06,0,,,,
1,25/06/2010,0,84.34,2.653,211.3386526,7.808,1422711.6,1422711.6,0,,,,
1,02/07/2010,0,80.91,2.669,211.2235333,7.787,1492418.14,1546074.18,-53656.04,,,,
1,09/07/2010,0,80.48,2.642,211.108414,7.787,1546074.18,1546074.18,0,,,,
1,16/07/2010,0,83.15,2.623,211.1003854,7.787,1448938.92,1448938.92,0,,,,
1,23/07/2010,0,83.36,2.608,211.2351443,7.787,1385065.2,1385065.2,0,,,,
1,30/07/2010,0,81.84,2.64,211.3699032,7.787,1371986.6,1371986.6,0,,,,
1,06/08/2010,0,87.16,2.627,211.5046621,7.787,1605491.78,1605491.78,0,,,,
1,13/08/2010,0,87,2.692,211.6394211,7.787,1508237.76,1534849.64,-26611.88,,,,
1,20/08/2010,0,86.65,2.664,211.6033633,7.787,1513080.49,1534849.64,-21769.15,,,,
1,27/08/2010,0,85.22,2.619,211.5673056,7.787,1449142.92,1449142.92,0,,,,
1,03/09/2010,0,81.21,2.577,211.5312479,7.787,1540163.53,1449142.92,91020.61,,,,
1,10/09/2010,1,78.69,2.565,211.4951902,7.787,1507460.69,1507460.69,0,,,,
1,17/09/2010,0,82.11,2.582,211.5224596,7.787,1430378.67,1449142.92,-18764.25,,,,
1,24/09/2010,0,80.94,2.624,211.5972246,7.787,1351791.03,1351791.03,0,,,,
1,01/10/2010,0,71.89,2.603,211.6719895,7.838,1453329.5,1453329.5,0,,,,
1,08/10/2010,0,63.93,2.633,211.7467544,7.838,1508239.93,1508239.93,0,,,,
1,15/10/2010,0,67.18,2.72,211.8137436,7.838,1459409.1,1384209.22,75199.88,,,,
1,22/10/2010,0,69.86,2.725,211.8612937,7.838,1345454,1542561.09,-197107.09,,,,
1,29/10/2010,0,69.64,2.716,211.9088438,7.838,1384209.22,1384209.22,0,,,,
1,05/11/2010,0,58.74,2.689,211.9563939,7.838,1551659.28,1551659.28,0,,,,
1,12/11/2010,0,59.61,2.728,212.003944,7.838,1494479.49,1494479.49,0,,,,
1,19/11/2010,0,51.41,2.771,211.8896737,7.838,1483784.18,1483784.18,0,,,,
1,26/11/2010,1,64.52,2.735,211.7484333,7.838,1955624.11,1955624.11,0,,,,
1,03/12/2010,0,49.27,2.708,211.607193,7.838,1548033.78,1548033.78,0,,,,
1,10/12/2010,0,46.33,2.843,211.4659526,7.838,1682614.26,1682614.26,0,,,,
1,17/12/2010,0,49.84,2.869,211.4053124,7.838,1891034.93,1891034.93,0,,,,
1,24/12/2010,0,52.33,2.886,211.4051222,7.838,2387950.2,2387950.2,0,,,,
1,31/12/2010,1,48.43,2.943,211.4049321,7.838,1367320.01,1367320.01,0,,,,
1,07/01/2011,0,48.27,2.976,211.4047419,7.742,1444732.28,1444732.28,0,,,,
1,14/01/2011,0,35.4,2.983,211.4574109,7.742,1391013.96,1391013.96,0,,,,
1,21/01/2011,0,44.04,3.016,211.8272343,7.742,1327405.42,1327405.42,0,,,,
1,28/01/2011,0,43.83,3.01,212.1970577,7.742,1316899.31,1316899.31,0,,,,
1,04/02/2011,0,42.27,2.989,212.5668812,7.742,1606629.58,1606629.58,0,,,,
1,11/02/2011,1,36.39,3.022,212.9367046,7.742,1649614.93,1649614.93,0,,,,
1,18/02/2011,0,57.36,3.045,213.2478853,7.742,1686842.78,1553191.63,133651.15,,,,
1,25/02/2011,0,62.9,3.065,213.535609,7.742,1456800.28,1456800.28,0,,,,
1,04/03/2011,0,59.58,3.288,213.8233327,7.742,1636263.41,1636263.41,0,,,,
1,11/03/2011,0,53.56,3.459,214.1110564,7.742,1553191.63,1553191.63,0,,,,
1,18/03/2011,0,62.76,3.488,214.3627114,7.742,1576818.06,1576818.06,0,,,,
1,25/03/2011,0,69.97,3.473,214.5999389,7.742,1541102.38,1541102.38,0,,,,
1,01/04/2011,0,59.17,3.524,214.8371664,7.682,1495064.75,1495064.75,0,,,,
1,08/04/2011,0,67.84,3.622,215.0743939,7.682,1614259.35,1614259.35,0,,,,
1,15/04/2011,0,71.27,3.743,215.2918561,7.682,1559889,1635078.41,-75189.41,,,,
1,22/04/2011,0,72.99,3.807,215.4599053,7.682,1564819.81,1352219.79,212600.02,,,,
1,29/04/2011,0,72.03,3.81,215.6279544,7.682,1455090.69,1464693.46,-9602.77,,,,
1,06/05/2011,0,64.61,3.906,215.7960035,7.682,1629391.28,1629391.28,0,,,,
1,13/05/2011,0,75.64,3.899,215.9640526,7.682,1604775.58,1629391.28,-24615.7,,,,
1,20/05/2011,0,67.63,3.907,215.7339202,7.682,1428218.27,1428218.27,0,,,,
1,27/05/2011,0,77.72,3.786,215.5037878,7.682,1466046.67,1466046.67,0,,,,
1,03/06/2011,0,83,3.699,215.2736553,7.682,1635078.41,1635078.41,0,,,,
1,10/06/2011,0,83.13,3.648,215.0435229,7.682,1588948.32,1588948.32,0,,,,
1,17/06/2011,0,86.41,3.637,214.9980596,7.682,1532114.86,1532114.86,0,,,,
1,24/06/2011,0,83.58,3.594,215.0910982,7.682,1438830.15,1438830.15,0,,,,
1,01/07/2011,0,85.55,3.524,215.1841368,7.962,1488538.09,1488538.09,0,,,,
1,08/07/2011,0,85.83,3.48,215.2771754,7.962,1534849.64,1534849.64,0,,,,
1,15/07/2011,0,88.54,3.575,215.3611087,7.962,1455119.97,1455119.97,0,,,,
1,22/07/2011,0,85.77,3.651,215.4222784,7.962,1396926.82,1396926.82,0,,,,
1,29/07/2011,0,86.83,3.682,215.4834482,7.962,1352219.79,1352219.79,0,,,,
1,05/08/2011,0,91.65,3.684,215.544618,7.962,1624383.75,1624383.75,0,,,,
1,12/08/2011,0,90.76,3.638,215.6057878,7.962,1525147.09,1525147.09,0,,,,
1,19/08/2011,0,89.94,3.554,215.6693107,7.962,1530761.43,1525147.09,5614.34,,,,
1,26/08/2011,0,87.96,3.523,215.7332258,7.962,1464693.46,1464693.46,0,,,,
1,02/09/2011,0,87.83,3.533,215.7971409,7.962,1550229.22,1514259.78,35969.44,,,,
1,09/09/2011,1,76,3.546,215.861056,7.962,1540471.24,2033320.66,-492849.42,,,,
1,16/09/2011,0,79.94,3.526,216.0410526,7.962,1514259.78,1514259.78,0,,,,
1,23/09/2011,0,75.8,3.467,216.3758246,7.962,1380020.27,1514259.78,-134239.51,,,,
1,30/09/2011,0,79.69,3.355,216.7105965,7.962,1394561.83,1514259.78,-119697.95,,,,
1,07/10/2011,0,69.31,3.285,217.0453684,7.866,1630989.95,1630989.95,0,,,,
1,14/10/2011,0,71.74,3.274,217.3552733,7.866,1493525.93,1493525.93,0,,,,
1,21/10/2011,0,63.71,3.353,217.5159762,7.866,1502562.78,1502562.78,0,,,,
1,28/10/2011,0,66.57,3.372,217.6766791,7.866,1445249.09,1502562.78,-57313.69,,,,
1,04/11/2011,0,54.98,3.332,217.837382,7.866,1697229.58,1697229.58,0,,,,
1,11/11/2011,0,59.11,3.297,217.9980849,7.866,1594938.89,1594938.89,0,,,,
1,18/11/2011,0,62.25,3.308,218.2205088,7.866,1539483.7,1539483.7,0,,,,
1,25/11/2011,1,60.14,3.236,218.4676211,7.866,2033320.66,2033320.66,0,,,,
1,02/12/2011,0,48.91,3.172,218.7147333,7.866,1584083.95,1584083.95,0,,,,
1,09/12/2011,0,43.93,3.158,218.9618456,7.866,1799682.38,1799682.38,0,,,,
1,16/12/2011,0,51.63,3.159,219.1794533,7.866,1881176.67,1394393.84,486782.83,,,,
1,23/12/2011,0,47.96,3.112,219.3577216,7.866,2270188.99,1550369.92,719819.07,,,,
1,30/12/2011,1,44.55,3.129,219.5359898,7.866,1497462.72,1497462.72,0,,,,
1,06/01/2012,0,49.01,3.157,219.7142581,7.348,1550369.92,1550369.92,0,,,,
1,13/01/2012,0,48.53,3.261,219.8925263,7.348,1459601.17,1550369.92,-90768.75,,,,
1,20/01/2012,0,54.11,3.268,219.9856893,7.348,1394393.84,1394393.84,0,,,,
1,27/01/2012,0,54.26,3.29,220.0788523,7.348,1319325.59,1319325.59,0,,,,
1,03/02/2012,0,56.55,3.36,220.1720153,7.348,1636339.65,1636339.65,0,,,,
1,10/02/2012,1,48.02,3.409,220.2651783,7.348,1802477.43,1661767.33,140710.1,,,,
1,17/02/2012,0,45.32,3.51,220.4257586,7.348,1819870,1819870,0,,,,
1,24/02/2012,0,57.25,3.555,220.636902,7.348,1539387.83,1539387.83,0,,,,
1,02/03/2012,0,60.96,3.63,220.8480454,7.348,1688420.76,1688420.76,0,,,,
1,09/03/2012,0,58.76,3.669,221.0591887,7.348,1675431.16,1675431.16,0,,,,
1,16/03/2012,0,64.74,3.734,221.2118132,7.348,1677472.78,1677472.78,0,,,,
1,23/03/2012,0,65.93,3.787,221.2864126,7.348,1511068.07,1511068.07,0,,,,
1,30/03/2012,0,67.61,3.845,221.3610119,7.348,1649604.63,1649604.63,0,,,,
1,06/04/2012,0,70.43,3.891,221.4356112,7.143,1899676.88,1621031.7,278645.18,,,,
1,13/04/2012,0,69.07,3.891,221.5102105,7.143,1621031.7,1621031.7,0,,,,
1,20/04/2012,0,66.76,3.877,221.5640737,7.143,1521577.87,1521577.87,0,,,,
1,27/04/2012,0,67.23,3.814,221.6179368,7.143,1468928.37,1468928.37,0,,,,
1,04/05/2012,0,75.55,3.749,221.6718,7.143,1684519.99,1684519.99,0,,,,
1,11/05/2012,0,73.77,3.688,221.7256632,7.143,1611096.05,1611096.05,0,,,,
1,18/05/2012,0,70.33,3.63,221.742674,7.143,1595901.87,1595901.87,0,,,,
1,25/05/2012,0,77.22,3.561,221.744944,7.143,1555444.55,1555444.55,0,,,,
1,01/06/2012,0,77.95,3.501,221.7472139,7.143,1624477.58,1624477.58,0,,,,
1,08/06/2012,0,78.3,3.452,221.7494839,7.143,1697230.96,1697230.96,0,,,,
1,15/06/2012,0,79.35,3.393,221.7626421,7.143,1630607,1630607,0,,,,
1,22/06/2012,0,78.39,3.346,221.8030211,7.143,1527845.81,1527845.81,0,,,,
1,29/06/2012,0,84.88,3.286,221.8434,7.143,1540421.49,1540421.49,0,,,,
1,06/07/2012,0,81.57,3.227,221.8837789,6.908,1769854.16,1769854.16,0,,,,
1,13/07/2012,0,77.12,3.256,221.9241579,6.908,1527014.04,1527014.04,0,,,,
1,20/07/2012,0,80.42,3.311,221.9327267,6.908,1497954.76,1582083.4,-84128.64,,,,
1,27/07/2012,0,82.66,3.407,221.9412954,6.908,1439123.71,1439123.71,0,,,,
1,03/08/2012,0,86.11,3.417,221.9498642,6.908,1631135.79,1631135.79,0,,,,
1,10/08/2012,0,85.05,3.494,221.9584329,6.908,1592409.97,1592409.97,0,,,,
1,17/08/2012,0,84.85,3.571,222.0384109,6.908,1597868.05,1597868.05,0,,,,
1,24/08/2012,0,77.66,3.62,222.1719457,6.908,1494122.38,1494122.38,0,,,,
1,31/08/2012,0,80.49,3.638,222.3054805,6.908,1582083.4,1582083.4,0,,,,
1,07/09/2012,1,83.96,3.73,222.4390153,6.908,1661767.33,1661767.33,0,,,,
1,14/09/2012,0,74.97,3.717,222.5820193,6.908,1517428.87,1506126.06,11302.81,,,,
1,21/09/2012,0,69.87,3.721,222.7818386,6.908,1506126.06,1506126.06,0,,,,
1,28/09/2012,0,76.08,3.666,222.9816579,6.908,1437059.26,1437059.26,0,,,,
1,05/10/2012,0,68.55,3.617,223.1814772,6.573,1670785.97,1670785.97,0,,,,
1,12/10/2012,0,62.99,3.601,223.3812965,6.573,1573072.81,1573072.81,0,,,,
1,19/10/2012,0,67.97,3.594,223.4257233,6.573,1508068.77,1508068.77,0,,,,
1,26/10/2012,0,69.16,3.506,223.4442513,6.573,1493659.74,1493659.74,0,,,,
2,05/02/2010,0,40.19,2.572,210.7526053,8.324,2136989.46,2137809.5,-820.04,,,,
2,12/02/2010,1,38.49,2.548,210.8979935,8.324,2137809.5,2137809.5,0,,,,
2,19/02/2010,0,39.69,2.514,210.9451605,8.324,2124451.54,2124451.54,0,,,,
2,26/02/2010,0,46.1,2.561,210.9759573,8.324,1865097.27,2124451.54,-259354.27,,,,
2,05/03/2010,0,47.17,2.625,211.0067542,8.324,1991013.13,2124451.54,-133438.41,,,,
2,12/03/2010,0,57.56,2.667,211.037551,8.324,1990483.78,1990483.78,0,,,,
2,19/03/2010,0,54.52,2.72,210.8733316,8.324,1946070.88,1946070.88,0,,,,
2,26/03/2010,0,51.26,2.732,210.6766095,8.324,1750197.81,1750197.81,0,,,,
2,02/04/2010,0,63.27,2.719,210.4798874,8.2,2066187.72,1794355.49,271832.23,,,,
2,09/04/2010,0,65.41,2.77,210.2831653,8.2,1954689.21,1954689.21,0,,,,
2,16/04/2010,0,68.07,2.808,210.1495463,8.2,1874957.94,1874957.94,0,,,,
2,23/04/2010,0,65.11,2.795,210.1000648,8.2,1821990.93,1821990.93,0,,,,
2,30/04/2010,0,66.98,2.78,210.0505833,8.2,1802450.29,1954689.21,-152238.92,,,,
2,07/05/2010,0,71.28,2.835,210.0011018,8.2,2042581.71,2042581.71,0,,,,
2,14/05/2010,0,73.31,2.854,209.9984585,8.2,1880752.36,1880752.36,0,,,,
2,21/05/2010,0,74.83,2.826,210.2768443,8.2,1896937.1,1896937.1,0,,,,
2,28/05/2010,0,81.13,2.759,210.5552301,8.2,1957113.89,2102539.93,-145426.04,,,,
2,04/06/2010,0,81.81,2.705,210.833616,8.2,2102539.93,2102539.93,0,,,,
2,11/06/2010,0,83.4,2.668,211.1120018,8.2,2025538.76,1939927.09,85611.67,,,,
2,18/06/2010,0,85.81,2.637,211.1096543,8.2,2001636.96,2001636.96,0,,,,
2,25/06/2010,0,86.26,2.653,210.9950134,8.2,1939927.09,1939927.09,0,,,,
2,02/07/2010,0,82.74,2.669,210.8803726,8.099,2003940.64,2003940.64,0,,,,
2,09/07/2010,0,82.59,2.642,210.7657317,8.099,1880902.62,1880902.62,0,,,,
2,16/07/2010,0,85.32,2.623,210.7577954,8.099,1845879.79,1724557.22,121322.57,,,,
2,23/07/2010,0,87.66,2.608,210.8921319,8.099,1781717.71,1781717.71,0,,,,
2,30/07/2010,0,83.49,2.64,211.0264684,8.099,1804246.16,1804246.16,0,,,,
2,06/08/2010,0,89.53,2.627,211.1608049,8.099,1991909.98,1991909.98,0,,,,
2,13/08/2010,0,89.05,2.692,211.2951413,8.099,1895601.05,1895601.05,0,,,,
2,20/08/2010,0,88.7,2.664,211.2596586,8.099,1964335.23,1964335.23,0,,,,
2,27/08/2010,0,87.12,2.619,211.2241759,8.099,1863840.49,1863840.49,0,,,,
2,03/09/2010,0,81.83,2.577,211.1886931,8.099,1904608.09,1904608.09,0,,,,
2,10/09/2010,1,79.09,2.565,211.1532104,8.099,1839128.83,1839128.83,0,,,,
2,17/09/2010,0,82.05,2.582,211.1806415,8.099,1793903.6,1793903.6,0,,,,
2,24/09/2010,0,81.79,2.624,211.2552578,8.099,1724557.22,1724557.22,0,,,,
2,01/10/2010,0,69.24,2.603,211.3298742,8.163,1827440.43,1827440.43,0,,,,
2,08/10/2010,0,63.19,2.633,211.4044906,8.163,1849921.44,1794355.49,55565.95,,,,
2,15/10/2010,0,65.8,2.72,211.4713286,8.163,1794355.49,1794355.49,0,,,,
2,22/10/2010,0,68.5,2.725,211.5187208,8.163,1737947.64,1737947.64,0,,,,
2,29/10/2010,0,66.24,2.716,211.5661131,8.163,1802755.11,1794355.49,8399.62,,,,
2,05/11/2010,0,57.85,2.689,211.6135053,8.163,1939061.41,1939061.41,0,,,,
2,12/11/2010,0,59.69,2.728,211.6608975,8.163,1916812.74,1916812.74,0,,,,
2,19/11/2010,0,50.81,2.771,211.5470304,8.163,1956739.17,1956739.17,0,,,,
2,26/11/2010,1,62.98,2.735,211.4062867,8.163,2658725.29,1794355.49,864369.8,,,,
2,03/12/2010,0,49.33,2.708,211.265543,8.163,2015781.27,2015781.27,0,,,,
2,10/12/2010,0,45.5,2.843,211.1247993,8.163,2378726.55,2378726.55,0,,,,
2,17/12/2010,0,47.55,2.869,211.0645458,8.163,2609166.75,2609166.75,0,,,,
2,24/12/2010,0,49.97,2.886,211.0646599,8.163,3436007.68,3436007.68,0,,,,
2,31/12/2010,1,47.3,2.943,211.064774,8.163,1750434.55,1750434.55,0,,,,
2,07/01/2011,0,44.69,2.976,211.0648881,8.028,1758050.79,1758050.79,0,,,,
2,14/01/2011,0,33.02,2.983,211.1176713,8.028,1744193.58,1744193.58,0,,,,
2,21/01/2011,0,41.4,3.016,211.4864691,8.028,1751384.9,1751384.9,0,,,,
2,28/01/2011,0,42.83,3.01,211.8552668,8.028,1695371.68,1695371.68,0,,,,
2,04/02/2011,0,38.25,2.989,212.2240646,8.028,1929346.23,1929346.23,0,,,,
2,11/02/2011,1,33.19,3.022,212.5928624,8.028,2168041.61,1929346.23,238695.38,,,,
2,18/02/2011,0,57.83,3.045,212.9033115,8.028,2080884.82,2080884.82,0,,,,
2,25/02/2011,0,60.8,3.065,213.190421,8.028,1833511.08,1833511.08,0,,,,
2,04/03/2011,0,57.77,3.288,213.4775305,8.028,1981607.78,1981607.78,0,,,,
2,11/03/2011,0,52.7,3.459,213.7646401,8.028,1879107.31,1879107.31,0,,,,
2,18/03/2011,0,62.32,3.488,214.0156238,8.028,1902557.66,1902557.66,0,,,,
2,25/03/2011,0,69.42,3.473,214.2521573,8.028,1766162.05,1766162.05,0,,,,
2,01/04/2011,0,55.43,3.524,214.4886908,7.931,1800171.36,1800171.36,0,,,,
2,08/04/2011,0,67,3.622,214.7252242,7.931,1847552.61,1847552.61,0,,,,
2,15/04/2011,0,69.48,3.743,214.9420631,7.931,1856467.84,1856467.84,0,,,,
2,22/04/2011,0,69.39,3.807,215.1096657,7.931,1886339.6,1886339.6,0,,,,
2,29/04/2011,0,69.21,3.81,215.2772683,7.931,1745545.28,1745545.28,0,,,,
2,06/05/2011,0,61.48,3.906,215.4448709,7.931,1837743.6,1837743.6,0,,,,
2,13/05/2011,0,74.61,3.899,215.6124735,7.931,1838513.07,1669299.78,169213.29,,,,
2,20/05/2011,0,67.14,3.907,215.3834778,7.931,1688281.86,1688281.86,0,,,,
2,27/05/2011,0,76.42,3.786,215.1544822,7.931,1797732.56,1797732.56,0,,,,
2,03/06/2011,0,83.07,3.699,214.9254865,7.931,1933756.21,1933756.21,0,,,,
2,10/06/2011,0,83.4,3.648,214.6964908,7.931,1929153.16,1929153.16,0,,,,
2,17/06/2011,0,86.53,3.637,214.6513538,7.931,1953771.99,1953771.99,0,,,,
2,24/06/2011,0,85.17,3.594,214.7441108,7.931,1790925.8,1790925.8,0,,,,
2,01/07/2011,0,85.69,3.524,214.8368678,7.852,1866243,1866243,0,,,,
2,08/07/2011,0,87.7,3.48,214.9296249,7.852,1853161.99,1853161.99,0,,,,
2,15/07/2011,0,89.83,3.575,215.0134426,7.852,1785187.29,1785187.29,0,,,,
2,22/07/2011,0,89.34,3.651,215.0749122,7.852,1743816.41,1743816.41,0,,,,
2,29/07/2011,0,90.07,3.682,215.1363819,7.852,1680693.06,1876704.26,-196011.2,,,,
2,05/08/2011,0,93.34,3.684,215.1978515,7.852,1876704.26,1876704.26,0,,,,
2,12/08/2011,0,91.58,3.638,215.2593211,7.852,1812768.26,1876704.26,-63936,,,,
2,19/08/2011,0,89.86,3.554,215.3229307,7.852,1844094.59,1844094.59,0,,,,
2,26/08/2011,0,90.45,3.523,215.386897,7.852,1821139.91,1821139.91,0,,,,
2,02/09/2011,0,89.64,3.533,215.4508632,7.852,1809119.7,1809119.7,0,,,,
2,09/09/2011,1,77.97,3.546,215.5148295,7.852,1748000.65,1748000.65,0,,,,
2,16/09/2011,0,78.85,3.526,215.6944378,7.852,1691439.52,1748000.65,-56561.13,,,,
2,23/09/2011,0,75.58,3.467,216.0282356,7.852,1669299.78,1669299.78,0,,,,
2,30/09/2011,0,78.14,3.355,216.3620333,7.852,1650394.44,1748000.65,-97606.21,,,,
2,07/10/2011,0,69.92,3.285,216.6958311,7.441,1837553.43,1743882.19,93671.24,,,,
2,14/10/2011,0,71.67,3.274,217.0048261,7.441,1743882.19,1743882.19,0,,,,
2,21/10/2011,0,64.53,3.353,217.1650042,7.441,1834680.25,1834680.25,0,,,,
2,28/10/2011,0,65.87,3.372,217.3251824,7.441,1769296.25,1834680.25,-65384,,,,
2,04/11/2011,0,55.53,3.332,217.4853605,7.441,1959707.9,1959707.9,0,,,,
2,11/11/2011,0,59.33,3.297,217.6455387,7.441,1920725.15,1920725.15,0,,,,
2,18/11/2011,0,62.01,3.308,217.8670218,7.441,1902762.5,1920725.15,-17962.65,,,,
2,25/11/2011,1,56.36,3.236,218.1130269,7.441,2614202.3,2614202.3,0,,,,
2,02/12/2011,0,48.74,3.172,218.3590319,7.441,1954952,1954952,0,,,,
2,09/12/2011,0,41.76,3.158,218.605037,7.441,2290549.32,2290549.32,0,,,,
2,16/12/2011,0,50.13,3.159,218.8217928,7.441,2432736.52,3436007.68,-1003271.16,,,,
2,23/12/2011,0,46.66,3.112,218.9995495,7.441,3224369.8,1874226.52,1350143.28,,,,
2,30/12/2011,1,44.57,3.129,219.1773063,7.441,1874226.52,1874226.52,0,,,,
2,06/01/2012,0,46.75,3.157,219.355063,7.057,1799520.14,1799520.14,0,,,,
2,13/01/2012,0,45.99,3.261,219.5328198,7.057,1744725.48,1744725.48,0,,,,
2,20/01/2012,0,51.7,3.268,219.6258417,7.057,1711769.11,1711769.11,0,,,,
2,27/01/2012,0,50.5,3.29,219.7188636,7.057,1660906.14,1660906.14,0,,,,
2,03/02/2012,0,55.21,3.36,219.8118854,7.057,1935299.94,1935299.94,0,,,,
2,10/02/2012,1,46.98,3.409,219.9049073,7.057,2103322.68,2103322.68,0,,,,
2,17/02/2012,0,43.82,3.51,220.0651993,7.057,2196688.46,2196688.46,0,,,,
2,24/02/2012,0,54.63,3.555,220.275944,7.057,1861802.7,1861802.7,0,,,,
2,02/03/2012,0,58.79,3.63,220.4866886,7.057,1952555.66,1952555.66,0,,,,
2,09/03/2012,0,57.11,3.669,220.6974332,7.057,1937628.26,1937628.26,0,,,,
2,16/03/2012,0,63.68,3.734,220.8498468,7.057,1976082.13,1976082.13,0,,,,
2,23/03/2012,0,64.01,3.787,220.9244858,7.057,1790439.16,1790439.16,0,,,,
2,30/03/2012,0,66.83,3.845,220.9991248,7.057,1857480.84,1857480.84,0,,,,
2,06/04/2012,0,68.43,3.891,221.0737638,6.891,2129035.91,2129035.91,0,,,,
2,13/04/2012,0,68.08,3.891,221.1484028,6.891,1935869.1,1935869.1,0,,,,
2,20/04/2012,0,65.69,3.877,221.2021074,6.891,1847344.45,1847344.45,0,,,,
2,27/04/2012,0,67.2,3.814,221.255812,6.891,1764133.09,1764133.09,0,,,,
2,04/05/2012,0,76.73,3.749,221.3095166,6.891,1923957.09,1910092.37,13864.72,,,,
2,11/05/2012,0,73.87,3.688,221.3632212,6.891,1917520.99,1917520.99,0,,,,
2,18/05/2012,0,71.27,3.63,221.380331,6.891,2000940.67,2000940.67,0,,,,
2,25/05/2012,0,78.19,3.561,221.3828029,6.891,1912791.09,1910092.37,2698.72,,,,
2,01/06/2012,0,78.38,3.501,221.3852748,6.891,1910092.37,1910092.37,0,,,,
2,08/06/2012,0,78.69,3.452,221.3877467,6.891,2010216.49,2010216.49,0,,,,
2,15/06/2012,0,80.56,3.393,221.4009901,6.891,1962924.3,2010216.49,-47292.19,,,,
2,22/06/2012,0,81.04,3.346,221.4411622,6.891,1887733.21,1887733.21,0,,,,
2,29/06/2012,0,86.32,3.286,221.4813343,6.891,1881046.12,1887733.21,-6687.09,,,,
2,06/07/2012,0,84.2,3.227,221.5215064,6.565,2041507.4,2041507.4,0,,,,
2,13/07/2012,0,80.17,3.256,221.5616784,6.565,1830075.13,1830075.13,0,,,,
2,20/07/2012,0,83.23,3.311,221.5701123,6.565,1819666.46,1819666.46,0,,,,
2,27/07/2012,0,86.37,3.407,221.5785461,6.565,1757923.88,1757923.88,0,,,,
2,03/08/2012,0,90.22,3.417,221.5869799,6.565,1946104.64,1946104.64,0,,,,
2,10/08/2012,0,88.55,3.494,221.5954138,6.565,1866719.96,1866719.96,0,,,,
2,17/08/2012,0,84.79,3.571,221.6751459,6.565,1928016.01,1928016.01,0,,,,
2,24/08/2012,0,76.91,3.62,221.8083518,6.565,1876788.15,1876788.15,0,,,,
2,31/08/2012,0,82.64,3.638,221.9415576,6.565,1947083.3,1947083.3,0,,,,
2,07/09/2012,1,87.65,3.73,222.0747635,6.565,1898777.07,1898777.07,0,,,,
2,14/09/2012,0,75.88,3.717,222.2174395,6.565,1814806.63,1814806.63,0,,,,
2,21/09/2012,0,71.09,3.721,222.4169362,6.565,1829415.67,1829415.67,0,,,,
2,28/09/2012,0,79.45,3.666,222.6164329,6.565,1746470.56,1746470.56,0,,,,
2,05/10/2012,0,70.27,3.617,222.8159296,6.17,1998321.04,1998321.04,0,,,,
2,12/10/2012,0,60.97,3.601,223.0154263,6.17,1900745.13,1900745.13,0,,,,
2,19/10/2012,0,68.08,3.594,223.0598077,6.17,1847990.41,1847990.41,0,,,,
2,26/10/2012,0,69.79,3.506,223.0783366,6.17,1834458.35,1834458.35,0,,,,
3,05/02/2010,0,45.71,2.572,214.4248812,7.368,461622.22,461622.22,0,,,,
3,12/02/2010,1,47.93,2.548,214.5747916,7.368,420728.96,407204.86,13524.1,,,,
3,19/02/2010,0,47.07,2.514,214.6198868,7.368,421642.19,421642.19,0,,,,
3,26/02/2010,0,52.05,2.561,214.6475127,7.368,407204.86,407204.86,0,,,,
3,05/03/2010,0,53.04,2.625,214.6751386,7.368,415202.04,415202.04,0,,,,
3,12/03/2010,0,63.08,2.667,214.7027646,7.368,384200.69,423294.4,-39093.71,,,,
3,19/03/2010,0,60.42,2.72,214.5301219,7.368,375328.59,375328.59,0,,,,
3,26/03/2010,0,57.06,2.732,214.3241011,7.368,359949.27,359949.27,0,,,,
3,02/04/2010,0,65.56,2.719,214.1180803,7.343,423294.4,423294.4,0,,,,
3,09/04/2010,0,68,2.77,213.9120595,7.343,415870.28,415870.28,0,,,,
3,16/04/2010,0,66.98,2.808,213.7726889,7.343,354993.26,354993.26,0,,,,
3,23/04/2010,0,67.87,2.795,213.7221852,7.343,339976.65,339976.65,0,,,,
3,30/04/2010,0,70.24,2.78,213.6716815,7.343,361248.39,361248.39,0,,,,
3,07/05/2010,0,73.47,2.835,213.6211778,7.343,399323.86,399323.86,0,,,,
3,14/05/2010,0,77.18,2.854,213.6196139,7.343,384357.94,384357.94,0,,,,
3,21/05/2010,0,75.81,2.826,213.9116886,7.343,343763.17,403342.4,-59579.23,,,,
3,28/05/2010,0,78.6,2.759,214.2037634,7.343,350089.23,350089.23,0,,,,
3,04/06/2010,0,78.53,2.705,214.4958382,7.343,396968.8,350089.23,46879.57,,,,
3,11/06/2010,0,82.1,2.668,214.787913,7.343,355017.09,347955.05,7062.04,,,,
3,18/06/2010,0,83.52,2.637,214.7858259,7.343,364076.85,364076.85,0,,,,
3,25/06/2010,0,83.79,2.653,214.6660741,7.343,357346.48,357346.48,0,,,,
3,02/07/2010,0,82.2,2.669,214.5463222,7.346,381151.72,381151.72,0,,,,
3,09/07/2010,0,81.75,2.642,214.4265704,7.346,349214.18,349214.18,0,,,,
3,16/07/2010,0,84.32,2.623,214.4176476,7.346,352728.78,352864.49,-135.71,,,,
3,23/07/2010,0,83.32,2.608,214.5564968,7.346,352864.49,352864.49,0,,,,
3,30/07/2010,0,82.04,2.64,214.695346,7.346,347955.05,347955.05,0,,,,
3,06/08/2010,0,85.13,2.627,214.8341952,7.346,402635.76,402635.76,0,,,,
3,13/08/2010,0,86.74,2.692,214.9730444,7.346,339597.38,351728.21,-12130.83,,,,
3,20/08/2010,0,88.02,2.664,214.9314191,7.346,351728.21,351728.21,0,,,,
3,27/08/2010,0,86.15,2.619,214.8897938,7.346,362134.09,362134.09,0,,,,
3,03/09/2010,0,84.16,2.577,214.8481685,7.346,366473.97,366473.97,0,,,,
3,10/09/2010,1,80.84,2.565,214.8065431,7.346,352260.97,352260.97,0,,,,
3,17/09/2010,0,82.36,2.582,214.8322484,7.346,363064.64,363064.64,0,,,,
3,24/09/2010,0,76.9,2.624,214.9084516,7.346,355626.87,355626.87,0,,,,
3,01/10/2010,0,73.6,2.603,214.9846548,7.564,358784.1,358784.1,0,,,,
3,08/10/2010,0,66.99,2.633,215.060858,7.564,395107.35,395107.35,0,,,,
3,15/10/2010,0,69.71,2.72,215.1293114,7.564,345584.39,348895.98,-3311.59,,,,
3,22/10/2010,0,71.64,2.725,215.17839,7.564,348895.98,348895.98,0,,,,
3,29/10/2010,0,72.04,2.716,215.2274686,7.564,348591.74,348591.74,0,,,,
3,05/11/2010,0,62.94,2.689,215.2765472,7.564,423175.56,386635.03,36540.53,,,,
3,12/11/2010,0,62.79,2.728,215.3256258,7.564,386635.03,386635.03,0,,,,
3,19/11/2010,0,57.72,2.771,215.2074519,7.564,372545.32,386635.03,-14089.71,,,,
3,26/11/2010,1,68.71,2.735,215.0614025,7.564,565567.84,395107.35,170460.49,,,,
3,03/12/2010,0,53.76,2.708,214.9153531,7.564,476420.77,467642.03,8778.74,,,,
3,10/12/2010,0,51.13,2.843,214.7693037,7.564,467642.03,467642.03,0,,,,
3,17/12/2010,0,52.2,2.869,214.704919,7.564,498159.39,605990.41,-107831.02,,,,
3,24/12/2010,0,57.16,2.886,214.7017828,7.564,605990.41,605990.41,0,,,,
3,31/12/2010,1,53.2,2.943,214.6986466,7.564,382677.76,382677.76,0,,,,
3,07/01/2011,0,53.35,2.976,214.6955104,7.551,378241.34,378241.34,0,,,,
3,14/01/2011,0,44.76,2.983,214.7470729,7.551,381061.1,438516.53,-57455.43,,,,
3,21/01/2011,0,50.74,3.016,215.1268275,7.551,350876.7,350876.7,0,,,,
3,28/01/2011,0,48.71,3.01,215.5065821,7.551,364866.24,364866.24,0,,,,
3,04/02/2011,0,45.95,2.989,215.8863367,7.551,438516.53,438516.53,0,,,,
3,11/02/2011,1,43.57,3.022,216.2660913,7.551,430526.21,430526.21,0,,,,
3,18/02/2011,0,61.58,3.045,216.5843571,7.551,432782.1,432782.1,0,,,,
3,25/02/2011,0,67.4,3.065,216.8780275,7.551,397211.19,397211.19,0,,,,
3,04/03/2011,0,65.11,3.288,217.1716979,7.551,437084.51,437084.51,0,,,,
3,11/03/2011,0,61.29,3.459,217.4653683,7.551,404753.3,404753.3,0,,,,
3,18/03/2011,0,69.47,3.488,217.7235226,7.551,392109.51,392109.51,0,,,,
3,25/03/2011,0,72.94,3.473,217.9674705,7.551,380683.67,380683.67,0,,,,
3,01/04/2011,0,68.76,3.524,218.2114184,7.574,374556.08,374556.08,0,,,,
3,08/04/2011,0,72.55,3.622,218.4553663,7.574,384075.31,384075.31,0,,,,
3,15/04/2011,0,75.88,3.743,218.6788642,7.574,366250.69,366250.69,0,,,,
3,22/04/2011,0,76.91,3.807,218.851237,7.574,391860.04,391860.04,0,,,,
3,29/04/2011,0,78.69,3.81,219.0236099,7.574,367405.4,367405.4,0,,,,
3,06/05/2011,0,69.45,3.906,219.1959827,7.574,413042.12,367405.4,45636.72,,,,
3,13/05/2011,0,79.87,3.899,219.3683556,7.574,386312.68,367405.4,18907.28,,,,
3,20/05/2011,0,75.79,3.907,219.127216,7.574,364603.13,367405.4,-2802.27,,,,
3,27/05/2011,0,84.41,3.786,218.8860765,7.574,369350.6,369350.6,0,,,,
3,03/06/2011,0,84.29,3.699,218.6449369,7.574,394507.84,394507.84,0,,,,
3,10/06/2011,0,84.84,3.648,218.4037974,7.574,391638.75,391638.75,0,,,,
3,17/06/2011,0,86.96,3.637,218.3551748,7.574,403423.34,403423.34,0,,,,
3,24/06/2011,0,84.94,3.594,218.45094,7.574,385520.71,385520.71,0,,,,
3,01/07/2011,0,85.1,3.524,218.5467052,7.567,368962.72,368962.72,0,,,,
3,08/07/2011,0,85.38,3.48,218.6424704,7.567,395146.24,395146.24,0,,,,
3,15/07/2011,0,87.14,3.575,218.7275216,7.567,373454.33,345381.29,28073.04,,,,
3,22/07/2011,0,86.19,3.651,218.7857881,7.567,360617.37,360617.37,0,,,,
3,29/07/2011,0,88.07,3.682,218.8440545,7.567,345381.29,345381.29,0,,,,
3,05/08/2011,0,88.45,3.684,218.9023209,7.567,409981.25,409981.25,0,,,,
3,12/08/2011,0,88.88,3.638,218.9605873,7.567,380376.85,380376.85,0,,,,
3,19/08/2011,0,88.44,3.554,219.023271,7.567,379716.91,379716.91,0,,,,
3,26/08/2011,0,87.67,3.523,219.0866908,7.567,366367.55,375988.69,-9621.14,,,,
3,02/09/2011,0,89.12,3.533,219.1501106,7.567,375988.69,375988.69,0,,,,
3,09/09/2011,1,81.72,3.546,219.2135305,7.567,377347.49,377347.49,0,,,,
3,16/09/2011,0,83.63,3.526,219.3972867,7.567,375629.51,375629.51,0,,,,
3,23/09/2011,0,80.19,3.467,219.7414914,7.567,365248.94,365248.94,0,,,,
3,30/09/2011,0,82.58,3.355,220.085696,7.567,368477.93,368477.93,0,,,,
3,07/10/2011,0,75.54,3.285,220.4299007,7.197,403342.4,403342.4,0,,,,
3,14/10/2011,0,73.75,3.274,220.7486167,7.197,368282.57,394976.36,-26693.79,,,,
3,21/10/2011,0,69.03,3.353,220.9144005,7.197,394976.36,394976.36,0,,,,
3,28/10/2011,0,71.04,3.372,221.0801842,7.197,389540.62,389540.62,0,,,,
3,04/11/2011,0,59.31,3.332,221.245968,7.197,459443.22,459443.22,0,,,,
3,11/11/2011,0,61.7,3.297,221.4117517,7.197,407764.25,407764.25,0,,,,
3,18/11/2011,0,63.91,3.308,221.6432852,7.197,398838.97,398838.97,0,,,,
3,25/11/2011,1,68,3.236,221.9011185,7.197,556925.19,398838.97,158086.22,,,,
3,02/12/2011,0,54.97,3.172,222.1589519,7.197,472511.32,468772.8,3738.52,,,,
3,09/12/2011,0,49.26,3.158,222.4167852,7.197,468772.8,468772.8,0,,,,
3,16/12/2011,0,57.95,3.159,222.6426418,7.197,510747.62,510747.62,0,,,,
3,23/12/2011,0,53.41,3.112,222.8258628,7.197,551221.21,551221.21,0,,,,
3,30/12/2011,1,48.29,3.129,223.0090839,7.197,410553.88,551221.21,-140667.33,,,,
3,06/01/2012,0,52.42,3.157,223.1923049,6.833,398178.21,551221.21,-153043,,,,
3,13/01/2012,0,51.86,3.261,223.3755259,6.833,367438.62,367438.62,0,,,,
3,20/01/2012,0,56.2,3.268,223.4700552,6.833,365818.61,365818.61,0,,,,
3,27/01/2012,0,58.06,3.29,223.5645845,6.833,349518.1,349518.1,0,,,,
3,03/02/2012,0,59.33,3.36,223.6591137,6.833,424960.66,424960.66,0,,,,
3,10/02/2012,1,51.65,3.409,223.753643,6.833,473292.47,473292.47,0,,,,
3,17/02/2012,0,52.39,3.51,223.9170153,6.833,475591.08,475591.08,0,,,,
3,24/02/2012,0,60.12,3.555,224.1320199,6.833,418925.47,418925.47,0,,,,
3,02/03/2012,0,61.65,3.63,224.3470245,6.833,469752.56,469752.56,0,,,,
3,09/03/2012,0,60.71,3.669,224.5620291,6.833,445162.05,445162.05,0,,,,
3,16/03/2012,0,64,3.734,224.7166953,6.833,411775.8,411775.8,0,,,,
3,23/03/2012,0,66.53,3.787,224.7909104,6.833,413907.25,413907.25,0,,,,
3,30/03/2012,0,69.36,3.845,224.8651254,6.833,407488.84,407488.84,0,,,,
3,06/04/2012,0,73.01,3.891,224.9393405,6.664,503232.13,503232.13,0,,,,
3,13/04/2012,0,72.83,3.891,225.0135556,6.664,420789.74,420789.74,0,,,,
3,20/04/2012,0,72.05,3.877,225.0689541,6.664,434822.13,434822.13,0,,,,
3,27/04/2012,0,73.39,3.814,225.1243526,6.664,394616.11,394616.11,0,,,,
3,04/05/2012,0,79.51,3.749,225.1797511,6.664,439913.57,439913.57,0,,,,
3,11/05/2012,0,75.19,3.688,225.2351496,6.664,431985.36,431985.36,0,,,,
3,18/05/2012,0,72.38,3.63,225.2512024,6.664,418112.76,418112.76,0,,,,
3,25/05/2012,0,78.58,3.561,225.2515168,6.664,413701.29,413701.29,0,,,,
3,01/06/2012,0,81.55,3.501,225.2518313,6.664,432268.53,446336.8,-14068.27,,,,
3,08/06/2012,0,81.65,3.452,225.2521458,6.664,446336.8,446336.8,0,,,,
3,15/06/2012,0,84.66,3.393,225.2644795,6.664,442074.79,442074.79,0,,,,
3,22/06/2012,0,82.7,3.346,225.3068615,6.664,419497.95,442074.79,-22576.84,,,,
3,29/06/2012,0,86.42,3.286,225.3492435,6.664,422965.33,422965.33,0,,,,
3,06/07/2012,0,83.14,3.227,225.3916254,6.334,411206.5,411206.5,0,,,,
3,13/07/2012,0,82.28,3.256,225.4340074,6.334,416913.1,416913.1,0,,,,
3,20/07/2012,0,81.38,3.311,225.4438827,6.334,432424.85,432424.85,0,,,,
3,27/07/2012,0,84.94,3.407,225.4537579,6.334,389427.9,389427.9,0,,,,
3,03/08/2012,0,86.55,3.417,225.4636332,6.334,419990.29,391811.6,28178.69,,,,
3,10/08/2012,0,85.85,3.494,225.4735085,6.334,391811.6,391811.6,0,,,,
3,17/08/2012,0,87.36,3.571,225.5558664,6.334,394918.83,394918.83,0,,,,
3,24/08/2012,0,83.01,3.62,225.6925864,6.334,412449.67,389427.9,23021.77,,,,
3,31/08/2012,0,85.18,3.638,225.8293063,6.334,408838.73,389427.9,19410.83,,,,
3,07/09/2012,1,84.99,3.73,225.9660263,6.334,408229.73,408229.73,0,,,,
3,14/09/2012,0,78.36,3.717,226.1122067,6.334,407589.16,407589.16,0,,,,
3,21/09/2012,0,72.78,3.721,226.3151496,6.334,414392.09,414392.09,0,,,,
3,28/09/2012,0,77.46,3.666,226.5180926,6.334,389813.02,389813.02,0,,,,
3,05/10/2012,0,72.74,3.617,226.7210356,6.034,443557.65,443557.65,0,,,,
3,12/10/2012,0,70.31,3.601,226.9239785,6.034,410804.39,410804.39,0,,,,
3,19/10/2012,0,73.44,3.594,226.9688442,6.034,424513.08,410804.39,13708.69,,,,
3,26/10/2012,0,74.66,3.506,226.9873637,6.034,405432.7,405432.7,0,,,,
4,05/02/2010,0,43.76,2.598,126.4420645,8.623,2135143.87,2135143.87,0,,,,
4,12/02/2010,1,28.84,2.573,126.4962581,8.623,2188307.39,2135143.87,53163.52,,,,
4,19/02/2010,0,36.45,2.54,126.5262857,8.623,2049860.26,2049860.26,0,,,,
4,26/02/2010,0,41.36,2.59,126.5522857,8.623,1925728.84,1925728.84,0,,,,
4,05/03/2010,0,43.49,2.654,126.5782857,8.623,1971057.44,1971057.44,0,,,,
4,12/03/2010,0,49.63,2.704,126.6042857,8.623,1894324.09,1894324.09,0,,,,
4,19/03/2010,0,55.19,2.743,126.6066452,8.623,1897429.36,1949177.13,-51747.77,,,,
4,26/03/2010,0,39.91,2.752,126.6050645,8.623,1762539.3,1762539.3,0,,,,
4,02/04/2010,0,48.77,2.74,126.6034839,7.896,1979247.12,1979247.12,0,,,,
4,09/04/2010,0,54.16,2.773,126.6019032,7.896,1818452.72,1818452.72,0,,,,
4,16/04/2010,0,56.23,2.81,126.5621,7.896,1851519.69,1851519.69,0,,,,
4,23/04/2010,0,56.87,2.805,126.4713333,7.896,1802677.9,1802677.9,0,,,,
4,30/04/2010,0,53.04,2.787,126.3805667,7.896,1817273.28,1817273.28,0,,,,
4,07/05/2010,0,56.77,2.836,126.2898,7.896,2000626.14,1871924.07,128702.07,,,,
4,14/05/2010,0,62.35,2.845,126.2085484,7.896,1875597.28,1875597.28,0,,,,
4,21/05/2010,0,67.4,2.82,126.1843871,7.896,1903752.6,1970340.25,-66587.65,,,,
4,28/05/2010,0,67.73,2.756,126.1602258,7.896,1857533.7,1857533.7,0,,,,
4,04/06/2010,0,70.83,2.701,126.1360645,7.896,1903290.58,1881337.21,21953.37,,,,
4,11/06/2010,0,78.45,2.668,126.1119032,7.896,1870619.23,1870619.23,0,,,,
4,18/06/2010,0,81.53,2.635,126.114,7.896,1929736.35,1929736.35,0,,,,
4,25/06/2010,0,81.1,2.654,126.1266,7.896,1846651.95,1846651.95,0,,,,
4,02/07/2010,0,73.66,2.668,126.1392,7.372,1881337.21,1881337.21,0,,,,
4,09/07/2010,0,80.35,2.637,126.1518,7.372,1812208.22,1812208.22,0,,,,
4,16/07/2010,0,78.53,2.621,126.1498065,7.372,1898427.66,1898427.66,0,,,,
4,23/07/2010,0,79.78,2.612,126.1283548,7.372,1848426.78,1848426.78,0,,,,
4,30/07/2010,0,80.7,2.65,126.1069032,7.372,1796637.61,1796637.61,0,,,,
4,06/08/2010,0,76.53,2.64,126.0854516,7.372,1907638.58,1907638.58,0,,,,
4,13/08/2010,0,78.08,2.698,126.064,7.372,2007050.75,2007050.75,0,,,,
4,20/08/2010,0,78.83,2.671,126.0766452,7.372,1997181.09,1997181.09,0,,,,
4,27/08/2010,0,74.44,2.621,126.0892903,7.372,1848403.92,1848403.92,0,,,,
4,03/09/2010,0,76.8,2.584,126.1019355,7.372,1935857.58,1935857.58,0,,,,
4,10/09/2010,1,73.54,2.574,126.1145806,7.372,1865820.81,1881337.21,-15516.4,,,,
4,17/09/2010,0,64.91,2.594,126.1454667,7.372,1899959.61,1899959.61,0,,,,
4,24/09/2010,0,60.96,2.642,126.1900333,7.372,1810684.68,1842821.02,-32136.34,,,,
4,01/10/2010,0,63.96,2.619,126.2346,7.127,1842821.02,1842821.02,0,,,,
4,08/10/2010,0,67.73,2.645,126.2791667,7.127,1951494.85,1951494.85,0,,,,
4,15/10/2010,0,62.03,2.732,126.3266774,7.127,1867345.09,1842821.02,24524.07,,,,
4,22/10/2010,0,64.17,2.736,126.3815484,7.127,1927610.06,1842821.02,84789.04,,,,
4,29/10/2010,0,56.94,2.718,126.4364194,7.127,1933333,1933333,0,,,,
4,05/11/2010,0,51.6,2.699,126.4912903,7.127,2013115.79,2013115.79,0,,,,
4,12/11/2010,0,52.65,2.741,126.5461613,7.127,1999794.26,1999794.26,0,,,,
4,19/11/2010,0,48.05,2.78,126.6072,7.127,2097809.4,2097809.4,0,,,,
4,26/11/2010,1,48.08,2.752,126.6692667,7.127,2789469.45,2102530.17,686939.28,,,,
4,03/12/2010,0,46.4,2.727,126.7313333,7.127,2102530.17,2102530.17,0,,,,
4,10/12/2010,0,42.4,2.86,126.7934,7.127,2302504.86,2302504.86,0,,,,
4,17/12/2010,0,46.57,2.884,126.8794839,7.127,2740057.14,2740057.14,0,,,,
4,24/12/2010,0,43.21,2.887,126.9835806,7.127,3526713.39,3526713.39,0,,,,
4,31/12/2010,1,38.09,2.955,127.0876774,7.127,1794868.74,1794868.74,0,,,,
4,07/01/2011,0,39.34,2.98,127.1917742,6.51,1862476.27,1865502.46,-3026.19,,,,
4,14/01/2011,0,31.6,2.992,127.3009355,6.51,1865502.46,1865502.46,0,,,,
4,21/01/2011,0,38.34,3.017,127.4404839,6.51,1886393.94,1886393.94,0,,,,
4,28/01/2011,0,40.6,3.022,127.5800323,6.51,1814240.85,1814240.85,0,,,,
4,04/02/2011,0,34.61,2.996,127.7195806,6.51,2119086.04,2119086.04,0,,,,
4,11/02/2011,1,33.29,3.033,127.859129,6.51,2187847.29,2187847.29,0,,,,
4,18/02/2011,0,48.17,3.058,127.99525,6.51,2316495.56,2316495.56,0,,,,
4,25/02/2011,0,49,3.087,128.13,6.51,2078094.69,2078094.69,0,,,,
4,04/03/2011,0,46.56,3.305,128.26475,6.51,2103455.75,2103455.75,0,,,,
4,11/03/2011,0,50.93,3.461,128.3995,6.51,2039818.41,2039818.41,0,,,,
4,18/03/2011,0,51.86,3.495,128.5121935,6.51,2116475.38,2116475.38,0,,,,
4,25/03/2011,0,59.1,3.48,128.6160645,6.51,1944164.32,1944164.32,0,,,,
4,01/04/2011,0,56.99,3.521,128.7199355,5.946,1900246.47,1900246.47,0,,,,
4,08/04/2011,0,62.61,3.605,128.8238065,5.946,2074953.46,1960587.76,114365.7,,,,
4,15/04/2011,0,62.34,3.724,128.9107333,5.946,1960587.76,1960587.76,0,,,,
4,22/04/2011,0,68.8,3.781,128.9553,5.946,2220600.76,2220600.76,0,,,,
4,29/04/2011,0,64.22,3.781,128.9998667,5.946,1878167.44,1878167.44,0,,,,
4,06/05/2011,0,63.41,3.866,129.0444333,5.946,2063682.76,2063682.76,0,,,,
4,13/05/2011,0,70.65,3.872,129.089,5.946,2002362.37,2002362.37,0,,,,
4,20/05/2011,0,70.49,3.881,129.0756774,5.946,2015563.48,2015563.48,0,,,,
4,27/05/2011,0,73.65,3.771,129.0623548,5.946,1986597.95,1986597.95,0,,,,
4,03/06/2011,0,78.26,3.683,129.0490323,5.946,2065377.15,2065377.15,0,,,,
4,10/06/2011,0,80.05,3.64,129.0357097,5.946,2073951.38,2073951.38,0,,,,
4,17/06/2011,0,83.51,3.618,129.0432,5.946,2141210.62,2141210.62,0,,,,
4,24/06/2011,0,81.85,3.57,129.0663,5.946,2008344.92,2008344.92,0,,,,
4,01/07/2011,0,84.54,3.504,129.0894,5.644,2051533.53,2066541.86,-15008.33,,,,
4,08/07/2011,0,84.59,3.469,129.1125,5.644,2066541.86,2066541.86,0,,,,
4,15/07/2011,0,83.27,3.563,129.1338387,5.644,2049046.95,2049046.95,0,,,,
4,22/07/2011,0,82.84,3.627,129.1507742,5.644,2036231.39,2036231.39,0,,,,
4,29/07/2011,0,84.36,3.659,129.1677097,5.644,1989674.07,1989674.07,0,,,,
4,05/08/2011,0,86.09,3.662,129.1846452,5.644,2160057.39,2160057.39,0,,,,
4,12/08/2011,0,82.98,3.617,129.2015806,5.644,2105668.74,2160057.39,-54388.65,,,,
4,19/08/2011,0,82.77,3.55,129.2405806,5.644,2232892.1,2232892.1,0,,,,
4,26/08/2011,0,81.47,3.523,129.2832581,5.644,1988490.21,1988490.21,0,,,,
4,02/09/2011,0,77.99,3.533,129.3259355,5.644,2078420.31,2075577.33,2842.98,,,,
4,09/09/2011,1,73.34,3.554,129.3686129,5.644,2093139.01,2093139.01,0,,,,
4,16/09/2011,0,72.76,3.532,129.4306,5.644,2075577.33,2075577.33,0,,,,
4,23/09/2011,0,69.23,3.473,129.5183333,5.644,2031406.41,1944164.32,87242.09,,,,
4,30/09/2011,0,72.15,3.371,129.6060667,5.644,1929486.63,1929486.63,0,,,,
4,07/10/2011,0,65.79,3.299,129.6938,5.143,2166737.65,2243946.59,-77208.94,,,,
4,14/10/2011,0,63.75,3.283,129.7706452,5.143,2074548.85,2074548.85,0,,,,
4,21/10/2011,0,64.79,3.361,129.7821613,5.143,2207742.13,2207742.13,0,,,,
4,28/10/2011,0,55.31,3.362,129.7936774,5.143,2151659.59,2206319.9,-54660.31,,,,
4,04/11/2011,0,49.86,3.322,129.8051935,5.143,2281217.31,2281217.31,0,,,,
4,11/11/2011,0,47.12,3.286,129.8167097,5.143,2203028.96,2203028.96,0,,,,
4,18/11/2011,0,50.44,3.294,129.8268333,5.143,2243946.59,2243946.59,0,,,,
4,25/11/2011,1,47.96,3.225,129.8364,5.143,3004702.33,3004702.33,0,,,,
4,02/12/2011,0,38.71,3.176,129.8459667,5.143,2180999.26,2180999.26,0,,,,
4,09/12/2011,0,31.64,3.153,129.8555333,5.143,2508955.24,2508955.24,0,,,,
4,16/12/2011,0,36.44,3.149,129.8980645,5.143,2771397.17,2771397.17,0,,,,
4,23/12/2011,0,35.92,3.103,129.9845484,5.143,3676388.98,2771397.17,904991.81,,,,
4,30/12/2011,1,36.89,3.119,130.0710323,5.143,2007105.86,2771397.17,-764291.31,,,,
4,06/01/2012,0,38.64,3.158,130.1575161,4.607,2047766.07,2047766.07,0,,,,
4,13/01/2012,0,34.41,3.263,130.244,4.607,1941676.61,2508955.24,-567278.63,,,,
4,20/01/2012,0,42.09,3.273,130.2792258,4.607,2005097.76,2005097.76,0,,,,
4,27/01/2012,0,40.31,3.29,130.3144516,4.607,1928720.51,1928720.51,0,,,,
4,03/02/2012,0,41.81,3.354,130.3496774,4.607,2173373.91,2173373.91,0,,,,
4,10/02/2012,1,33,3.411,130.3849032,4.607,2374660.64,2374660.64,0,,,,
4,17/02/2012,0,34.19,3.493,130.4546207,4.607,2427640.17,2427640.17,0,,,,
4,24/02/2012,0,41.31,3.541,130.5502069,4.607,2226662.17,2226662.17,0,,,,
4,02/03/2012,0,50.38,3.619,130.6457931,4.607,2206319.9,2206319.9,0,,,,
4,09/03/2012,0,53.63,3.667,130.7413793,4.607,2202450.81,2202450.81,0,,,,
4,16/03/2012,0,59.81,3.707,130.8261935,4.607,2214967.44,2214967.44,0,,,,
4,23/03/2012,0,59.07,3.759,130.8966452,4.607,2091592.54,2091592.54,0,,,,
4,30/03/2012,0,72.63,3.82,130.9670968,4.607,2089381.77,2089381.77,0,,,,
4,06/04/2012,0,67.69,3.864,131.0375484,4.308,2470206.13,2470206.13,0,,,,
4,13/04/2012,0,68.69,3.881,131.108,4.308,2105301.39,2105301.39,0,,,,
4,20/04/2012,0,68.6,3.864,131.1173333,4.308,2144336.89,2144336.89,0,,,,
4,27/04/2012,0,76.47,3.81,131.1266667,4.308,2064065.66,2064065.66,0,,,,
4,04/05/2012,0,80.14,3.747,131.136,4.308,2196968.33,2196968.33,0,,,,
4,11/05/2012,0,67.64,3.685,131.1453333,4.308,2127661.17,2097266.85,30394.32,,,,
4,18/05/2012,0,68.43,3.62,131.0983226,4.308,2207214.81,2207214.81,0,,,,
4,25/05/2012,0,77.47,3.551,131.0287742,4.308,2154137.67,2154137.67,0,,,,
4,01/06/2012,0,77.41,3.483,130.9592258,4.308,2179360.94,2179360.94,0,,,,
4,08/06/2012,0,78.11,3.433,130.8896774,4.308,2245257.18,2245257.18,0,,,,
4,15/06/2012,0,80.94,3.372,130.8295333,4.308,2234190.93,2234190.93,0,,,,
4,22/06/2012,0,81.63,3.329,130.7929,4.308,2197299.65,2197299.65,0,,,,
4,29/06/2012,0,84.23,3.257,130.7562667,4.308,2128362.92,2128362.92,0,,,,
4,06/07/2012,0,80.37,3.187,130.7196333,4.077,2224499.28,2224499.28,0,,,,
4,13/07/2012,0,76.86,3.224,130.683,4.077,2100252.61,2100252.61,0,,,,
4,20/07/2012,0,79.14,3.263,130.7012903,4.077,2175563.69,2175563.69,0,,,,
4,27/07/2012,0,81.06,3.356,130.7195806,4.077,2048613.65,2048613.65,0,,,,
4,03/08/2012,0,83.86,3.374,130.737871,4.077,2174514.13,2207742.13,-33228,,,,
4,10/08/2012,0,83.21,3.476,130.7561613,4.077,2193367.69,2193367.69,0,,,,
4,17/08/2012,0,81.41,3.552,130.7909677,4.077,2283540.3,2283540.3,0,,,,
4,24/08/2012,0,75.76,3.61,130.8381613,4.077,2125241.68,2283540.3,-158298.62,,,,
4,31/08/2012,0,76.47,3.646,130.8853548,4.077,2081181.35,2283540.3,-202358.95,,,,
4,07/09/2012,1,82.09,3.709,130.9325484,4.077,2125104.72,2125104.72,0,,,,
4,14/09/2012,0,68.2,3.706,130.9776667,4.077,2117854.6,2179360.94,-61506.34,,,,
4,21/09/2012,0,68.97,3.721,131.0103333,4.077,2119438.53,2119438.53,0,,,,
4,28/09/2012,0,71.74,3.666,131.043,4.077,2027620.23,2027620.23,0,,,,
4,05/10/2012,0,63.07,3.62,131.0756667,3.879,2209835.43,2209835.43,0,,,,
4,12/10/2012,0,57.11,3.603,131.1083333,3.879,2133026.07,2133026.07,0,,,,
4,19/10/2012,0,64.46,3.61,131.1499677,3.879,2097266.85,2097266.85,0,,,,
4,26/10/2012,0,63.64,3.514,131.1930968,3.879,2149594.46,2097266.85,52327.61,,,,
5,05/02/2010,0,39.7,2.572,211.6539716,6.566,317173.1,317173.1,0,,,,
5,12/02/2010,1,39.81,2.548,211.8004698,6.566,311825.7,311825.7,0,,,,
5,19/02/2010,0,41.14,2.514,211.8471283,6.566,303447.57,303447.57,0,,,,
5,26/02/2010,0,46.7,2.561,211.8771468,6.566,270281.63,270281.63,0,,,,
5,05/03/2010,0,48.89,2.625,211.9071653,6.566,288855.71,288855.71,0,,,,
5,12/03/2010,0,58.5,2.667,211.9371839,6.566,297293.59,305993.27,-8699.68,,,,
5,19/03/2010,0,55.46,2.72,211.770897,6.566,281706.41,281706.41,0,,,,
5,26/03/2010,0,52.47,2.732,211.5718925,6.566,273282.97,273282.97,0,,,,
5,02/04/2010,0,63.18,2.719,211.372888,6.465,331406,331406,0,,,,
5,09/04/2010,0,65.19,2.77,211.1738835,6.465,328020.49,328020.49,0,,,,
5,16/04/2010,0,65.3,2.808,211.0388528,6.465,306858.69,306858.69,0,,,,
5,23/04/2010,0,65.13,2.795,210.9891204,6.465,288839.73,328020.49,-39180.76,,,,
5,30/04/2010,0,67.53,2.78,210.939388,6.465,298697.84,298697.84,0,,,,
5,07/05/2010,0,71.53,2.835,210.8896556,6.465,333522.6,333522.6,0,,,,
5,14/05/2010,0,74.79,2.854,210.8872772,6.465,296673.77,296673.77,0,,,,
5,21/05/2010,0,75.2,2.826,211.169023,6.465,301615.49,301615.49,0,,,,
5,28/05/2010,0,79.81,2.759,211.4507688,6.465,310013.11,310013.11,0,,,,
5,04/06/2010,0,79.54,2.705,211.7325146,6.465,337825.89,337825.89,0,,,,
5,11/06/2010,0,80.7,2.668,212.0142605,6.465,296641.91,296641.91,0,,,,
5,18/06/2010,0,83.91,2.637,212.0119769,6.465,313795.6,313795.6,0,,,,
5,25/06/2010,0,83.72,2.653,211.8960815,6.465,295257.3,295257.3,0,,,,
5,02/07/2010,0,81.25,2.669,211.7801861,6.496,305993.27,305993.27,0,,,,
5,09/07/2010,0,81.14,2.642,211.6642907,6.496,291808.87,291808.87,0,,,,
5,16/07/2010,0,83.98,2.623,211.6561123,6.496,280701.7,280701.7,0,,,,
5,23/07/2010,0,83.66,2.608,211.7915565,6.496,274742.63,274742.63,0,,,,
5,30/07/2010,0,82.46,2.64,211.9270006,6.496,268929.03,268929.03,0,,,,
5,06/08/2010,0,86.1,2.627,212.0624447,6.496,303043.02,303043.02,0,,,,
5,13/08/2010,0,87.41,2.692,212.1978889,6.496,286477.35,286477.35,0,,,,
5,20/08/2010,0,87.71,2.664,212.1608984,6.496,287205.38,287205.38,0,,,,
5,27/08/2010,0,87.05,2.619,212.123908,6.496,288519.75,280701.7,7818.05,,,,
5,03/09/2010,0,84.06,2.577,212.0869176,6.496,323798,323798,0,,,,
5,10/09/2010,1,79.86,2.565,212.0499271,6.496,306533.08,306533.08,0,,,,
5,17/09/2010,0,82.28,2.582,212.0769346,6.496,282558.65,282558.65,0,,,,
5,24/09/2010,0,78.53,2.624,212.1519404,6.496,293131.58,303043.02,-9911.44,,,,
5,01/10/2010,0,71.1,2.603,212.2269463,6.768,283178.12,283178.12,0,,,,
5,08/10/2010,0,64.99,2.633,212.3019522,6.768,290494.85,283178.12,7316.73,,,,
5,15/10/2010,0,68.11,2.72,212.3691867,6.768,280681.2,284988.27,-4307.07,,,,
5,22/10/2010,0,70.96,2.725,212.4169928,6.768,284988.27,284988.27,0,,,,
5,29/10/2010,0,70.58,2.716,212.464799,6.768,278031.81,278031.81,0,,,,
5,05/11/2010,0,58.88,2.689,212.5126051,6.768,325310.3,325310.3,0,,,,
5,12/11/2010,0,62.37,2.728,212.5604113,6.768,301827.36,301827.36,0,,,,
5,19/11/2010,0,52.52,2.771,212.445487,6.768,297384.81,297384.81,0,,,,
5,26/11/2010,1,66.15,2.735,212.303441,6.768,488362.61,488362.61,0,,,,
5,03/12/2010,0,51.31,2.708,212.1613951,6.768,344490.88,344490.88,0,,,,
5,10/12/2010,0,48.27,2.843,212.0193491,6.768,352811.53,352811.53,0,,,,
5,17/12/2010,0,51.61,2.869,211.9580815,6.768,367801.19,367801.19,0,,,,
5,24/12/2010,0,55.01,2.886,211.9573978,6.768,466010.25,466010.25,0,,,,
5,31/12/2010,1,49.79,2.943,211.9567142,6.768,298180.18,298180.18,0,,,,
5,07/01/2011,0,48.3,2.976,211.9560305,6.634,286347.26,275313.34,11033.92,,,,
5,14/01/2011,0,37.74,2.983,212.008514,6.634,260636.71,260636.71,0,,,,
5,21/01/2011,0,45.41,3.016,212.3800012,6.634,275313.34,275313.34,0,,,,
5,28/01/2011,0,44.5,3.01,212.7514884,6.634,279088.39,279088.39,0,,,,
5,04/02/2011,0,41.67,2.989,213.1229755,6.634,329613.2,329613.2,0,,,,
5,11/02/2011,1,38.25,3.022,213.4944627,6.634,311590.54,311590.54,0,,,,
5,18/02/2011,0,58.83,3.045,213.8068304,6.634,356622.61,356622.61,0,,,,
5,25/02/2011,0,63.35,3.065,214.0955503,6.634,294659.5,294659.5,0,,,,
5,04/03/2011,0,60.35,3.288,214.3842702,6.634,329033.66,329033.66,0,,,,
5,11/03/2011,0,55.74,3.459,214.6729901,6.634,293098.1,329033.66,-35935.56,,,,
5,18/03/2011,0,64.31,3.488,214.9257339,6.634,312177.67,294659.5,17518.17,,,,
5,25/03/2011,0,70.71,3.473,215.1640872,6.634,294732.5,294732.5,0,,,,
5,01/04/2011,0,61.5,3.524,215.4024406,6.489,314316.55,328020.49,-13703.94,,,,
5,08/04/2011,0,69.64,3.622,215.6407939,6.489,307333.62,307333.62,0,,,,
5,15/04/2011,0,72.02,3.743,215.8592673,6.489,307913.58,328415.44,-20501.86,,,,
5,22/04/2011,0,74.34,3.807,216.0280407,6.489,328415.44,328415.44,0,,,,
5,29/04/2011,0,74.75,3.81,216.1968142,6.489,307291.56,307291.56,0,,,,
5,06/05/2011,0,66.27,3.906,216.3655877,6.489,322904.68,322904.68,0,,,,
5,13/05/2011,0,77.38,3.899,216.5343611,6.489,290930.01,307291.56,-16361.55,,,,
5,20/05/2011,0,71.37,3.907,216.3023847,6.489,299614.33,299614.33,0,,,,
5,27/05/2011,0,80.14,3.786,216.0704083,6.489,297149.69,297149.69,0,,,,
5,03/06/2011,0,83.81,3.699,215.8384319,6.489,329183.92,329183.92,0,,,,
5,10/06/2011,0,83.61,3.648,215.6064555,6.489,304984.14,304984.14,0,,,,
5,17/06/2011,0,86.84,3.637,215.560463,6.489,304811.82,302881.64,1930.18,,,,
5,24/06/2011,0,84.76,3.594,215.6539583,6.489,302881.64,302881.64,0,,,,
5,01/07/2011,0,85.81,3.524,215.7474537,6.529,327093.89,327093.89,0,,,,
5,08/07/2011,0,86.64,3.48,215.8409491,6.529,310804.93,327093.89,-16288.96,,,,
5,15/07/2011,0,88.64,3.575,215.9250696,6.529,283248.62,283248.62,0,,,,
5,22/07/2011,0,86.97,3.651,215.985753,6.529,292539.73,292539.73,0,,,,
5,29/07/2011,0,89.42,3.682,216.0464364,6.529,275142.17,275142.17,0,,,,
5,05/08/2011,0,91.07,3.684,216.1071198,6.529,317738.56,317738.56,0,,,,
5,12/08/2011,0,90.16,3.638,216.1678032,6.529,289886.16,289886.16,0,,,,
5,19/08/2011,0,89.35,3.554,216.2311855,6.529,303643.84,303643.84,0,,,,
5,26/08/2011,0,89.18,3.523,216.2950176,6.529,310338.17,310338.17,0,,,,
5,02/09/2011,0,90.38,3.533,216.3588498,6.529,315645.53,315645.53,0,,,,
5,09/09/2011,1,79.04,3.546,216.4226819,6.529,321110.22,321110.22,0,,,,
5,16/09/2011,0,83.55,3.526,216.6033083,6.529,278529.71,278529.71,0,,,,
5,23/09/2011,0,78.01,3.467,216.9396605,6.529,291024.98,291024.98,0,,,,
5,30/09/2011,0,81.16,3.355,217.2760127,6.529,292315.38,292315.38,0,,,,
5,07/10/2011,0,71.64,3.285,217.6123648,6.3,309111.47,309111.47,0,,,,
5,14/10/2011,0,72.36,3.274,217.9237458,6.3,286117.72,286117.72,0,,,,
5,21/10/2011,0,66.9,3.353,218.0852999,6.3,306069.18,306069.18,0,,,,
5,28/10/2011,0,69.27,3.372,218.2468539,6.3,307035.11,307035.11,0,,,,
5,04/11/2011,0,56.71,3.332,218.408408,6.3,353652.23,353652.23,0,,,,
5,11/11/2011,0,60.71,3.297,218.5699621,6.3,311906.7,311906.7,0,,,,
5,18/11/2011,0,64.33,3.308,218.793912,6.3,307944.37,307944.37,0,,,,
5,25/11/2011,1,61.93,3.236,219.0428204,6.3,507900.07,507900.07,0,,,,
5,02/12/2011,0,51.14,3.172,219.2917287,6.3,376225.61,379530.3,-3304.69,,,,
5,09/12/2011,0,44.12,3.158,219.540637,6.3,367433.77,379530.3,-12096.53,,,,
5,16/12/2011,0,54.42,3.159,219.7596266,6.3,379530.3,379530.3,0,,,,
5,23/12/2011,0,50.33,3.112,219.9387246,6.3,458562.24,458562.24,0,,,,
5,30/12/2011,1,45.62,3.129,220.1178226,6.3,349624.88,349624.88,0,,,,
5,06/01/2012,0,50.21,3.157,220.2969205,5.943,312078.71,312078.71,0,,,,
5,13/01/2012,0,48.86,3.261,220.4760185,5.943,291454.52,291454.52,0,,,,
5,20/01/2012,0,54.65,3.268,220.5694104,5.943,287523.98,287523.98,0,,,,
5,27/01/2012,0,54.63,3.29,220.6628023,5.943,295974.22,295974.22,0,,,,
5,03/02/2012,0,57.35,3.36,220.7561941,5.943,333948,333948,0,,,,
5,10/02/2012,1,48.57,3.409,220.849586,5.943,349239.88,349239.88,0,,,,
5,17/02/2012,0,48.25,3.51,221.0106341,5.943,356427.98,356427.98,0,,,,
5,24/02/2012,0,57.75,3.555,221.2224243,5.943,312220.47,312220.47,0,,,,
5,02/03/2012,0,60.66,3.63,221.4342146,5.943,359206.21,359206.21,0,,,,
5,09/03/2012,0,57.69,3.669,221.6460048,5.943,347295.6,347295.6,0,,,,
5,16/03/2012,0,63.55,3.734,221.7989713,5.943,339392.54,339392.54,0,,,,
5,23/03/2012,0,64.44,3.787,221.8735063,5.943,321299.99,324839.74,-3539.75,,,,
5,30/03/2012,0,67.76,3.845,221.9480412,5.943,331318.73,331318.73,0,,,,
5,06/04/2012,0,70.4,3.891,222.0225762,5.801,402985.7,402985.7,0,,,,
5,13/04/2012,0,70.56,3.891,222.0971111,5.801,351832.03,351832.03,0,,,,
5,20/04/2012,0,67.33,3.877,222.1512315,5.801,330063.06,330063.06,0,,,,
5,27/04/2012,0,68.96,3.814,222.2053519,5.801,324839.74,324839.74,0,,,,
5,04/05/2012,0,77.1,3.749,222.2594722,5.801,360932.69,360932.69,0,,,,
5,11/05/2012,0,73.45,3.688,222.3135926,5.801,333870.52,333870.52,0,,,,
5,18/05/2012,0,70.45,3.63,222.330443,5.801,336189.66,336189.66,0,,,,
5,25/05/2012,0,78.23,3.561,222.3323853,5.801,341994.48,341994.48,0,,,,
5,01/06/2012,0,79.72,3.501,222.3343277,5.801,359867.8,359867.8,0,,,,
5,08/06/2012,0,81.02,3.452,222.33627,5.801,341704.59,341704.59,0,,,,
5,15/06/2012,0,81.64,3.393,222.3492901,5.801,327383.64,327383.64,0,,,,
5,22/06/2012,0,80.57,3.346,222.3900046,5.801,325041.68,325041.68,0,,,,
5,29/06/2012,0,87.08,3.286,222.4307191,5.801,329658.1,329658.1,0,,,,
5,06/07/2012,0,82.35,3.227,222.4714336,5.603,341214.43,341214.43,0,,,,
5,13/07/2012,0,80.78,3.256,222.5121481,5.603,316203.64,329658.1,-13454.46,,,,
5,20/07/2012,0,81.05,3.311,222.5209358,5.603,321205.12,329658.1,-8452.98,,,,
5,27/07/2012,0,85.06,3.407,222.5297234,5.603,306827.36,306827.36,0,,,,
5,03/08/2012,0,86.91,3.417,222.5385111,5.603,324195.17,324195.17,0,,,,
5,10/08/2012,0,86.96,3.494,222.5472987,5.603,306759.7,306759.7,0,,,,
5,17/08/2012,0,87.52,3.571,222.6276753,5.603,314014.18,314014.18,0,,,,
5,24/08/2012,0,79.45,3.62,222.7617437,5.603,320831.36,320831.36,0,,,,
5,31/08/2012,0,84.25,3.638,222.8958121,5.603,344642.01,344642.01,0,,,,
5,07/09/2012,1,86.3,3.73,223.0298805,5.603,350648.91,350648.91,0,,,,
5,14/09/2012,0,76.65,3.717,223.1734167,5.603,299800.67,299800.67,0,,,,
5,21/09/2012,0,71.09,3.721,223.3737593,5.603,307306.76,307306.76,0,,,,
5,28/09/2012,0,78.33,3.666,223.5741019,5.603,310141.68,343048.29,-32906.61,,,,
5,05/10/2012,0,71.17,3.617,223.7744444,5.422,343048.29,343048.29,0,,,,
5,12/10/2012,0,66.24,3.601,223.974787,5.422,325345.41,325345.41,0,,,,
5,19/10/2012,0,69.17,3.594,224.0192873,5.422,313358.15,313358.15,0,,,,
5,26/10/2012,0,71.7,3.506,224.0378139,5.422,319550.77,319550.77,0,,,,
6,05/02/2010,0,40.43,2.572,212.6223518,7.259,1652635.1,1652635.1,0,,,,
6,12/02/2010,1,40.57,2.548,212.7700425,7.259,1606283.86,1432953.21,173330.65,,,,
6,19/02/2010,0,43.58,2.514,212.8161546,7.259,1567138.07,1432953.21,134184.86,,,,
6,26/02/2010,0,47.1,2.561,212.845337,7.259,1432953.21,1432953.21,0,,,,
6,05/03/2010,0,49.63,2.625,212.8745193,7.259,1601348.82,1601348.82,0,,,,
6,12/03/2010,0,58.82,2.667,212.9037017,7.259,1558621.36,1601348.82,-42727.46,,,,
6,19/03/2010,0,56.55,2.72,212.7351935,7.259,1693058.91,1693058.91,0,,,,
6,26/03/2010,0,53.74,2.732,212.533737,7.259,1472033.38,1472033.38,0,,,,
6,02/04/2010,0,64.94,2.719,212.3322805,7.092,1770333.9,1770333.9,0,,,,
6,09/04/2010,0,66.15,2.77,212.1308239,7.092,1667181.82,1540435.99,126745.83,,,,
6,16/04/2010,0,65.68,2.808,211.9942765,7.092,1519846.36,1540435.99,-20589.63,,,,
6,23/04/2010,0,64.11,2.795,211.9442745,7.092,1540435.99,1540435.99,0,,,,
6,30/04/2010,0,68.91,2.78,211.8942725,7.092,1498080.16,1498080.16,0,,,,
6,07/05/2010,0,73.68,2.835,211.8442706,7.092,1619920.04,1498080.16,121839.88,,,,
6,14/05/2010,0,74.95,2.854,211.8421769,7.092,1524059.4,1498080.16,25979.24,,,,
6,21/05/2010,0,74.8,2.826,212.1275324,7.092,1531938.44,1531938.44,0,,,,
6,28/05/2010,0,78.89,2.759,212.412888,7.092,1644470.66,1644470.66,0,,,,
6,04/06/2010,0,79.44,2.705,212.6982436,7.092,1857380.09,1693058.91,164321.18,,,,
6,11/06/2010,0,81.81,2.668,212.9835992,7.092,1685652.35,1677248.24,8404.11,,,,
6,18/06/2010,0,83.89,2.637,212.9813843,7.092,1677248.24,1677248.24,0,,,,
6,25/06/2010,0,84.2,2.653,212.8641412,7.092,1640681.88,1640681.88,0,,,,
6,02/07/2010,0,80.34,2.669,212.746898,6.973,1759777.25,1690317.99,69459.26,,,,
6,09/07/2010,0,80.93,2.642,212.6296549,6.973,1690317.99,1690317.99,0,,,,
6,16/07/2010,0,83.75,2.623,212.6212163,6.973,1560120.8,1560120.8,0,,,,
6,23/07/2010,0,83.9,2.608,212.7578505,6.973,1585240.92,1585240.92,0,,,,
6,30/07/2010,0,81.37,2.64,212.8944846,6.973,1532308.78,1532308.78,0,,,,
6,06/08/2010,0,86.61,2.627,213.0311188,6.973,1633241.59,1633241.59,0,,,,
6,13/08/2010,0,86.83,2.692,213.1677529,6.973,1547654.98,1547654.98,0,,,,
6,20/08/2010,0,87.36,2.664,213.1291427,6.973,1539930.5,1539930.5,0,,,,
6,27/08/2010,0,85.71,2.619,213.0905324,6.973,1450766.12,1450766.12,0,,,,
6,03/09/2010,0,82.15,2.577,213.0519222,6.973,1510925.32,1510925.32,0,,,,
6,10/09/2010,1,78.78,2.565,213.013312,6.973,1424225.44,1424225.44,0,,,,
6,17/09/2010,0,81.78,2.582,213.0398643,6.973,1308537.75,1633241.59,-324703.84,,,,
6,24/09/2010,0,76.49,2.624,213.1152886,6.973,1275591.84,1306194.55,-30602.71,,,,
6,01/10/2010,0,70.69,2.603,213.1907129,7.007,1328468.89,1677248.24,-348779.35,,,,
6,08/10/2010,0,65.21,2.633,213.2661373,7.007,1360317.9,2267452.4,-907134.5,,,,
6,15/10/2010,0,68.93,2.72,213.3337977,7.007,1344580.92,1344580.92,0,,,,
6,22/10/2010,0,70.97,2.725,213.3820486,7.007,1332716.53,1332716.53,0,,,,
6,29/10/2010,0,70.39,2.716,213.4302994,7.007,1385323.7,1385323.7,0,,,,
6,05/11/2010,0,59.9,2.689,213.4785503,7.007,1505442.15,1505442.15,0,,,,
6,12/11/2010,0,62.11,2.728,213.5268011,7.007,1495536.46,1495536.46,0,,,,
6,19/11/2010,0,52.99,2.771,213.4107412,7.007,1518841.45,1518841.45,0,,,,
6,26/11/2010,1,65.79,2.735,213.2672961,7.007,2267452.4,2267452.4,0,,,,
6,03/12/2010,0,52.3,2.708,213.123851,7.007,1677067.24,1834737.58,-157670.34,,,,
6,10/12/2010,0,48.46,2.843,212.9804059,7.007,1834737.58,1834737.58,0,,,,
6,17/12/2010,0,52.24,2.869,212.918049,7.007,2090268.95,2727575.18,-637306.23,,,,
6,24/12/2010,0,55.07,2.886,212.9165082,7.007,2727575.18,2727575.18,0,,,,
6,31/12/2010,1,49.14,2.943,212.9149674,7.007,1464050.02,1464050.02,0,,,,
6,07/01/2011,0,47.78,2.976,212.9134266,6.858,1350441.68,1350441.68,0,,,,
6,14/01/2011,0,38.37,2.983,212.9655882,6.858,1306194.55,1306194.55,0,,,,
6,21/01/2011,0,46.2,3.016,213.3399647,6.858,1261253.18,1261253.18,0,,,,
6,28/01/2011,0,44.98,3.01,213.7143412,6.858,1287034.7,1287034.7,0,,,,
6,04/02/2011,0,40.59,2.989,214.0887176,6.858,1514999.17,1514999.17,0,,,,
6,11/02/2011,1,39.38,3.022,214.4630941,6.858,1486920.17,1486920.17,0,,,,
6,18/02/2011,0,59.61,3.045,214.7775231,6.858,1572117.54,1572117.54,0,,,,
6,25/02/2011,0,62.86,3.065,215.0679731,6.858,1422600.43,1422600.43,0,,,,
6,04/03/2011,0,60.45,3.288,215.3584231,6.858,1502617.99,1502617.99,0,,,,
6,11/03/2011,0,57.71,3.459,215.6488731,6.858,1494497.39,1494497.39,0,,,,
6,18/03/2011,0,65.07,3.488,215.9035078,6.858,1685375.47,1685375.47,0,,,,
6,25/03/2011,0,70.83,3.473,216.1438163,6.858,1438465.81,1438465.81,0,,,,
6,01/04/2011,0,62.25,3.524,216.3841249,6.855,1459276.77,1459276.77,0,,,,
6,08/04/2011,0,70.35,3.622,216.6244334,6.855,1534594,1534594,0,,,,
6,15/04/2011,0,73.17,3.743,216.8446627,6.855,1448797.02,1448797.02,0,,,,
6,22/04/2011,0,74.24,3.807,217.0146941,6.855,1639358.93,1639358.93,0,,,,
6,29/04/2011,0,75.27,3.81,217.1847255,6.855,1479249.9,1639358.93,-160109.03,,,,
6,06/05/2011,0,65.42,3.906,217.3547569,6.855,1504651.57,1504651.57,0,,,,
6,13/05/2011,0,76.95,3.899,217.5247882,6.855,1453185.65,1453185.65,0,,,,
6,20/05/2011,0,72.01,3.907,217.2896095,6.855,1382783.83,1382783.83,0,,,,
6,27/05/2011,0,80.83,3.786,217.0544307,6.855,1523979.11,1639358.93,-115379.82,,,,
6,03/06/2011,0,84.01,3.699,216.819252,6.855,1705506.29,1705506.29,0,,,,
6,10/06/2011,0,84.49,3.648,216.5840732,6.855,1598643.65,1598643.65,0,,,,
6,17/06/2011,0,87.08,3.637,216.5371616,6.855,1622150.33,1622150.33,0,,,,
6,24/06/2011,0,85.51,3.594,216.6314502,6.855,1543365.9,1543365.9,0,,,,
6,01/07/2011,0,87,3.524,216.7257388,6.925,1694551.15,1694551.15,0,,,,
6,08/07/2011,0,88.36,3.48,216.8200275,6.925,1709373.62,1709373.62,0,,,,
6,15/07/2011,0,88.93,3.575,216.9044732,6.925,1526801.24,1526801.24,0,,,,
6,22/07/2011,0,88.06,3.651,216.964312,6.925,1526506.08,1526506.08,0,,,,
6,29/07/2011,0,90.22,3.682,217.0241507,6.925,1483991.05,1483991.05,0,,,,
6,05/08/2011,0,91.46,3.684,217.0839894,6.925,1601584.57,1601584.57,0,,,,
6,12/08/2011,0,90.49,3.638,217.1438281,6.925,1484995.38,1484995.38,0,,,,
6,19/08/2011,0,89.26,3.554,217.2069662,6.925,1493544.04,1526801.24,-33257.2,,,,
6,26/08/2011,0,90.07,3.523,217.2706543,6.925,1420405.41,1420405.41,0,,,,
6,02/09/2011,0,91.22,3.533,217.3343423,6.925,1481618.74,1481618.74,0,,,,
6,09/09/2011,1,80.21,3.546,217.3980304,6.925,1483574.38,1483574.38,0,,,,
6,16/09/2011,0,84.94,3.526,217.5797506,6.925,1351407.79,1351407.79,0,,,,
6,23/09/2011,0,78.49,3.467,217.9188471,6.925,1336044.75,1336044.75,0,,,,
6,30/09/2011,0,82.51,3.355,218.2579435,6.925,1307551.92,1336044.75,-28492.83,,,,
6,07/10/2011,0,74.1,3.285,218.59704,6.551,1481739.2,1386520.99,95218.21,,,,
6,14/10/2011,0,71.24,3.274,218.9109844,6.551,1386520.99,1386520.99,0,,,,
6,21/10/2011,0,68.53,3.353,219.0740167,6.551,1417922.37,1417922.37,0,,,,
6,28/10/2011,0,69.51,3.372,219.237049,6.551,1419445.12,1419445.12,0,,,,
6,04/11/2011,0,58.54,3.332,219.4000812,6.551,1523420.38,1496305.78,27114.6,,,,
6,11/11/2011,0,61.33,3.297,219.5631135,6.551,1536176.54,1536176.54,0,,,,
6,18/11/2011,0,63.89,3.308,219.7897137,6.551,1524390.07,1524390.07,0,,,,
6,25/11/2011,1,62.78,3.236,220.0417412,6.551,2249811.55,1598080.52,651731.03,,,,
6,02/12/2011,0,51.18,3.172,220.2937686,6.551,1688531.34,1386520.99,302010.35,,,,
6,09/12/2011,0,43.64,3.158,220.5457961,6.551,1903385.14,1386520.99,516864.15,,,,
6,16/12/2011,0,53.27,3.159,220.7671856,6.551,2034695.56,1386520.99,648174.57,,,,
6,23/12/2011,0,49.45,3.112,220.9477245,6.551,2644633.02,1386520.99,1258112.03,,,,
6,30/12/2011,1,46.8,3.129,221.1282634,6.551,1598080.52,1598080.52,0,,,,
6,06/01/2012,0,50.82,3.157,221.3088023,6.132,1395339.71,1344243.17,51096.54,,,,
6,13/01/2012,0,48.33,3.261,221.4893412,6.132,1344243.17,1344243.17,0,,,,
6,20/01/2012,0,55.37,3.268,221.5831306,6.132,1326255.7,1326255.7,0,,,,
6,27/01/2012,0,53.95,3.29,221.6769199,6.132,1315610.66,1315610.66,0,,,,
6,03/02/2012,0,57.45,3.36,221.7707093,6.132,1496305.78,1496305.78,0,,,,
6,10/02/2012,1,48.58,3.409,221.8644987,6.132,1620603.92,1632616.09,-12012.17,,,,
6,17/02/2012,0,49.03,3.51,222.026359,6.132,1632616.09,1632616.09,0,,,,
6,24/02/2012,0,59.17,3.555,222.2392726,6.132,1465187.71,1465187.71,0,,,,
6,02/03/2012,0,60.32,3.63,222.4521862,6.132,1550385.65,1550385.65,0,,,,
6,09/03/2012,0,57.89,3.669,222.6650998,6.132,1569304.4,1569304.4,0,,,,
6,16/03/2012,0,62.8,3.734,222.8186603,6.132,1748010.29,1748010.29,0,,,,
6,23/03/2012,0,63.71,3.787,222.8930835,6.132,1495143.62,1748010.29,-252866.67,,,,
6,30/03/2012,0,67.91,3.845,222.9675066,6.132,1508933.26,1508933.26,0,,,,
6,06/04/2012,0,71.6,3.891,223.0419298,5.964,1840131.19,1456073.24,384057.95,,,,
6,13/04/2012,0,71.29,3.891,223.1163529,5.964,1616394.45,1456073.24,160321.21,,,,
6,20/04/2012,0,68.64,3.877,223.17092,5.964,1456073.24,1456073.24,0,,,,
6,27/04/2012,0,71.5,3.814,223.2254871,5.964,1456221.1,1456221.1,0,,,,
6,04/05/2012,0,77.66,3.749,223.2800541,5.964,1543461.12,1543461.12,0,,,,
6,11/05/2012,0,72.66,3.688,223.3346212,5.964,1517075.67,1517075.67,0,,,,
6,18/05/2012,0,70.5,3.63,223.3511928,5.964,1513635.64,1513635.64,0,,,,
6,25/05/2012,0,78.47,3.561,223.3525662,5.964,1603793.42,1543461.12,60332.3,,,,
6,01/06/2012,0,80.39,3.501,223.3539397,5.964,1681121.38,1681121.38,0,,,,
6,08/06/2012,0,80.5,3.452,223.3553131,5.964,1696619.52,1696619.52,0,,,,
6,15/06/2012,0,82.1,3.393,223.3680933,5.964,1642247.48,1618272.25,23975.23,,,,
6,22/06/2012,0,81.2,3.346,223.4093906,5.964,1618272.25,1618272.25,0,,,,
6,29/06/2012,0,87.35,3.286,223.4506878,5.964,1648863.46,1648863.46,0,,,,
6,06/07/2012,0,82.95,3.227,223.4919851,5.668,1876359.39,1876359.39,0,,,,
6,13/07/2012,0,80.27,3.256,223.5332824,5.668,1588142.26,1876359.39,-288217.13,,,,
6,20/07/2012,0,81.57,3.311,223.5424501,5.668,1574361.97,1574361.97,0,,,,
6,27/07/2012,0,85.78,3.407,223.5516178,5.668,1513229.16,1513229.16,0,,,,
6,03/08/2012,0,87.55,3.417,223.5607856,5.668,1627274.93,1627274.93,0,,,,
6,10/08/2012,0,87.04,3.494,223.5699533,5.668,1588380.73,1543049.52,45331.21,,,,
6,17/08/2012,0,87.53,3.571,223.6510224,5.668,1543049.52,1543049.52,0,,,,
6,24/08/2012,0,79.03,3.62,223.7860175,5.668,1501095.49,1577439.81,-76344.32,,,,
6,31/08/2012,0,83.58,3.638,223.9210125,5.668,1577439.81,1577439.81,0,,,,
6,07/09/2012,1,86.33,3.73,224.0560076,5.668,1608077.01,1608077.01,0,,,,
6,14/09/2012,0,76.41,3.717,224.2004678,5.668,1375166.86,1375166.86,0,,,,
6,21/09/2012,0,70.81,3.721,224.4017192,5.668,1425603.65,1425603.65,0,,,,
6,28/09/2012,0,77.82,3.666,224.6029706,5.668,1369131.46,1543461.12,-174329.66,,,,
6,05/10/2012,0,70.84,3.617,224.804222,5.329,1518177.71,1518177.71,0,,,,
6,12/10/2012,0,65.43,3.601,225.0054733,5.329,1459396.84,1459396.84,0,,,,
6,19/10/2012,0,69.68,3.594,225.0501013,5.329,1436883.99,1513635.64,-76751.65,,,,
6,26/10/2012,0,72.34,3.506,225.0686254,5.329,1431426.34,1517075.67,-85649.33,,,,
7,05/02/2010,0,10.53,2.58,189.3816974,9.014,496725.44,524104.92,-27379.48,,,,
7,12/02/2010,1,25.9,2.572,189.4642725,9.014,524104.92,524104.92,0,,,,
7,19/02/2010,0,27.28,2.55,189.5340998,9.014,506760.54,506760.54,0,,,,
7,26/02/2010,0,24.91,2.586,189.6018023,9.014,496083.24,524104.92,-28021.68,,,,
7,05/03/2010,0,35.86,2.62,189.6695049,9.014,491419.55,491419.55,0,,,,
7,12/03/2010,0,27.25,2.684,189.7372075,9.014,480452.1,480452.1,0,,,,
7,19/03/2010,0,29.04,2.692,189.734262,9.014,574450.23,574450.23,0,,,,
7,26/03/2010,0,23.33,2.717,189.7195417,9.014,514731.6,553714.87,-38983.27,,,,
7,02/04/2010,0,38.26,2.725,189.7048215,8.963,561145.14,561145.14,0,,,,
7,09/04/2010,0,33.79,2.75,189.6901012,8.963,484263.25,373655.61,110607.64,,,,
7,16/04/2010,0,41.89,2.765,189.6628845,8.963,406228.19,406228.19,0,,,,
7,23/04/2010,0,43.07,2.776,189.6190057,8.963,404751.25,404751.25,0,,,,
7,30/04/2010,0,38.99,2.766,189.575127,8.963,373655.61,373655.61,0,,,,
7,07/05/2010,0,40.07,2.771,189.5312483,8.963,395453.83,395453.83,0,,,,
7,14/05/2010,0,41.41,2.788,189.4904116,8.963,372673.61,395195.65,-22522.04,,,,
7,21/05/2010,0,46.6,2.776,189.467827,8.963,395195.65,395195.65,0,,,,
7,28/05/2010,0,54.24,2.737,189.4452425,8.963,442734.55,442734.55,0,,,,
7,04/06/2010,0,53.63,2.7,189.422658,8.963,509183.22,509183.22,0,,,,
7,11/06/2010,0,63.59,2.684,189.4000734,8.963,498580.87,498580.87,0,,,,
7,18/06/2010,0,52.7,2.674,189.4185259,8.963,481144.09,481144.09,0,,,,
7,25/06/2010,0,59.94,2.715,189.4533931,8.963,553714.87,553714.87,0,,,,
7,02/07/2010,0,61.31,2.728,189.4882603,9.017,575570.77,575570.77,0,,,,
7,09/07/2010,0,58,2.711,189.5231276,9.017,593462.34,593462.34,0,,,,
7,16/07/2010,0,62.19,2.699,189.6125456,9.017,557166.35,557166.35,0,,,,
7,23/07/2010,0,64.64,2.691,189.774698,9.017,570231.21,570231.21,0,,,,
7,30/07/2010,0,66.07,2.69,189.9368504,9.017,603547.16,603547.16,0,,,,
7,06/08/2010,0,61.7,2.69,190.0990028,9.017,643854.17,643854.17,0,,,,
7,13/08/2010,0,60.13,2.723,190.2611552,9.017,598185.4,561145.14,37040.26,,,,
7,20/08/2010,0,59.59,2.732,190.2948237,9.017,582353.17,582353.17,0,,,,
7,27/08/2010,0,57.57,2.731,190.3284922,9.017,554309.24,582353.17,-28043.93,,,,
7,03/09/2010,0,49.84,2.773,190.3621607,9.017,532765.05,535769.32,-3004.27,,,,
7,10/09/2010,1,48.5,2.78,190.3958293,9.017,535769.32,535769.32,0,,,,
7,17/09/2010,0,48.56,2.8,190.4688287,9.017,489408.53,489408.53,0,,,,
7,24/09/2010,0,47.55,2.793,190.5713264,9.017,488008.83,489408.53,-1399.7,,,,
7,01/10/2010,0,49.99,2.759,190.6738241,9.137,448998.73,448998.73,0,,,,
7,08/10/2010,0,44.13,2.745,190.7763218,9.137,480239.88,480239.88,0,,,,
7,15/10/2010,0,35.86,2.762,190.8623087,9.137,463370.48,463370.48,0,,,,
7,22/10/2010,0,36.84,2.762,190.9070184,9.137,472450.81,463370.48,9080.33,,,,
7,29/10/2010,0,34.78,2.748,190.951728,9.137,465493.15,465493.15,0,,,,
7,05/11/2010,0,49.44,2.729,190.9964377,9.137,480512.44,480512.44,0,,,,
7,12/11/2010,0,22.12,2.737,191.0411474,9.137,507584.29,507584.29,0,,,,
7,19/11/2010,0,25.56,2.758,191.0312172,9.137,482528.36,482528.36,0,,,,
7,26/11/2010,1,17.95,2.742,191.0121805,9.137,835189.26,835189.26,0,,,,
7,03/12/2010,0,21.88,2.712,190.9931437,9.137,552811.62,552811.62,0,,,,
7,10/12/2010,0,24.24,2.728,190.9741069,9.137,599730.07,599730.07,0,,,,
7,17/12/2010,0,20.74,2.778,191.0303376,9.137,716388.81,716388.81,0,,,,
7,24/12/2010,0,26.04,2.781,191.1430189,9.137,1045124.88,1045124.88,0,,,,
7,31/12/2010,1,13.76,2.829,191.2557002,9.137,729572.08,729572.08,0,,,,
7,07/01/2011,0,10.09,2.882,191.3683815,8.818,661163.94,661163.94,0,,,,
7,14/01/2011,0,11.32,2.911,191.4784939,8.818,547384.9,547384.9,0,,,,
7,21/01/2011,0,25.4,2.973,191.5731924,8.818,521539.46,547384.9,-25845.44,,,,
7,28/01/2011,0,10.11,3.008,191.667891,8.818,513372.17,513372.17,0,,,,
7,04/02/2011,0,-2.06,3.011,191.7625895,8.818,558027.77,558027.77,0,,,,
7,11/02/2011,1,10.24,3.037,191.8572881,8.818,559903.13,559903.13,0,,,,
7,18/02/2011,0,17.3,3.051,191.9178331,8.818,572387.47,572387.47,0,,,,
7,25/02/2011,0,17.46,3.101,191.9647167,8.818,546690.84,546690.84,0,,,,
7,04/03/2011,0,21.84,3.232,192.0116004,8.818,551378.39,551378.39,0,,,,
7,11/03/2011,0,20.7,3.372,192.058484,8.818,558963.83,558963.83,0,,,,
7,18/03/2011,0,27.69,3.406,192.1237981,8.818,635014.69,635014.69,0,,,,
7,25/03/2011,0,25.69,3.414,192.1964844,8.818,559061.58,635014.69,-75953.11,,,,
7,01/04/2011,0,24.83,3.461,192.2691707,8.595,513409.67,513409.67,0,,,,
7,08/04/2011,0,30.64,3.532,192.3418571,8.595,500552.16,500552.16,0,,,,
7,15/04/2011,0,27.79,3.611,192.4225954,8.595,423380.14,423380.14,0,,,,
7,22/04/2011,0,31.84,3.636,192.5234638,8.595,466594.89,466594.89,0,,,,
7,29/04/2011,0,26.79,3.663,192.6243322,8.595,410429.73,466594.89,-56165.16,,,,
7,06/05/2011,0,26.54,3.735,192.7252006,8.595,407012.47,527339.52,-120327.05,,,,
7,13/05/2011,0,36.61,3.767,192.826069,8.595,414094.05,414094.05,0,,,,
7,20/05/2011,0,36.16,3.828,192.831317,8.595,424670.98,424670.98,0,,,,
7,27/05/2011,0,37.51,3.795,192.8365651,8.595,457216.87,424670.98,32545.89,,,,
7,03/06/2011,0,45.77,3.763,192.8418131,8.595,542295.37,542295.37,0,,,,
7,10/06/2011,0,53.3,3.735,192.8470612,8.595,621099.95,621099.95,0,,,,
7,17/06/2011,0,48.79,3.697,192.9034759,8.595,610991.35,610991.35,0,,,,
7,24/06/2011,0,46.85,3.661,192.9982655,8.595,640043.97,640043.97,0,,,,
7,01/07/2011,0,58.54,3.597,193.0930552,8.622,704344.21,704344.21,0,,,,
7,08/07/2011,0,59.08,3.54,193.1878448,8.622,761793.94,761793.94,0,,,,
7,15/07/2011,0,54.37,3.532,193.3125484,8.622,642748.21,642748.21,0,,,,
7,22/07/2011,0,56.22,3.545,193.5120367,8.622,688043.96,688043.96,0,,,,
7,29/07/2011,0,56.66,3.547,193.711525,8.622,653382.62,653382.62,0,,,,
7,05/08/2011,0,55.91,3.554,193.9110133,8.622,695392.84,695392.84,0,,,,
7,12/08/2011,0,54.56,3.542,194.1105017,8.622,670670.46,642748.21,27922.25,,,,
7,19/08/2011,0,56.06,3.499,194.2500634,8.622,645156.21,645156.21,0,,,,
7,26/08/2011,0,57.6,3.485,194.3796374,8.622,629994.47,645156.21,-15161.74,,,,
7,02/09/2011,0,53.4,3.511,194.5092113,8.622,592355.24,592355.24,0,,,,
7,09/09/2011,1,45.61,3.566,194.6387853,8.622,613135.23,613135.23,0,,,,
7,16/09/2011,0,43.67,3.596,194.7419707,8.622,558981.45,558981.45,0,,,,
7,23/09/2011,0,43.67,3.581,194.8099713,8.622,536144.81,558981.45,-22836.64,,,,
7,30/09/2011,0,47.34,3.538,194.8779718,8.622,488880.26,488880.26,0,,,,
7,07/10/2011,0,40.65,3.498,194.9459724,8.513,525866.36,525866.36,0,,,,
7,14/10/2011,0,32.65,3.491,195.0261012,8.513,501959.19,501959.19,0,,,,
7,21/10/2011,0,37.49,3.548,195.1789994,8.513,558691.43,525866.36,32825.07,,,,
7,28/10/2011,0,28.82,3.55,195.3318977,8.513,527339.52,527339.52,0,,,,
7,04/11/2011,0,23.41,3.527,195.4847959,8.513,564536.01,564536.01,0,,,,
7,11/11/2011,0,19.53,3.505,195.6376941,8.513,556015.59,556015.59,0,,,,
7,18/11/2011,0,29.53,3.479,195.7184713,8.513,539826.56,539826.56,0,,,,
7,25/11/2011,1,27.6,3.424,195.7704,8.513,949075.87,949075.87,0,,,,
7,02/12/2011,0,20.38,3.378,195.8223287,8.513,591907.88,591907.88,0,,,,
7,09/12/2011,0,11.17,3.331,195.8742575,8.513,653845.45,653845.45,0,,,,
7,16/12/2011,0,15.2,3.266,195.9841685,8.513,720242.19,720242.19,0,,,,
7,23/12/2011,0,12.19,3.173,196.1713893,8.513,1059715.27,1059715.27,0,,,,
7,30/12/2011,1,15.56,3.119,196.3586101,8.513,815915.52,815915.52,0,,,,
7,06/01/2012,0,18.67,3.095,196.5458309,8.256,713117.66,563460.77,149656.89,,,,
7,13/01/2012,0,7.46,3.077,196.7330517,8.256,593875.46,593875.46,0,,,,
7,20/01/2012,0,27.41,3.055,196.7796652,8.256,578002.85,578002.85,0,,,,
7,27/01/2012,0,26.9,3.038,196.8262786,8.256,541037.98,620908.18,-79870.2,,,,
7,03/02/2012,0,22.2,3.031,196.8728921,8.256,580453.32,580453.32,0,,,,
7,10/02/2012,1,18.79,3.103,196.9195056,8.256,563460.77,563460.77,0,,,,
7,17/02/2012,0,27.03,3.113,196.9432711,8.256,620908.18,620908.18,0,,,,
7,24/02/2012,0,24.41,3.129,196.9499007,8.256,603041.14,620908.18,-17867.04,,,,
7,02/03/2012,0,21.64,3.191,196.9565303,8.256,551058.13,551058.13,0,,,,
7,09/03/2012,0,30.1,3.286,196.9631599,8.256,579166.5,579166.5,0,,,,
7,16/03/2012,0,37.29,3.486,197.0457208,8.256,669205.73,579166.5,90039.23,,,,
7,23/03/2012,0,35.06,3.664,197.2295234,8.256,615997.29,615997.29,0,,,,
7,30/03/2012,0,44.99,3.75,197.4133259,8.256,583322.2,583322.2,0,,,,
7,06/04/2012,0,44.29,3.854,197.5971285,8.09,621425.98,532739.77,88686.21,,,,
7,13/04/2012,0,41.43,3.901,197.780931,8.09,517420.23,457340.06,60080.17,,,,
7,20/04/2012,0,39.3,3.936,197.7227385,8.09,457340.06,457340.06,0,,,,
7,27/04/2012,0,51.49,3.927,197.664546,8.09,467827.75,426959.62,40868.13,,,,
7,04/05/2012,0,45.38,3.903,197.6063534,8.09,465198.89,465198.89,0,,,,
7,11/05/2012,0,48.54,3.87,197.5481609,8.09,460397.41,468428.3,-8030.89,,,,
7,18/05/2012,0,49.41,3.837,197.5553137,8.09,468428.3,468428.3,0,,,,
7,25/05/2012,0,50.6,3.804,197.5886046,8.09,532739.77,532739.77,0,,,,
7,01/06/2012,0,55.06,3.764,197.6218954,8.09,598495.02,530842.25,67652.77,,,,
7,08/06/2012,0,63.07,3.741,197.6551863,8.09,642963.75,642963.75,0,,,,
7,15/06/2012,0,59.33,3.723,197.692292,8.09,666942.02,666942.02,0,,,,
7,22/06/2012,0,63.69,3.735,197.7389345,8.09,687344.68,687344.68,0,,,,
7,29/06/2012,0,68.84,3.693,197.785577,8.09,704335.41,704335.41,0,,,,
7,06/07/2012,0,64.67,3.646,197.8322195,7.872,805642.61,805642.61,0,,,,
7,13/07/2012,0,64.21,3.613,197.8788621,7.872,694150.89,694150.89,0,,,,
7,20/07/2012,0,62.87,3.585,197.9290378,7.872,686345.69,686345.69,0,,,,
7,27/07/2012,0,64.6,3.57,197.9792136,7.872,686365.4,686365.4,0,,,,
7,03/08/2012,0,61.83,3.528,198.0293893,7.872,680954.81,680954.81,0,,,,
7,10/08/2012,0,63.41,3.509,198.0795651,7.872,675926.3,675926.3,0,,,,
7,17/08/2012,0,59.66,3.545,198.1001057,7.872,642450.4,642450.4,0,,,,
7,24/08/2012,0,59.27,3.558,198.0984199,7.872,609099.37,609099.37,0,,,,
7,31/08/2012,0,60.46,3.556,198.0967341,7.872,586467.16,586467.16,0,,,,
7,07/09/2012,1,57.84,3.596,198.0950484,7.872,597876.55,597876.55,0,,,,
7,14/09/2012,0,53.66,3.659,198.1267184,7.872,541120.2,541120.2,0,,,,
7,21/09/2012,0,51.77,3.765,198.358523,7.872,530842.25,530842.25,0,,,,
7,28/09/2012,0,50.64,3.789,198.5903276,7.872,525545.76,525545.76,0,,,,
7,05/10/2012,0,48.43,3.779,198.8221322,7.557,505830.56,505830.56,0,,,,
7,12/10/2012,0,41.43,3.76,199.0539368,7.557,503463.93,503463.93,0,,,,
7,19/10/2012,0,43.01,3.75,199.1481963,7.557,516424.83,516424.83,0,,,,
7,26/10/2012,0,42.53,3.686,199.2195317,7.557,495543.28,516424.83,-20881.55,,,,
8,05/02/2010,0,34.14,2.572,214.4714512,6.299,1004137.09,1004137.09,0,,,,
8,12/02/2010,1,33.34,2.548,214.6214189,6.299,994801.4,994801.4,0,,,,
8,19/02/2010,0,39.1,2.514,214.6664878,6.299,963960.37,963960.37,0,,,,
8,26/02/2010,0,37.91,2.561,214.6940735,6.299,847592.11,847592.11,0,,,,
8,05/03/2010,0,45.64,2.625,214.7216592,6.299,881503.95,881503.95,0,,,,
8,12/03/2010,0,49.76,2.667,214.7492449,6.299,860336.16,860336.16,0,,,,
8,19/03/2010,0,47.26,2.72,214.5764954,6.299,839911,963960.37,-124049.37,,,,
8,26/03/2010,0,46.51,2.732,214.3703567,6.299,772539.12,963960.37,-191421.25,,,,
8,02/04/2010,0,60.18,2.719,214.164218,6.29,914500.91,868041.56,46459.35,,,,
8,09/04/2010,0,59.25,2.77,213.9580793,6.29,916033.92,916033.92,0,,,,
8,16/04/2010,0,62.66,2.808,213.8186357,6.29,882917.12,882917.12,0,,,,
8,23/04/2010,0,56.1,2.795,213.768119,6.29,850440.26,850440.26,0,,,,
8,30/04/2010,0,61.01,2.78,213.7176024,6.29,778672.64,778672.64,0,,,,
8,07/05/2010,0,62.68,2.835,213.6670857,6.29,916820.96,916820.96,0,,,,
8,14/05/2010,0,61.35,2.854,213.6655355,6.29,873337.84,873337.84,0,,,,
8,21/05/2010,0,66.03,2.826,213.9577839,6.29,818333.21,818333.21,0,,,,
8,28/05/2010,0,74.71,2.759,214.2500323,6.29,868041.56,868041.56,0,,,,
8,04/06/2010,0,75.71,2.705,214.5422806,6.29,958225.41,958225.41,0,,,,
8,11/06/2010,0,82.21,2.668,214.834529,6.29,914835.86,914835.86,0,,,,
8,18/06/2010,0,78.79,2.637,214.8324452,6.29,869922.56,869922.56,0,,,,
8,25/06/2010,0,81.78,2.653,214.7126286,6.29,814919.11,814919.11,0,,,,
8,02/07/2010,0,74.78,2.669,214.5928119,6.315,852333.75,852333.75,0,,,,
8,09/07/2010,0,72.49,2.642,214.4729952,6.315,845289.77,845289.77,0,,,,
8,16/07/2010,0,77.49,2.623,214.4640599,6.315,848630.57,848630.57,0,,,,
8,23/07/2010,0,78.29,2.608,214.6029664,6.315,785515.88,785515.88,0,,,,
8,30/07/2010,0,76.02,2.64,214.7418728,6.315,787295.09,787295.09,0,,,,
8,06/08/2010,0,80.37,2.627,214.8807793,6.315,893399.77,893399.77,0,,,,
8,13/08/2010,0,80.11,2.692,215.0196857,6.315,867919.21,867919.21,0,,,,
8,20/08/2010,0,79.36,2.664,214.9779825,6.315,870676.44,870676.44,0,,,,
8,27/08/2010,0,74.92,2.619,214.9362793,6.315,888816.78,888816.78,0,,,,
8,03/09/2010,0,76.14,2.577,214.894576,6.315,899036.47,899036.47,0,,,,
8,10/09/2010,1,74.34,2.565,214.8528728,6.315,831425.2,831425.2,0,,,,
8,17/09/2010,0,75.32,2.582,214.8785562,6.315,836707.85,836707.85,0,,,,
8,24/09/2010,0,72.21,2.624,214.9547795,6.315,773725.08,773725.08,0,,,,
8,01/10/2010,0,68.7,2.603,215.0310029,6.433,804105.49,804105.49,0,,,,
8,08/10/2010,0,62.94,2.633,215.1072262,6.433,870349.86,870349.86,0,,,,
8,15/10/2010,0,62.59,2.72,215.1757,6.433,826546.96,826546.96,0,,,,
8,22/10/2010,0,62.86,2.725,215.2248,6.433,836419.14,826546.96,9872.18,,,,
8,29/10/2010,0,57.93,2.716,215.2739,6.433,830756.76,830756.76,0,,,,
8,05/11/2010,0,55.76,2.689,215.323,6.433,927266.34,927266.34,0,,,,
8,12/11/2010,0,54.89,2.728,215.3721,6.433,911538.98,911538.98,0,,,,
8,19/11/2010,0,43.86,2.771,215.2538714,6.433,885608.04,885608.04,0,,,,
8,26/11/2010,1,51.07,2.735,215.1077548,6.433,1261693.16,1261693.16,0,,,,
8,03/12/2010,0,42.85,2.708,214.9616381,6.433,952766.93,952766.93,0,,,,
8,10/12/2010,0,42.47,2.843,214.8155214,6.433,1069061.63,1069061.63,0,,,,
8,17/12/2010,0,45.03,2.869,214.7510843,6.433,1220579.55,1220579.55,0,,,,
8,24/12/2010,0,45.67,2.886,214.7479069,6.433,1511641.09,1511641.09,0,,,,
8,31/12/2010,1,41.47,2.943,214.7447295,6.433,773586.49,773586.49,0,,,,
8,07/01/2011,0,35.77,2.976,214.7415521,6.262,873065.23,873065.23,0,,,,
8,14/01/2011,0,31.62,2.983,214.7930991,6.262,809646.66,809646.66,0,,,,
8,21/01/2011,0,42.06,3.016,215.1729926,6.262,822668.23,822668.23,0,,,,
8,28/01/2011,0,39.26,3.01,215.5528862,6.262,782256.66,782256.66,0,,,,
8,04/02/2011,0,24.48,2.989,215.9327797,6.262,944594.78,944594.78,0,,,,
8,11/02/2011,1,28.26,3.022,216.3126733,6.262,996147.39,996147.39,0,,,,
8,18/02/2011,0,50.64,3.045,216.6310383,6.262,1065108.64,1065108.64,0,,,,
8,25/02/2011,0,51.29,3.065,216.9247918,6.262,917317.15,1065108.64,-147791.49,,,,
8,04/03/2011,0,53.18,3.288,217.2185454,6.262,935266.43,935266.43,0,,,,
8,11/03/2011,0,49.14,3.459,217.512299,6.262,900387.29,900387.29,0,,,,
8,18/03/2011,0,56.68,3.488,217.7705442,6.262,898289.14,898289.14,0,,,,
8,25/03/2011,0,59.74,3.473,218.0145862,6.262,827968.36,827968.36,0,,,,
8,01/04/2011,0,49.86,3.524,218.2586281,6.297,878762.3,878762.3,0,,,,
8,08/04/2011,0,65.62,3.622,218.50267,6.297,949825.83,949825.83,0,,,,
8,15/04/2011,0,63.55,3.743,218.7262524,6.297,908278.74,908278.74,0,,,,
8,22/04/2011,0,65.11,3.807,218.8986857,6.297,937473.13,937473.13,0,,,,
8,29/04/2011,0,62.29,3.81,219.071119,6.297,855014.77,855014.77,0,,,,
8,06/05/2011,0,58.92,3.906,219.2435524,6.297,941457.34,941457.34,0,,,,
8,13/05/2011,0,72.96,3.899,219.4159857,6.297,895763.41,895763.41,0,,,,
8,20/05/2011,0,65.54,3.907,219.1746922,6.297,836049.89,836049.89,0,,,,
8,27/05/2011,0,73.14,3.786,218.9333986,6.297,857939.41,857939.41,0,,,,
8,03/06/2011,0,82.05,3.699,218.6921051,6.297,929222.16,949825.83,-20603.67,,,,
8,10/06/2011,0,82.21,3.648,218.4508115,6.297,897309.41,897309.41,0,,,,
8,17/06/2011,0,84.73,3.637,218.4021448,6.297,922048.41,864881.24,57167.17,,,,
8,24/06/2011,0,83.94,3.594,218.4979481,6.297,864881.24,864881.24,0,,,,
8,01/07/2011,0,87.26,3.524,218.5937514,6.425,883683.35,883683.35,0,,,,
8,08/07/2011,0,83.57,3.48,218.6895548,6.425,861965.12,861965.12,0,,,,
8,15/07/2011,0,84.26,3.575,218.7746217,6.425,849925.37,849925.37,0,,,,
8,22/07/2011,0,85.46,3.651,218.8328475,6.425,829902.42,829902.42,0,,,,
8,29/07/2011,0,86.46,3.682,218.8910733,6.425,807082.19,807082.19,0,,,,
8,05/08/2011,0,85.15,3.684,218.9492991,6.425,892393.77,807082.19,85311.58,,,,
8,12/08/2011,0,86.05,3.638,219.0075249,6.425,856796.1,856796.1,0,,,,
8,19/08/2011,0,82.92,3.554,219.0701968,6.425,895066.5,895066.5,0,,,,
8,26/08/2011,0,84.69,3.523,219.1336097,6.425,912542.82,912542.82,0,,,,
8,02/09/2011,0,84.77,3.533,219.1970226,6.425,891387.14,891387.14,0,,,,
8,09/09/2011,1,69.01,3.546,219.2604355,6.425,848358.09,848358.09,0,,,,
8,16/09/2011,0,69.09,3.526,219.4442443,6.425,870971.82,848358.09,22613.73,,,,
8,23/09/2011,0,68.72,3.467,219.788581,6.425,806444.29,806444.29,0,,,,
8,30/09/2011,0,72.2,3.355,220.1329176,6.425,809049.37,809049.37,0,,,,
8,07/10/2011,0,67.61,3.285,220.4772543,6.123,929976.55,929976.55,0,,,,
8,14/10/2011,0,61.74,3.274,220.7960935,6.123,863188.26,863188.26,0,,,,
8,21/10/2011,0,59.97,3.353,220.9619484,6.123,905984.49,905984.49,0,,,,
8,28/10/2011,0,56.86,3.372,221.1278032,6.123,876712.31,876712.31,0,,,,
8,04/11/2011,0,49.68,3.332,221.2936581,6.123,947815.05,947815.05,0,,,,
8,11/11/2011,0,50.56,3.297,221.4595129,6.123,917088.48,917088.48,0,,,,
8,18/11/2011,0,51.72,3.308,221.6911738,6.123,897032.19,897032.19,0,,,,
8,25/11/2011,1,49.61,3.236,221.9491571,6.123,1235163.86,1235163.86,0,,,,
8,02/12/2011,0,40.82,3.172,222.2071405,6.123,986601.46,986601.46,0,,,,
8,09/12/2011,0,30.51,3.158,222.4651238,6.123,1051922.95,1051922.95,0,,,,
8,16/12/2011,0,39.79,3.159,222.6910959,6.123,1118163.94,1118163.94,0,,,,
8,23/12/2011,0,38.16,3.112,222.8743862,6.123,1462254.05,1051922.95,410331.1,,,,
8,30/12/2011,1,36.33,3.129,223.0576765,6.123,858572.22,1235163.86,-376591.64,,,,
8,06/01/2012,0,43.47,3.157,223.2409668,5.825,872113.23,872113.23,0,,,,
8,13/01/2012,0,36.46,3.261,223.4242571,5.825,817661.76,817661.76,0,,,,
8,20/01/2012,0,46.81,3.268,223.5188055,5.825,813954.82,813954.82,0,,,,
8,27/01/2012,0,45.52,3.29,223.6133539,5.825,778178.53,778178.53,0,,,,
8,03/02/2012,0,45.56,3.36,223.7079023,5.825,927610.69,927610.69,0,,,,
8,10/02/2012,1,35.71,3.409,223.8024507,5.825,1021400.42,1235163.86,-213763.44,,,,
8,17/02/2012,0,37.51,3.51,223.9658621,5.825,1096232.89,1096232.89,0,,,,
8,24/02/2012,0,46.33,3.555,224.1809207,5.825,928537.54,928537.54,0,,,,
8,02/03/2012,0,50.95,3.63,224.3959793,5.825,952264.91,952264.91,0,,,,
8,09/03/2012,0,49.59,3.669,224.6110379,5.825,960115.56,960115.56,0,,,,
8,16/03/2012,0,56.63,3.734,224.7657327,5.825,921178.39,921178.39,0,,,,
8,23/03/2012,0,52.9,3.787,224.8399424,5.825,874223.25,874223.25,0,,,,
8,30/03/2012,0,66.69,3.845,224.9141521,5.825,905935.29,905935.29,0,,,,
8,06/04/2012,0,62.18,3.891,224.9883618,5.679,1046816.59,1046816.59,0,,,,
8,13/04/2012,0,65.19,3.891,225.0625714,5.679,909989.45,909989.45,0,,,,
8,20/04/2012,0,63.59,3.877,225.1179914,5.679,872288.46,872288.46,0,,,,
8,27/04/2012,0,70.34,3.814,225.1734114,5.679,879448.25,879448.25,0,,,,
8,04/05/2012,0,73.96,3.749,225.2288314,5.679,937232.09,937232.09,0,,,,
8,11/05/2012,0,64.96,3.688,225.2842514,5.679,920128.89,920128.89,0,,,,
8,18/05/2012,0,64.16,3.63,225.3002908,5.679,913922.01,913922.01,0,,,,
8,25/05/2012,0,76.11,3.561,225.3005779,5.679,895157.44,895157.44,0,,,,
8,01/06/2012,0,78.31,3.501,225.300865,5.679,921161.2,921161.2,0,,,,
8,08/06/2012,0,74.28,3.452,225.3011521,5.679,928820,928820,0,,,,
8,15/06/2012,0,77.14,3.393,225.3134743,5.679,916918.7,916918.7,0,,,,
8,22/06/2012,0,78.85,3.346,225.3558843,5.679,899449.65,899449.65,0,,,,
8,29/06/2012,0,84.47,3.286,225.3982943,5.679,878298.22,878298.22,0,,,,
8,06/07/2012,0,81.24,3.227,225.4407043,5.401,936205.5,936205.5,0,,,,
8,13/07/2012,0,78.46,3.256,225.4831143,5.401,890488.01,890488.01,0,,,,
8,20/07/2012,0,79.94,3.311,225.4930078,5.401,888834.07,890488.01,-1653.94,,,,
8,27/07/2012,0,81.71,3.407,225.5029014,5.401,838227.52,838227.52,0,,,,
8,03/08/2012,0,85.06,3.417,225.5127949,5.401,897076.73,897076.73,0,,,,
8,10/08/2012,0,83.74,3.494,225.5226885,5.401,930745.69,930745.69,0,,,,
8,17/08/2012,0,81.21,3.571,225.6050797,5.401,896613.19,895157.44,1455.75,,,,
8,24/08/2012,0,73.77,3.62,225.7418442,5.401,936373.65,936373.65,0,,,,
8,31/08/2012,0,75.33,3.638,225.8786088,5.401,976137.73,976137.73,0,,,,
8,07/09/2012,1,80.87,3.73,226.0153733,5.401,932160.37,932160.37,0,,,,
8,14/09/2012,0,67.21,3.717,226.1615981,5.401,883569.38,920128.89,-36559.51,,,,
8,21/09/2012,0,66.96,3.721,226.3645848,5.401,857796.45,920128.89,-62332.44,,,,
8,28/09/2012,0,71.1,3.666,226.5675714,5.401,884724.41,920128.89,-35404.48,,,,
8,05/10/2012,0,61.41,3.617,226.7705581,5.124,976436.02,976436.02,0,,,,
8,12/10/2012,0,55.03,3.601,226.9735448,5.124,927511.99,874223.25,53288.74,,,,
8,19/10/2012,0,62.99,3.594,227.0184166,5.124,900309.75,900309.75,0,,,,
8,26/10/2012,0,64.74,3.506,227.0369359,5.124,891671.44,891671.44,0,,,,
9,05/02/2010,0,38.01,2.572,214.6554591,6.415,549505.55,549505.55,0,,,,
9,12/02/2010,1,37.08,2.548,214.8056534,6.415,552677.48,552677.48,0,,,,
9,19/02/2010,0,43.06,2.514,214.8506185,6.415,511327.9,511327.9,0,,,,
9,26/02/2010,0,43.83,2.561,214.8780453,6.415,473773.27,511327.9,-37554.63,,,,
9,05/03/2010,0,48.43,2.625,214.9054721,6.415,507297.88,507297.88,0,,,,
9,12/03/2010,0,55.76,2.667,214.932899,6.415,494145.8,494145.8,0,,,,
9,19/03/2010,0,53.15,2.72,214.7597274,6.415,485744.61,484946.56,798.05,,,,
9,26/03/2010,0,51.8,2.732,214.5531227,6.415,484946.56,484946.56,0,,,,
9,02/04/2010,0,65.21,2.719,214.3465181,6.384,545206.32,545206.32,0,,,,
9,09/04/2010,0,64.95,2.77,214.1399135,6.384,529384.31,529384.31,0,,,,
9,16/04/2010,0,66.09,2.808,214.0001817,6.384,485764.32,488683.57,-2919.25,,,,
9,23/04/2010,0,61.26,2.795,213.9496138,6.384,488683.57,488683.57,0,,,,
9,30/04/2010,0,66.07,2.78,213.8990459,6.384,491723.42,491723.42,0,,,,
9,07/05/2010,0,68.58,2.835,213.848478,6.384,526128.61,526128.61,0,,,,
9,14/05/2010,0,70.53,2.854,213.8469819,6.384,492792.8,526128.61,-33335.81,,,,
9,21/05/2010,0,71.5,2.826,214.1399162,6.384,506274.94,506274.94,0,,,,
9,28/05/2010,0,77.12,2.759,214.4328505,6.384,558143.53,558143.53,0,,,,
9,04/06/2010,0,79.65,2.705,214.7257848,6.384,586061.46,586061.46,0,,,,
9,11/06/2010,0,83.75,2.668,215.0187191,6.384,522715.68,499325.38,23390.3,,,,
9,18/06/2010,0,82.99,2.637,215.0166484,6.384,513073.87,509263.28,3810.59,,,,
9,25/06/2010,0,85.02,2.653,214.8965756,6.384,509263.28,509263.28,0,,,,
9,02/07/2010,0,78.55,2.669,214.7765028,6.442,528832.54,485389.15,43443.39,,,,
9,09/07/2010,0,78.51,2.642,214.6564301,6.442,485389.15,485389.15,0,,,,
9,16/07/2010,0,82.93,2.623,214.6474453,6.442,474030.51,462676.5,11354.01,,,,
9,23/07/2010,0,84.49,2.608,214.7865779,6.442,462676.5,462676.5,0,,,,
9,30/07/2010,0,79.83,2.64,214.9257105,6.442,468675.19,468675.19,0,,,,
9,06/08/2010,0,87.09,2.627,215.064843,6.442,522815.45,522815.45,0,,,,
9,13/08/2010,0,86.85,2.692,215.2039756,6.442,481897.98,481897.98,0,,,,
9,20/08/2010,0,86.3,2.664,215.1619646,6.442,499325.38,499325.38,0,,,,
9,27/08/2010,0,84.01,2.619,215.1199536,6.442,506789.66,506789.66,0,,,,
9,03/09/2010,0,82.47,2.577,215.0779426,6.442,511049.06,511049.06,0,,,,
9,10/09/2010,1,77.7,2.565,215.0359315,6.442,484835.2,484835.2,0,,,,
9,17/09/2010,0,81.19,2.582,215.0615285,6.442,463448.59,463448.59,0,,,,
9,24/09/2010,0,77.15,2.624,215.1378313,6.442,452905.22,452905.22,0,,,,
9,01/10/2010,0,69.08,2.603,215.2141341,6.56,495692.19,505069.21,-9377.02,,,,
9,08/10/2010,0,65.35,2.633,215.290437,6.56,505069.21,505069.21,0,,,,
9,15/10/2010,0,67.36,2.72,215.3589917,6.56,454769.68,454769.68,0,,,,
9,22/10/2010,0,69.99,2.725,215.4081762,6.56,466322.76,466322.76,0,,,,
9,29/10/2010,0,64.43,2.716,215.4573607,6.56,508801.61,508801.61,0,,,,
9,05/11/2010,0,58.69,2.689,215.5065452,6.56,517869.97,517869.97,0,,,,
9,12/11/2010,0,61.59,2.728,215.5557297,6.56,520846.68,520846.68,0,,,,
9,19/11/2010,0,49.96,2.771,215.4372854,6.56,519823.3,519823.3,0,,,,
9,26/11/2010,1,60.18,2.735,215.2909028,6.56,768070.53,768070.53,0,,,,
9,03/12/2010,0,49.89,2.708,215.1445203,6.56,578164.82,586061.46,-7896.64,,,,
9,10/12/2010,0,46.1,2.843,214.9981378,6.56,618121.82,458086.69,160035.13,,,,
9,17/12/2010,0,49.7,2.869,214.9334937,6.56,685243.2,685243.2,0,,,,
9,24/12/2010,0,50.93,2.886,214.9301534,6.56,873347.55,466322.76,407024.79,,,,
9,31/12/2010,1,45.92,2.943,214.9268131,6.56,459770.85,768070.53,-308299.68,,,,
9,07/01/2011,0,41.82,2.976,214.9234729,6.416,490981.78,490981.78,0,,,,
9,14/01/2011,0,36.43,2.983,214.9749587,6.416,458086.69,458086.69,0,,,,
9,21/01/2011,0,44.72,3.016,215.3554013,6.416,454021.69,454021.69,0,,,,
9,28/01/2011,0,43.9,3.01,215.7358438,6.416,463561.48,463561.48,0,,,,
9,04/02/2011,0,31.82,2.989,216.1162864,6.416,544612.28,463561.48,81050.8,,,,
9,11/02/2011,1,34.13,3.022,216.496729,6.416,555279.02,555279.02,0,,,,
9,18/02/2011,0,58.5,3.045,216.8154856,6.416,610985.56,610985.56,0,,,,
9,25/02/2011,0,59.01,3.065,217.1095679,6.416,513107.2,513107.2,0,,,,
9,04/03/2011,0,60.67,3.288,217.4036503,6.416,542016.18,542016.18,0,,,,
9,11/03/2011,0,54.75,3.459,217.6977326,6.416,517783.5,517783.5,0,,,,
9,18/03/2011,0,63.82,3.488,217.9563371,6.416,515226.11,515226.11,0,,,,
9,25/03/2011,0,68.79,3.473,218.2007506,6.416,497488.4,497488.4,0,,,,
9,01/04/2011,0,56.12,3.524,218.445164,6.38,520962.14,548527.49,-27565.35,,,,
9,08/04/2011,0,71.4,3.622,218.6895775,6.38,561625.92,561625.92,0,,,,
9,15/04/2011,0,71.9,3.743,218.9134935,6.38,528420.28,528420.28,0,,,,
9,22/04/2011,0,72.35,3.807,219.0861659,6.38,549502.11,549502.11,0,,,,
9,29/04/2011,0,70.85,3.81,219.2588382,6.38,532226.2,532226.2,0,,,,
9,06/05/2011,0,62.2,3.906,219.4315106,6.38,545251.1,518266.9,26984.2,,,,
9,13/05/2011,0,77.66,3.899,219.6041829,6.38,539126,539126,0,,,,
9,20/05/2011,0,70.49,3.907,219.3622809,6.38,518266.9,518266.9,0,,,,
9,27/05/2011,0,80.42,3.786,219.1203788,6.38,553834.04,539126,14708.04,,,,
9,03/06/2011,0,85.8,3.699,218.8784768,6.38,587004.29,587004.29,0,,,,
9,10/06/2011,0,85.81,3.648,218.6365747,6.38,550076.32,558671.14,-8594.82,,,,
9,17/06/2011,0,89.15,3.637,218.5877333,6.38,558671.14,558671.14,0,,,,
9,24/06/2011,0,86.74,3.594,218.6836874,6.38,538745.93,561625.92,-22879.99,,,,
9,01/07/2011,0,89.14,3.524,218.7796415,6.404,537064.03,537064.03,0,,,,
9,08/07/2011,0,89.04,3.48,218.8755955,6.404,535983.13,535983.13,0,,,,
9,15/07/2011,0,90.45,3.575,218.9607242,6.404,512834.04,512834.04,0,,,,
9,22/07/2011,0,89.08,3.651,219.0187895,6.404,491449.94,491449.94,0,,,,
9,29/07/2011,0,91.1,3.682,219.0768548,6.404,471449.98,471449.98,0,,,,
9,05/08/2011,0,91.52,3.684,219.1349201,6.404,554879.67,471449.98,83429.69,,,,
9,12/08/2011,0,91.63,3.638,219.1929854,6.404,520284.79,520284.79,0,,,,
9,19/08/2011,0,85.8,3.554,219.2556109,6.404,540819.44,540819.44,0,,,,
9,26/08/2011,0,88.95,3.523,219.3189965,6.404,542663.53,544643.33,-1979.8,,,,
9,02/09/2011,0,89.33,3.533,219.382382,6.404,544643.33,544643.33,0,,,,
9,09/09/2011,1,75.65,3.546,219.4457675,6.404,528784.86,528784.86,0,,,,
9,16/09/2011,0,77.95,3.526,219.6297841,6.404,500274.03,506743.78,-6469.75,,,,
9,23/09/2011,0,74.42,3.467,219.9746423,6.404,506743.78,506743.78,0,,,,
9,30/09/2011,0,78.45,3.355,220.3195004,6.404,508567.04,508567.04,0,,,,
9,07/10/2011,0,72.62,3.285,220.6643585,6.054,553836.98,557075.21,-3238.23,,,,
9,14/10/2011,0,67.27,3.274,220.9836849,6.054,529515.66,536537.64,-7021.98,,,,
9,21/10/2011,0,65.46,3.353,221.1498206,6.054,557075.21,557075.21,0,,,,
9,28/10/2011,0,63.96,3.372,221.3159563,6.054,548527.49,548527.49,0,,,,
9,04/11/2011,0,54.46,3.332,221.4820921,6.054,597855.07,597855.07,0,,,,
9,11/11/2011,0,58.28,3.297,221.6482278,6.054,594574.12,594574.12,0,,,,
9,18/11/2011,0,58.8,3.308,221.8803923,6.054,542414.27,542414.27,0,,,,
9,25/11/2011,1,54.32,3.236,222.1389683,6.054,814753.5,814753.5,0,,,,
9,02/12/2011,0,46.84,3.172,222.3975443,6.054,613115.21,613115.21,0,,,,
9,09/12/2011,0,37.65,3.158,222.6561203,6.054,630327.28,705557.97,-75230.69,,,,
9,16/12/2011,0,47.31,3.159,222.8825484,6.054,705557.97,705557.97,0,,,,
9,23/12/2011,0,44.43,3.112,223.0661125,6.054,905324.68,905324.68,0,,,,
9,30/12/2011,1,43.41,3.129,223.2496766,6.054,549788.36,549788.36,0,,,,
9,06/01/2012,0,47.54,3.157,223.4332408,5.667,519585.67,519585.67,0,,,,
9,13/01/2012,0,42.44,3.261,223.6168049,5.667,474964.6,474964.6,0,,,,
9,20/01/2012,0,51.56,3.268,223.7114288,5.667,480130.04,480130.04,0,,,,
9,27/01/2012,0,49.38,3.29,223.8060527,5.667,482451.21,549967.89,-67516.68,,,,
9,03/02/2012,0,54.43,3.36,223.9006766,5.667,549967.89,549967.89,0,,,,
9,10/02/2012,1,44.03,3.409,223.9953006,5.667,609736.12,658965.05,-49228.93,,,,
9,17/02/2012,0,43.81,3.51,224.1588663,5.667,658965.05,658965.05,0,,,,
9,24/02/2012,0,53.67,3.555,224.3741384,5.667,563578.79,563578.79,0,,,,
9,02/03/2012,0,57.2,3.63,224.5894104,5.667,619498.28,619498.28,0,,,,
9,09/03/2012,0,54.03,3.669,224.8046825,5.667,574955.95,574955.95,0,,,,
9,16/03/2012,0,59.94,3.734,224.9594902,5.667,550373.57,592572.3,-42198.73,,,,
9,23/03/2012,0,58.79,3.787,225.0336786,5.667,550791.32,550791.32,0,,,,
9,30/03/2012,0,67.87,3.845,225.107867,5.667,574985.37,574985.37,0,,,,
9,06/04/2012,0,68.83,3.891,225.1820555,5.539,677885.99,677885.99,0,,,,
9,13/04/2012,0,69.19,3.891,225.2562439,5.539,578539.86,578539.86,0,,,,
9,20/04/2012,0,68.04,3.877,225.3117488,5.539,542819.03,542819.03,0,,,,
9,27/04/2012,0,73.07,3.814,225.3672537,5.539,550414.99,550414.99,0,,,,
9,04/05/2012,0,78.98,3.749,225.4227585,5.539,586289.08,586289.08,0,,,,
9,11/05/2012,0,70.94,3.688,225.4782634,5.539,592572.3,592572.3,0,,,,
9,18/05/2012,0,69.52,3.63,225.4942498,5.539,571463.93,571463.93,0,,,,
9,25/05/2012,0,79.69,3.561,225.4944288,5.539,547226,547226,0,,,,
9,01/06/2012,0,80.26,3.501,225.4946078,5.539,583648.59,583648.59,0,,,,
9,08/06/2012,0,78.91,3.452,225.4947868,5.539,582525.42,582525.42,0,,,,
9,15/06/2012,0,82.21,3.393,225.5070634,5.539,564606.1,564606.1,0,,,,
9,22/06/2012,0,81.05,3.346,225.5495841,5.539,562173.12,562173.12,0,,,,
9,29/06/2012,0,87.18,3.286,225.5921049,5.539,544770.7,544770.7,0,,,,
9,06/07/2012,0,84.15,3.227,225.6346256,5.277,578790.36,578790.36,0,,,,
9,13/07/2012,0,82.39,3.256,225.6771463,5.277,536537.64,536537.64,0,,,,
9,20/07/2012,0,83.39,3.311,225.6871121,5.277,513991.57,513991.57,0,,,,
9,27/07/2012,0,86.41,3.407,225.6970779,5.277,495951,495951,0,,,,
9,03/08/2012,0,90.23,3.417,225.7070437,5.277,533887.54,533887.54,0,,,,
9,10/08/2012,0,88.66,3.494,225.7170094,5.277,538713.47,538713.47,0,,,,
9,17/08/2012,0,86.37,3.571,225.7995323,5.277,535153.47,535153.47,0,,,,
9,24/08/2012,0,77.9,3.62,225.9364729,5.277,572887.78,572887.78,0,,,,
9,31/08/2012,0,80.71,3.638,226.0734135,5.277,576879.15,576879.15,0,,,,
9,07/09/2012,1,87.93,3.73,226.2103541,5.277,565812.29,565812.29,0,,,,
9,14/09/2012,0,73.55,3.717,226.3567545,5.277,523427.35,523427.35,0,,,,
9,21/09/2012,0,69.92,3.721,226.5599138,5.277,533756.88,533756.88,0,,,,
9,28/09/2012,0,76.8,3.666,226.7630732,5.277,516361.06,516361.06,0,,,,
9,05/10/2012,0,66.61,3.617,226.9662325,4.954,606755.3,558464.8,48290.5,,,,
9,12/10/2012,0,60.09,3.601,227.1693919,4.954,558464.8,558464.8,0,,,,
9,19/10/2012,0,68.01,3.594,227.214288,4.954,542009.46,542009.46,0,,,,
9,26/10/2012,0,69.52,3.506,227.2328068,4.954,549731.49,549731.49,0,,,,
10,05/02/2010,0,54.34,2.962,126.4420645,9.765,2193048.75,2193048.75,0,,,,
10,12/02/2010,1,49.96,2.828,126.4962581,9.765,2176028.52,2176028.52,0,,,,
10,19/02/2010,0,58.22,2.915,126.5262857,9.765,2113432.58,2113432.58,0,,,,
10,26/02/2010,0,52.77,2.825,126.5522857,9.765,2006774.96,2006774.96,0,,,,
10,05/03/2010,0,55.92,2.877,126.5782857,9.765,1987090.09,1987090.09,0,,,,
10,12/03/2010,0,52.33,3.034,126.6042857,9.765,1941346.13,1941346.13,0,,,,
10,19/03/2010,0,61.46,3.054,126.6066452,9.765,1946875.06,1949177.13,-2302.07,,,,
10,26/03/2010,0,60.05,2.98,126.6050645,9.765,1893532.46,1893532.46,0,,,,
10,02/04/2010,0,63.66,3.086,126.6034839,9.524,2138651.97,2138651.97,0,,,,
10,09/04/2010,0,65.29,3.004,126.6019032,9.524,2041069.37,2041069.37,0,,,,
10,16/04/2010,0,69.74,3.109,126.5621,9.524,1826241.44,1829521.83,-3280.39,,,,
10,23/04/2010,0,66.42,3.05,126.4713333,9.524,1829521.83,1829521.83,0,,,,
10,30/04/2010,0,69.76,3.105,126.3805667,9.524,1790694.59,1790694.59,0,,,,
10,07/05/2010,0,71.06,3.127,126.2898,9.524,1921432.16,1921432.16,0,,,,
10,14/05/2010,0,73.88,3.145,126.2085484,9.524,1808056.41,1808056.41,0,,,,
10,21/05/2010,0,78.32,3.12,126.1843871,9.524,1847613.58,1847613.58,0,,,,
10,28/05/2010,0,76.67,3.058,126.1602258,9.524,1904618.17,1904618.17,0,,,,
10,04/06/2010,0,82.82,2.941,126.1360645,9.524,1931406.28,1931406.28,0,,,,
10,11/06/2010,0,89.67,3.057,126.1119032,9.524,1827521.71,1827521.71,0,,,,
10,18/06/2010,0,83.49,2.935,126.114,9.524,1837636.24,1837636.24,0,,,,
10,25/06/2010,0,90.32,3.084,126.1266,9.524,1768172.31,1768172.31,0,,,,
10,02/07/2010,0,92.89,2.978,126.1392,9.199,1845893.87,1845893.87,0,,,,
10,09/07/2010,0,91.03,3.1,126.1518,9.199,1769793.37,1769793.37,0,,,,
10,16/07/2010,0,91.8,2.971,126.1498065,9.199,1828052.47,1828052.47,0,,,,
10,23/07/2010,0,88.44,3.112,126.1283548,9.199,1831676.03,1831676.03,0,,,,
10,30/07/2010,0,85.03,3.017,126.1069032,9.199,1832664.03,1727565.42,105098.61,,,,
10,06/08/2010,0,86.13,3.123,126.0854516,9.199,1949236.09,1949236.09,0,,,,
10,13/08/2010,0,88.37,3.049,126.064,9.199,1962996.7,1962996.7,0,,,,
10,20/08/2010,0,89.88,3.041,126.0766452,9.199,1983190.56,1983190.56,0,,,,
10,27/08/2010,0,84.99,3.022,126.0892903,9.199,1727565.42,1727565.42,0,,,,
10,03/09/2010,0,83.8,3.087,126.1019355,9.199,1766331.45,1727565.42,38766.03,,,,
10,10/09/2010,1,84.04,2.961,126.1145806,9.199,1720530.23,1720530.23,0,,,,
10,17/09/2010,0,85.52,3.028,126.1454667,9.199,1716755.78,1828052.47,-111296.69,,,,
10,24/09/2010,0,85.75,2.939,126.1900333,9.199,1655036.75,1655036.75,0,,,,
10,01/10/2010,0,86.01,3.001,126.2346,9.003,1645892.97,1645892.97,0,,,,
10,08/10/2010,0,77.04,2.924,126.2791667,9.003,1772192.42,1772192.42,0,,,,
10,15/10/2010,0,75.48,3.08,126.3266774,9.003,1703850.25,1772192.42,-68342.17,,,,
10,22/10/2010,0,68.12,3.014,126.3815484,9.003,1740234.06,1740234.06,0,,,,
10,29/10/2010,0,68.76,3.13,126.4364194,9.003,1741308.56,1741308.56,0,,,,
10,05/11/2010,0,71.04,3.009,126.4912903,9.003,1832211.96,1832211.96,0,,,,
10,12/11/2010,0,61.24,3.13,126.5461613,9.003,1895901.59,1895901.59,0,,,,
10,19/11/2010,0,58.83,3.047,126.6072,9.003,1949177.13,1949177.13,0,,,,
10,26/11/2010,1,55.33,3.162,126.6692667,9.003,2939946.38,2939946.38,0,,,,
10,03/12/2010,0,51.17,3.041,126.7313333,9.003,2251206.64,2251206.64,0,,,,
10,10/12/2010,0,60.51,3.091,126.7934,9.003,2411790.21,2411790.21,0,,,,
10,17/12/2010,0,59.15,3.125,126.8794839,9.003,2811646.85,2811646.85,0,,,,
10,24/12/2010,0,57.06,3.236,126.9835806,9.003,3749057.69,3749057.69,0,,,,
10,31/12/2010,1,49.67,3.148,127.0876774,9.003,1707298.14,1707298.14,0,,,,
10,07/01/2011,0,43.43,3.287,127.1917742,8.744,1714309.9,1714309.9,0,,,,
10,14/01/2011,0,49.98,3.312,127.3009355,8.744,1710803.59,1710803.59,0,,,,
10,21/01/2011,0,56.75,3.336,127.4404839,8.744,1677556.18,1677556.18,0,,,,
10,28/01/2011,0,53.03,3.231,127.5800323,8.744,1715769.05,1633663.12,82105.93,,,,
10,04/02/2011,0,44.88,3.348,127.7195806,8.744,1968045.91,2106934.55,-138888.64,,,,
10,11/02/2011,1,51.51,3.381,127.859129,8.744,2115408.31,2106934.55,8473.76,,,,
10,18/02/2011,0,61.77,3.43,127.99525,8.744,2106934.55,2106934.55,0,,,,
10,25/02/2011,0,53.59,3.398,128.13,8.744,1967996.71,1958003.19,9993.52,,,,
10,04/03/2011,0,56.96,3.674,128.26475,8.744,1958003.19,1958003.19,0,,,,
10,11/03/2011,0,64.22,3.63,128.3995,8.744,1933469.15,1933469.15,0,,,,
10,18/03/2011,0,70.12,3.892,128.5121935,8.744,1884734.31,1884734.31,0,,,,
10,25/03/2011,0,62.53,3.716,128.6160645,8.744,1815798.85,1815798.85,0,,,,
10,01/04/2011,0,67.64,3.772,128.7199355,8.494,1827733.18,1827733.18,0,,,,
10,08/04/2011,0,73.03,3.818,128.8238065,8.494,1870720.73,1870720.73,0,,,,
10,15/04/2011,0,61.05,4.089,128.9107333,8.494,1781767.22,2004330.3,-222563.08,,,,
10,22/04/2011,0,75.93,3.917,128.9553,8.494,2004831.14,1792210.89,212620.25,,,,
10,29/04/2011,0,73.38,4.151,128.9998667,8.494,1873646.34,1841369.99,32276.35,,,,
10,06/05/2011,0,73.56,4.193,129.0444333,8.494,1841369.99,1841369.99,0,,,,
10,13/05/2011,0,74.04,4.202,129.089,8.494,1712995.44,1712995.44,0,,,,
10,20/05/2011,0,72.62,3.99,129.0756774,8.494,1720908.01,1720908.01,0,,,,
10,27/05/2011,0,78.62,3.933,129.0623548,8.494,1743000.38,1792210.89,-49210.51,,,,
10,03/06/2011,0,81.87,3.893,129.0490323,8.494,1792210.89,1792210.89,0,,,,
10,10/06/2011,0,84.57,3.981,129.0357097,8.494,1740063.1,1740063.1,0,,,,
10,17/06/2011,0,87.96,3.935,129.0432,8.494,1817934.76,1817934.76,0,,,,
10,24/06/2011,0,90.69,3.807,129.0663,8.494,1711813.13,1699708.38,12104.75,,,,
10,01/07/2011,0,95.36,3.842,129.0894,8.257,1751369.75,1699708.38,51661.37,,,,
10,08/07/2011,0,88.57,3.793,129.1125,8.257,1699708.38,1699708.38,0,,,,
10,15/07/2011,0,86.01,3.779,129.1338387,8.257,1775068.4,1775068.4,0,,,,
10,22/07/2011,0,88.59,3.697,129.1507742,8.257,1774342.61,1699708.38,74634.23,,,,
10,29/07/2011,0,86.75,3.694,129.1677097,8.257,1745841.33,1745841.33,0,,,,
10,05/08/2011,0,89.8,3.803,129.1846452,8.257,1886299.98,1886299.98,0,,,,
10,12/08/2011,0,85.61,3.794,129.2015806,8.257,1917397.63,1917397.63,0,,,,
10,19/08/2011,0,87.4,3.743,129.2405806,8.257,1954849.68,1954849.68,0,,,,
10,26/08/2011,0,91.59,3.663,129.2832581,8.257,1728399.07,1728399.07,0,,,,
10,02/09/2011,0,91.61,3.798,129.3259355,8.257,1758587.35,1685910.53,72676.82,,,,
10,09/09/2011,1,89.06,3.771,129.3686129,8.257,1670579.82,1685910.53,-15330.71,,,,
10,16/09/2011,0,77.49,3.784,129.4306,8.257,1650894.3,1650894.3,0,,,,
10,23/09/2011,0,82.51,3.789,129.5183333,8.257,1685910.53,1685910.53,0,,,,
10,30/09/2011,0,82.27,3.877,129.6060667,8.257,1627707.31,1685910.53,-58203.22,,,,
10,07/10/2011,0,75.01,3.827,129.6938,7.874,1788227.6,1904438.59,-116210.99,,,,
10,14/10/2011,0,70.27,3.698,129.7706452,7.874,1704753.02,1904438.59,-199685.57,,,,
10,21/10/2011,0,77.91,3.842,129.7821613,7.874,1745928.56,1745928.56,0,,,,
10,28/10/2011,0,72.79,3.843,129.7936774,7.874,1771792.97,1904438.59,-132645.62,,,,
10,04/11/2011,0,68.57,3.828,129.8051935,7.874,1904438.59,1904438.59,0,,,,
10,11/11/2011,0,55.28,3.677,129.8167097,7.874,2076570.84,2076570.84,0,,,,
10,18/11/2011,0,58.97,3.669,129.8268333,7.874,1869087.85,1869087.85,0,,,,
10,25/11/2011,1,60.68,3.76,129.8364,7.874,2950198.64,1869087.85,1081110.79,,,,
10,02/12/2011,0,57.29,3.701,129.8459667,7.874,2068097.18,2068097.18,0,,,,
10,09/12/2011,0,42.58,3.644,129.8555333,7.874,2429310.9,2429310.9,0,,,,
10,16/12/2011,0,50.53,3.489,129.8980645,7.874,2555031.18,2555031.18,0,,,,
10,23/12/2011,0,48.36,3.541,129.9845484,7.874,3487986.89,3487986.89,0,,,,
10,30/12/2011,1,48.92,3.428,130.0710323,7.874,1930690.37,1930690.37,0,,,,
10,06/01/2012,0,59.85,3.443,130.1575161,7.545,1683401.78,1632406,50995.78,,,,
10,13/01/2012,0,51,3.477,130.244,7.545,1711562.73,1711562.73,0,,,,
10,20/01/2012,0,54.51,3.66,130.2792258,7.545,1675562.94,1632406,43156.94,,,,
10,27/01/2012,0,53.59,3.675,130.3144516,7.545,1632406,1632406,0,,,,
10,03/02/2012,0,56.85,3.543,130.3496774,7.545,1867403.01,1990371.02,-122968.01,,,,
10,10/02/2012,1,55.73,3.722,130.3849032,7.545,2218595.8,2218595.8,0,,,,
10,17/02/2012,0,54.12,3.781,130.4546207,7.545,2168709.76,2039415.74,129294.02,,,,
10,24/02/2012,0,56.02,3.95,130.5502069,7.545,2039415.74,2039415.74,0,,,,
10,02/03/2012,0,57.62,3.882,130.6457931,7.545,1990371.02,1990371.02,0,,,,
10,09/03/2012,0,57.65,3.963,130.7413793,7.545,1917483.1,1917483.1,0,,,,
10,16/03/2012,0,62.11,4.273,130.8261935,7.545,1930814.66,1930814.66,0,,,,
10,23/03/2012,0,56.54,4.288,130.8966452,7.545,1837457.69,1837457.69,0,,,,
10,30/03/2012,0,67.92,4.294,130.9670968,7.545,1815760.42,1815760.42,0,,,,
10,06/04/2012,0,65.99,4.282,131.0375484,7.382,2163384.17,2163384.17,0,,,,
10,13/04/2012,0,70.28,4.254,131.108,7.382,1974687.51,1974687.51,0,,,,
10,20/04/2012,0,67.75,4.111,131.1173333,7.382,1777166.53,1777166.53,0,,,,
10,27/04/2012,0,80.11,4.088,131.1266667,7.382,1712987.56,1712987.56,0,,,,
10,04/05/2012,0,77.02,4.058,131.136,7.382,1821364.42,1821364.42,0,,,,
10,11/05/2012,0,76.03,4.186,131.1453333,7.382,1792345.3,1712987.56,79357.74,,,,
10,18/05/2012,0,85.19,4.308,131.0983226,7.382,1795152.73,1795152.73,0,,,,
10,25/05/2012,0,86.03,4.127,131.0287742,7.382,1830939.1,1830939.1,0,,,,
10,01/06/2012,0,80.06,4.277,130.9592258,7.382,1767471.48,1712987.56,54483.92,,,,
10,08/06/2012,0,86.87,4.103,130.8896774,7.382,1840491.41,1840491.41,0,,,,
10,15/06/2012,0,88.58,4.144,130.8295333,7.382,1811562.88,1811562.88,0,,,,
10,22/06/2012,0,89.92,4.014,130.7929,7.382,1755334.18,1755334.18,0,,,,
10,29/06/2012,0,91.36,3.875,130.7562667,7.382,1707481.9,1880436.94,-172955.04,,,,
10,06/07/2012,0,86.87,3.666,130.7196333,7.17,1805999.79,1805999.79,0,,,,
10,13/07/2012,0,89.8,3.723,130.683,7.17,1765571.91,1765571.91,0,,,,
10,20/07/2012,0,84.45,3.589,130.7012903,7.17,1869967.03,1869967.03,0,,,,
10,27/07/2012,0,83.98,3.769,130.7195806,7.17,1817603.66,1939440.09,-121836.43,,,,
10,03/08/2012,0,84.76,3.595,130.737871,7.17,1939440.09,1939440.09,0,,,,
10,10/08/2012,0,90.78,3.811,130.7561613,7.17,1880436.94,1880436.94,0,,,,
10,17/08/2012,0,88.83,4.002,130.7909677,7.17,1827797.4,1827797.4,0,,,,
10,24/08/2012,0,82.5,4.055,130.8381613,7.17,1764984.15,1764984.15,0,,,,
10,31/08/2012,0,86.97,3.886,130.8853548,7.17,1650285.54,1650285.54,0,,,,
10,07/09/2012,1,83.07,4.124,130.9325484,7.17,1708283.28,1708283.28,0,,,,
10,14/09/2012,0,78.47,3.966,130.9776667,7.17,1640168.99,1640168.99,0,,,,
10,21/09/2012,0,81.93,4.125,131.0103333,7.17,1671857.57,1671857.57,0,,,,
10,28/09/2012,0,82.52,3.966,131.043,7.17,1694862.41,1694862.41,0,,,,
10,05/10/2012,0,80.88,4.132,131.0756667,6.943,1758971.38,1758971.38,0,,,,
10,12/10/2012,0,76.03,4.468,131.1083333,6.943,1713889.11,1713889.11,0,,,,
10,19/10/2012,0,72.71,4.449,131.1499677,6.943,1734834.82,1734834.82,0,,,,
10,26/10/2012,0,70.5,4.301,131.1930968,6.943,1744349.05,1744349.05,0,,,,
11,05/02/2010,0,46.04,2.572,214.4248812,7.368,1528008.64,1364207,163801.64,,,,
11,12/02/2010,1,48.01,2.548,214.5747916,7.368,1574684.08,1574684.08,0,,,,
11,19/02/2010,0,48.3,2.514,214.6198868,7.368,1503298.7,1503298.7,0,,,,
11,26/02/2010,0,52.79,2.561,214.6475127,7.368,1336404.65,1336404.65,0,,,,
11,05/03/2010,0,53.96,2.625,214.6751386,7.368,1426622.65,1426622.65,0,,,,
11,12/03/2010,0,64.1,2.667,214.7027646,7.368,1331883.16,1331883.16,0,,,,
11,19/03/2010,0,61.51,2.72,214.5301219,7.368,1364207,1364207,0,,,,
11,26/03/2010,0,58.09,2.732,214.3241011,7.368,1245624.27,1245624.27,0,,,,
11,02/04/2010,0,66.16,2.719,214.1180803,7.343,1446210.26,1446210.26,0,,,,
11,09/04/2010,0,69.57,2.77,213.9120595,7.343,1470308.32,1470308.32,0,,,,
11,16/04/2010,0,67.81,2.808,213.7726889,7.343,1323243.35,1323243.35,0,,,,
11,23/04/2010,0,68.37,2.795,213.7221852,7.343,1283766.55,1323243.35,-39476.8,,,,
11,30/04/2010,0,71.13,2.78,213.6716815,7.343,1239766.89,1239766.89,0,,,,
11,07/05/2010,0,75.57,2.835,213.6211778,7.343,1312329.78,1239766.89,72562.89,,,,
11,14/05/2010,0,77.64,2.854,213.6196139,7.343,1266796.13,1239766.89,27029.24,,,,
11,21/05/2010,0,76.97,2.826,213.9116886,7.343,1271646.62,1239766.89,31879.73,,,,
11,28/05/2010,0,79.69,2.759,214.2037634,7.343,1264272.52,1396322.19,-132049.67,,,,
11,04/06/2010,0,79.66,2.705,214.4958382,7.343,1396322.19,1396322.19,0,,,,
11,11/06/2010,0,82.81,2.668,214.787913,7.343,1339570.85,1336522.92,3047.93,,,,
11,18/06/2010,0,84.13,2.637,214.7858259,7.343,1336522.92,1336522.92,0,,,,
11,25/06/2010,0,84.5,2.653,214.6660741,7.343,1262025.08,1262025.08,0,,,,
11,02/07/2010,0,83.09,2.669,214.5463222,7.346,1302600.14,1302600.14,0,,,,
11,09/07/2010,0,83.01,2.642,214.4265704,7.346,1280156.47,1302600.14,-22443.67,,,,
11,16/07/2010,0,84.9,2.623,214.4176476,7.346,1290609.54,1290609.54,0,,,,
11,23/07/2010,0,84.57,2.608,214.5564968,7.346,1244390.03,1244390.03,0,,,,
11,30/07/2010,0,83.26,2.64,214.695346,7.346,1250178.89,1250178.89,0,,,,
11,06/08/2010,0,86.54,2.627,214.8341952,7.346,1369634.92,1369634.92,0,,,,
11,13/08/2010,0,87.73,2.692,214.9730444,7.346,1384339.1,1384339.1,0,,,,
11,20/08/2010,0,88.93,2.664,214.9314191,7.346,1430192.37,1430192.37,0,,,,
11,27/08/2010,0,87.7,2.619,214.8897938,7.346,1311263.07,1311263.07,0,,,,
11,03/09/2010,0,84.94,2.577,214.8481685,7.346,1303914.27,1215676.31,88237.96,,,,
11,10/09/2010,1,81.93,2.565,214.8065431,7.346,1231428.46,1231428.46,0,,,,
11,17/09/2010,0,83.04,2.582,214.8322484,7.346,1215676.31,1215676.31,0,,,,
11,24/09/2010,0,77.36,2.624,214.9084516,7.346,1170103.25,1286388.96,-116285.71,,,,
11,01/10/2010,0,75.11,2.603,214.9846548,7.564,1182490.46,1182490.46,0,,,,
11,08/10/2010,0,68.71,2.633,215.060858,7.564,1293472.8,1470308.32,-176835.52,,,,
11,15/10/2010,0,71.46,2.72,215.1293114,7.564,1175003.67,1169831.38,5172.29,,,,
11,22/10/2010,0,72.6,2.725,215.17839,7.564,1169831.38,1169831.38,0,,,,
11,29/10/2010,0,74.21,2.716,215.2274686,7.564,1195036,1195036,0,,,,
11,05/11/2010,0,64.41,2.689,215.2765472,7.564,1332759.13,1332759.13,0,,,,
11,12/11/2010,0,63.74,2.728,215.3256258,7.564,1281675.6,1281675.6,0,,,,
11,19/11/2010,0,58.63,2.771,215.2074519,7.564,1292346.57,1281675.6,10670.97,,,,
11,26/11/2010,1,69.9,2.735,215.0614025,7.564,1757242.51,1757242.51,0,,,,
11,03/12/2010,0,55.9,2.708,214.9153531,7.564,1380522.64,1426622.65,-46100.01,,,,
11,10/12/2010,0,53.33,2.843,214.7693037,7.564,1564516.43,1564516.43,0,,,,
11,17/12/2010,0,54.63,2.869,214.704919,7.564,1843971.15,2306265.36,-462294.21,,,,
11,24/12/2010,0,59.33,2.886,214.7017828,7.564,2306265.36,2306265.36,0,,,,
11,31/12/2010,1,55.03,2.943,214.6986466,7.564,1172003.1,1172003.1,0,,,,
11,07/01/2011,0,54.43,2.976,214.6955104,7.551,1178905.44,1187776.19,-8870.75,,,,
11,14/01/2011,0,45.34,2.983,214.7470729,7.551,1194449.78,1194449.78,0,,,,
11,21/01/2011,0,51.51,3.016,215.1268275,7.551,1187776.19,1187776.19,0,,,,
11,28/01/2011,0,51.04,3.01,215.5065821,7.551,1100418.69,1100418.69,0,,,,
11,04/02/2011,0,47.17,2.989,215.8863367,7.551,1422546.05,1422546.05,0,,,,
11,11/02/2011,1,44.61,3.022,216.2660913,7.551,1419236.9,1419236.9,0,,,,
11,18/02/2011,0,61.5,3.045,216.5843571,7.551,1554747.15,1554747.15,0,,,,
11,25/02/2011,0,68.74,3.065,216.8780275,7.551,1323999.36,1323999.36,0,,,,
11,04/03/2011,0,66.5,3.288,217.1716979,7.551,1399456.99,1399456.99,0,,,,
11,11/03/2011,0,63.29,3.459,217.4653683,7.551,1314557.31,1554747.15,-240189.84,,,,
11,18/03/2011,0,70.17,3.488,217.7235226,7.551,1391813.69,1391813.69,0,,,,
11,25/03/2011,0,73.74,3.473,217.9674705,7.551,1229777.24,1229777.24,0,,,,
11,01/04/2011,0,69.1,3.524,218.2114184,7.574,1258674.12,1258674.12,0,,,,
11,08/04/2011,0,73.57,3.622,218.4553663,7.574,1327401.06,1327401.06,0,,,,
11,15/04/2011,0,76.64,3.743,218.6788642,7.574,1312905.8,1312905.8,0,,,,
11,22/04/2011,0,78.31,3.807,218.851237,7.574,1388118.53,1388118.53,0,,,,
11,29/04/2011,0,79.97,3.81,219.0236099,7.574,1357589.89,1357589.89,0,,,,
11,06/05/2011,0,71.39,3.906,219.1959827,7.574,1331453.41,1331453.41,0,,,,
11,13/05/2011,0,80.93,3.899,219.3683556,7.574,1277959.42,1277959.42,0,,,,
11,20/05/2011,0,76.97,3.907,219.127216,7.574,1239466.97,1239466.97,0,,,,
11,27/05/2011,0,85.61,3.786,218.8860765,7.574,1216876.52,1216876.52,0,,,,
11,03/06/2011,0,86.14,3.699,218.6449369,7.574,1343637,1343637,0,,,,
11,10/06/2011,0,85.79,3.648,218.4037974,7.574,1314626.75,1314626.75,0,,,,
11,17/06/2011,0,87.9,3.637,218.3551748,7.574,1337506.74,1290576.44,46930.3,,,,
11,24/06/2011,0,86.13,3.594,218.45094,7.574,1254587.84,1254587.84,0,,,,
11,01/07/2011,0,86.43,3.524,218.5467052,7.567,1297472.06,1297472.06,0,,,,
11,08/07/2011,0,87.17,3.48,218.6424704,7.567,1334627.96,1290576.44,44051.52,,,,
11,15/07/2011,0,88.3,3.575,218.7275216,7.567,1266546.73,1290576.44,-24029.71,,,,
11,22/07/2011,0,87.8,3.651,218.7857881,7.567,1290576.44,1290576.44,0,,,,
11,29/07/2011,0,89.46,3.682,218.8440545,7.567,1212938.67,1212938.67,0,,,,
11,05/08/2011,0,90.04,3.684,218.9023209,7.567,1403198.94,1403198.94,0,,,,
11,12/08/2011,0,90.3,3.638,218.9605873,7.567,1354188.43,1354188.43,0,,,,
11,19/08/2011,0,89.51,3.554,219.023271,7.567,1484169.74,1484169.74,0,,,,
11,26/08/2011,0,89.09,3.523,219.0866908,7.567,1304706.75,1304706.75,0,,,,
11,02/09/2011,0,91.44,3.533,219.1501106,7.567,1297792.41,1297792.41,0,,,,
11,09/09/2011,1,84.91,3.546,219.2135305,7.567,1249439.95,1254587.84,-5147.89,,,,
11,16/09/2011,0,85.11,3.526,219.3972867,7.567,1270816.01,1254587.84,16228.17,,,,
11,23/09/2011,0,82.14,3.467,219.7414914,7.567,1235775.15,1254587.84,-18812.69,,,,
11,30/09/2011,0,84.4,3.355,220.085696,7.567,1190515.83,1190515.83,0,,,,
11,07/10/2011,0,76.97,3.285,220.4299007,7.197,1346271.06,1286388.96,59882.1,,,,
11,14/10/2011,0,75.56,3.274,220.7486167,7.197,1286388.96,1286388.96,0,,,,
11,21/10/2011,0,70.91,3.353,220.9144005,7.197,1325107.53,1325107.53,0,,,,
11,28/10/2011,0,72.66,3.372,221.0801842,7.197,1310684.1,1310684.1,0,,,,
11,04/11/2011,0,61.13,3.332,221.245968,7.197,1458287.38,1458287.38,0,,,,
11,11/11/2011,0,64.2,3.297,221.4117517,7.197,1366053.69,1366053.69,0,,,,
11,18/11/2011,0,66.17,3.308,221.6432852,7.197,1315091.63,1315091.63,0,,,,
11,25/11/2011,1,70.03,3.236,221.9011185,7.197,1848953.48,1315091.63,533861.85,,,,
11,02/12/2011,0,56.89,3.172,222.1589519,7.197,1399322.44,1283885.55,115436.89,,,,
11,09/12/2011,0,50.63,3.158,222.4167852,7.197,1646655.94,1646655.94,0,,,,
11,16/12/2011,0,59.69,3.159,222.6426418,7.197,1783910.06,1376732.18,407177.88,,,,
11,23/12/2011,0,54.29,3.112,222.8258628,7.197,2213518.5,2213518.5,0,,,,
11,30/12/2011,1,48.86,3.129,223.0090839,7.197,1352084.21,1646655.94,-294571.73,,,,
11,06/01/2012,0,54.44,3.157,223.1923049,6.833,1283885.55,1283885.55,0,,,,
11,13/01/2012,0,53.1,3.261,223.3755259,6.833,1264736.59,1264736.59,0,,,,
11,20/01/2012,0,56.43,3.268,223.4700552,6.833,1207303.29,1207303.29,0,,,,
11,27/01/2012,0,58.36,3.29,223.5645845,6.833,1162675.85,1162675.85,0,,,,
11,03/02/2012,0,60.24,3.36,223.6591137,6.833,1376732.18,1376732.18,0,,,,
11,10/02/2012,1,52.23,3.409,223.753643,6.833,1574287.76,1574287.76,0,,,,
11,17/02/2012,0,52.77,3.51,223.9170153,6.833,1569607.94,1569607.94,0,,,,
11,24/02/2012,0,61.11,3.555,224.1320199,6.833,1379473.03,1413382.76,-33909.73,,,,
11,02/03/2012,0,62.61,3.63,224.3470245,6.833,1438383.44,1413382.76,25000.68,,,,
11,09/03/2012,0,61.44,3.669,224.5620291,6.833,1413382.76,1413382.76,0,,,,
11,16/03/2012,0,64.21,3.734,224.7166953,6.833,1441884.28,1441884.28,0,,,,
11,23/03/2012,0,67.16,3.787,224.7909104,6.833,1300593.61,1300593.61,0,,,,
11,30/03/2012,0,70.23,3.845,224.8651254,6.833,1300104.03,1300593.61,-489.58,,,,
11,06/04/2012,0,74.19,3.891,224.9393405,6.664,1596325.01,1596325.01,0,,,,
11,13/04/2012,0,72.74,3.891,225.0135556,6.664,1472752.01,1472752.01,0,,,,
11,20/04/2012,0,71.97,3.877,225.0689541,6.664,1315356.99,1315356.99,0,,,,
11,27/04/2012,0,73.4,3.814,225.1243526,6.664,1236238.29,1236238.29,0,,,,
11,04/05/2012,0,79.07,3.749,225.1797511,6.664,1370251.22,1370251.22,0,,,,
11,11/05/2012,0,75.13,3.688,225.2351496,6.664,1300147.07,1300147.07,0,,,,
11,18/05/2012,0,72.53,3.63,225.2512024,6.664,1352442.31,1352442.31,0,,,,
11,25/05/2012,0,78.44,3.561,225.2515168,6.664,1297335.87,1414343.53,-117007.66,,,,
11,01/06/2012,0,81.67,3.501,225.2518313,6.664,1361595.33,1414343.53,-52748.2,,,,
11,08/06/2012,0,82.1,3.452,225.2521458,6.664,1414343.53,1414343.53,0,,,,
11,15/06/2012,0,84.97,3.393,225.2644795,6.664,1417875.42,1417875.42,0,,,,
11,22/06/2012,0,83.26,3.346,225.3068615,6.664,1355680.3,1417875.42,-62195.12,,,,
11,29/06/2012,0,87.86,3.286,225.3492435,6.664,1297028.6,1297028.6,0,,,,
11,06/07/2012,0,83.44,3.227,225.3916254,6.334,1461129.94,1461129.94,0,,,,
11,13/07/2012,0,82.46,3.256,225.4340074,6.334,1320239.51,1344483.81,-24244.3,,,,
11,20/07/2012,0,82.41,3.311,225.4438827,6.334,1344483.81,1344483.81,0,,,,
11,27/07/2012,0,85.43,3.407,225.4537579,6.334,1272395.02,1272395.02,0,,,,
11,03/08/2012,0,86.94,3.417,225.4636332,6.334,1399341.07,1272395.02,126946.05,,,,
11,10/08/2012,0,86.21,3.494,225.4735085,6.334,1388973.65,1272395.02,116578.63,,,,
11,17/08/2012,0,87.73,3.571,225.5558664,6.334,1421307.2,1272395.02,148912.18,,,,
11,24/08/2012,0,83.17,3.62,225.6925864,6.334,1409515.73,1409515.73,0,,,,
11,31/08/2012,0,86.49,3.638,225.8293063,6.334,1372872.35,1372872.35,0,,,,
11,07/09/2012,1,85.17,3.73,225.9660263,6.334,1304584.4,1267675.05,36909.35,,,,
11,14/09/2012,0,79.61,3.717,226.1122067,6.334,1267675.05,1267675.05,0,,,,
11,21/09/2012,0,73.64,3.721,226.3151496,6.334,1326132.98,1326132.98,0,,,,
11,28/09/2012,0,77.67,3.666,226.5180926,6.334,1227430.73,1409515.73,-182085,,,,
11,05/10/2012,0,73.37,3.617,226.7210356,6.034,1422794.26,1422794.26,0,,,,
11,12/10/2012,0,69.94,3.601,226.9239785,6.034,1311965.09,1311965.09,0,,,,
11,19/10/2012,0,73.77,3.594,226.9688442,6.034,1232073.18,1232073.18,0,,,,
11,26/10/2012,0,74.26,3.506,226.9873637,6.034,1200729.45,1200729.45,0,,,,
12,05/02/2010,0,49.47,2.962,126.4420645,13.975,1100046.37,1100046.37,0,,,,
12,12/02/2010,1,47.87,2.946,126.4962581,13.975,1117863.33,1117863.33,0,,,,
12,19/02/2010,0,54.83,2.915,126.5262857,13.975,1095421.65,993833.44,101588.21,,,,
12,26/02/2010,0,50.23,2.825,126.5522857,13.975,1048617.17,1100046.37,-51429.2,,,,
12,05/03/2010,0,53.77,2.987,126.5782857,13.975,1077018.27,1077018.27,0,,,,
12,12/03/2010,0,50.11,2.925,126.6042857,13.975,985594.23,1100046.37,-114452.14,,,,
12,19/03/2010,0,59.57,3.054,126.6066452,13.975,972088.34,972088.34,0,,,,
12,26/03/2010,0,60.06,3.083,126.6050645,13.975,981615.81,1011822.3,-30206.49,,,,
12,02/04/2010,0,59.84,3.086,126.6034839,14.099,1011822.3,1011822.3,0,,,,
12,09/04/2010,0,59.25,3.09,126.6019032,14.099,1041238.87,1041238.87,0,,,,
12,16/04/2010,0,64.95,3.109,126.5621,14.099,957997.52,1041238.87,-83241.35,,,,
12,23/04/2010,0,64.55,3.05,126.4713333,14.099,993833.44,993833.44,0,,,,
12,30/04/2010,0,67.38,3.105,126.3805667,14.099,954220.22,954220.22,0,,,,
12,07/05/2010,0,70.15,3.127,126.2898,14.099,1043240.27,1043240.27,0,,,,
12,14/05/2010,0,68.44,3.145,126.2085484,14.099,966054.97,966054.97,0,,,,
12,21/05/2010,0,76.2,3.12,126.1843871,14.099,958374.56,958374.56,0,,,,
12,28/05/2010,0,67.84,3.058,126.1602258,14.099,955451.16,955451.16,0,,,,
12,04/06/2010,0,81.39,2.941,126.1360645,14.099,1049357.36,1016039.71,33317.65,,,,
12,11/06/2010,0,90.84,2.949,126.1119032,14.099,1016039.71,1016039.71,0,,,,
12,18/06/2010,0,81.06,3.043,126.114,14.099,956211.2,956211.2,0,,,,
12,25/06/2010,0,87.27,3.084,126.1266,14.099,958007.69,958007.69,0,,,,
12,02/07/2010,0,91.98,3.105,126.1392,14.18,951957.31,951957.31,0,,,,
12,09/07/2010,0,90.37,3.1,126.1518,14.18,943506.28,943506.28,0,,,,
12,16/07/2010,0,97.18,3.094,126.1498065,14.18,916402.76,943506.28,-27103.52,,,,
12,23/07/2010,0,99.22,3.112,126.1283548,14.18,912403.67,951957.31,-39553.64,,,,
12,30/07/2010,0,96.31,3.017,126.1069032,14.18,913548.25,913548.25,0,,,,
12,06/08/2010,0,92.95,3.123,126.0854516,14.18,967576.95,967576.95,0,,,,
12,13/08/2010,0,87.01,3.159,126.064,14.18,928264.4,928264.4,0,,,,
12,20/08/2010,0,92.81,3.041,126.0766452,14.18,948447.34,948447.34,0,,,,
12,27/08/2010,0,93.19,3.129,126.0892903,14.18,1004516.46,1004516.46,0,,,,
12,03/09/2010,0,83.12,3.087,126.1019355,14.18,1075758.55,1075758.55,0,,,,
12,10/09/2010,1,83.63,3.044,126.1145806,14.18,903119.03,903119.03,0,,,,
12,17/09/2010,0,82.45,3.028,126.1454667,14.18,852882.61,852882.61,0,,,,
12,24/09/2010,0,81.77,2.939,126.1900333,14.18,851919.34,851919.34,0,,,,
12,01/10/2010,0,85.2,3.001,126.2346,14.313,850936.26,857883.46,-6947.2,,,,
12,08/10/2010,0,71.82,3.013,126.2791667,14.313,918335.68,857883.46,60452.22,,,,
12,15/10/2010,0,75,2.976,126.3266774,14.313,862419.84,857883.46,4536.38,,,,
12,22/10/2010,0,68.85,3.014,126.3815484,14.313,857883.46,857883.46,0,,,,
12,29/10/2010,0,61.09,3.016,126.4364194,14.313,955294.7,857883.46,97411.24,,,,
12,05/11/2010,0,65.49,3.129,126.4912903,14.313,929690.71,929690.71,0,,,,
12,12/11/2010,0,57.79,3.13,126.5461613,14.313,942475.24,942475.24,0,,,,
12,19/11/2010,0,58.18,3.161,126.6072,14.313,894493.7,894493.7,0,,,,
12,26/11/2010,1,47.66,3.162,126.6692667,14.313,1601377.41,1601377.41,0,,,,
12,03/12/2010,0,43.33,3.041,126.7313333,14.313,1069533.17,1100046.37,-30513.2,,,,
12,10/12/2010,0,50.01,3.203,126.7934,14.313,1121934.15,1121934.15,0,,,,
12,17/12/2010,0,52.77,3.236,126.8794839,14.313,1295605.35,1295605.35,0,,,,
12,24/12/2010,0,52.02,3.236,126.9835806,14.313,1768249.89,1768249.89,0,,,,
12,31/12/2010,1,45.64,3.148,127.0876774,14.313,891736.91,891736.91,0,,,,
12,07/01/2011,0,37.64,3.287,127.1917742,14.021,910110.24,910110.24,0,,,,
12,14/01/2011,0,43.15,3.312,127.3009355,14.021,812011.8,910110.24,-98098.44,,,,
12,21/01/2011,0,53.53,3.223,127.4404839,14.021,802105.5,802105.5,0,,,,
12,28/01/2011,0,50.74,3.342,127.5800323,14.021,873119.06,873119.06,0,,,,
12,04/02/2011,0,45.14,3.348,127.7195806,14.021,1046068.17,1046068.17,0,,,,
12,11/02/2011,1,51.3,3.381,127.859129,14.021,1086421.57,1086421.57,0,,,,
12,18/02/2011,0,53.35,3.43,127.99525,14.021,1128485.1,1128485.1,0,,,,
12,25/02/2011,0,48.45,3.53,128.13,14.021,1046203.72,1095091.53,-48887.81,,,,
12,04/03/2011,0,51.72,3.674,128.26475,14.021,1085248.21,1085248.21,0,,,,
12,11/03/2011,0,57.75,3.818,128.3995,14.021,997672.62,997672.62,0,,,,
12,18/03/2011,0,64.21,3.692,128.5121935,14.021,1009502.01,1009502.01,0,,,,
12,25/03/2011,0,54.4,3.909,128.6160645,14.021,954107.32,954107.32,0,,,,
12,01/04/2011,0,63.63,3.772,128.7199355,13.736,1005463.49,1005463.49,0,,,,
12,08/04/2011,0,64.47,4.003,128.8238065,13.736,998362.05,998362.05,0,,,,
12,15/04/2011,0,57.63,3.868,128.9107333,13.736,990951.77,1051944.79,-60993.02,,,,
12,22/04/2011,0,72.12,4.134,128.9553,13.736,1016019.47,1016019.47,0,,,,
12,29/04/2011,0,68.27,4.151,128.9998667,13.736,994966.1,994966.1,0,,,,
12,06/05/2011,0,68.4,4.193,129.0444333,13.736,1021154.48,977033.5,44120.98,,,,
12,13/05/2011,0,70.93,4.202,129.089,13.736,977033.5,977033.5,0,,,,
12,20/05/2011,0,66.59,4.169,129.0756774,13.736,924134.99,924134.99,0,,,,
12,27/05/2011,0,76.67,4.087,129.0623548,13.736,964332.51,964332.51,0,,,,
12,03/06/2011,0,71.81,4.031,129.0490323,13.736,970328.68,970328.68,0,,,,
12,10/06/2011,0,78.72,3.981,129.0357097,13.736,996937.95,996937.95,0,,,,
12,17/06/2011,0,86.84,3.935,129.0432,13.736,986504.93,922850.57,63654.36,,,,
12,24/06/2011,0,88.95,3.898,129.0663,13.736,997282.75,997282.75,0,,,,
12,01/07/2011,0,89.85,3.842,129.0894,13.503,961993.34,961993.34,0,,,,
12,08/07/2011,0,89.9,3.705,129.1125,13.503,943717.38,943717.38,0,,,,
12,15/07/2011,0,88.1,3.692,129.1338387,13.503,936001.98,936001.98,0,,,,
12,22/07/2011,0,91.17,3.794,129.1507742,13.503,922231.92,922231.92,0,,,,
12,29/07/2011,0,93.29,3.805,129.1677097,13.503,890547.07,988712.52,-98165.45,,,,
12,05/08/2011,0,90.61,3.803,129.1846452,13.503,988712.52,988712.52,0,,,,
12,12/08/2011,0,91.04,3.701,129.2015806,13.503,955913.68,955913.68,0,,,,
12,19/08/2011,0,91.74,3.743,129.2405806,13.503,966817.24,966817.24,0,,,,
12,26/08/2011,0,94.61,3.74,129.2832581,13.503,1017593.47,1052051.45,-34457.98,,,,
12,02/09/2011,0,93.66,3.798,129.3259355,13.503,1052051.45,1052051.45,0,,,,
12,09/09/2011,1,88,3.913,129.3686129,13.503,922850.57,922850.57,0,,,,
12,16/09/2011,0,76.36,3.918,129.4306,13.503,889290.23,880415.67,8874.56,,,,
12,23/09/2011,0,82.95,3.789,129.5183333,13.503,871692.74,871692.74,0,,,,
12,30/09/2011,0,83.26,3.877,129.6060667,13.503,866401.45,961993.34,-95591.89,,,,
12,07/10/2011,0,70.44,3.827,129.6938,12.89,951244.66,951244.66,0,,,,
12,14/10/2011,0,67.31,3.805,129.7706452,12.89,927600.01,927600.01,0,,,,
12,21/10/2011,0,73.05,3.842,129.7821613,12.89,938604.58,938604.58,0,,,,
12,28/10/2011,0,67.41,3.727,129.7936774,12.89,990926.38,990926.38,0,,,,
12,04/11/2011,0,59.77,3.828,129.8051935,12.89,1051944.79,1051944.79,0,,,,
12,11/11/2011,0,48.76,3.824,129.8167097,12.89,1095091.53,1095091.53,0,,,,
12,18/11/2011,0,54.2,3.813,129.8268333,12.89,970641.34,997672.62,-27031.28,,,,
12,25/11/2011,1,53.25,3.622,129.8364,12.89,1591920.42,1591920.42,0,,,,
12,02/12/2011,0,52.5,3.701,129.8459667,12.89,1071383.1,1112034.72,-40651.62,,,,
12,09/12/2011,0,42.17,3.644,129.8555333,12.89,1189646.45,1293404.18,-103757.73,,,,
12,16/12/2011,0,43.29,3.6,129.8980645,12.89,1293404.18,1293404.18,0,,,,
12,23/12/2011,0,45.4,3.541,129.9845484,12.89,1617612.03,1111638.07,505973.96,,,,
12,30/12/2011,1,44.64,3.428,130.0710323,12.89,1111638.07,1111638.07,0,,,,
12,06/01/2012,0,50.43,3.599,130.1575161,12.187,945823.65,945823.65,0,,,,
12,13/01/2012,0,48.07,3.657,130.244,12.187,865467.86,865467.86,0,,,,
12,20/01/2012,0,46.2,3.66,130.2792258,12.187,855922.64,855922.64,0,,,,
12,27/01/2012,0,50.43,3.675,130.3144516,12.187,888203.69,888203.69,0,,,,
12,03/02/2012,0,50.58,3.702,130.3496774,12.187,1058767.95,1058767.95,0,,,,
12,10/02/2012,1,52.27,3.722,130.3849032,12.187,1199330.85,1199330.85,0,,,,
12,17/02/2012,0,51.8,3.781,130.4546207,12.187,1240048.85,1058767.95,181280.9,,,,
12,24/02/2012,0,53.13,3.95,130.5502069,12.187,1112034.72,1112034.72,0,,,,
12,02/03/2012,0,52.27,4.178,130.6457931,12.187,1147636.96,1112034.72,35602.24,,,,
12,09/03/2012,0,54.54,4.25,130.7413793,12.187,1113208.57,1113208.57,0,,,,
12,16/03/2012,0,64.44,4.273,130.8261935,12.187,1088498.52,1088498.52,0,,,,
12,23/03/2012,0,56.26,4.038,130.8966452,12.187,1045419.87,1113208.57,-67788.7,,,,
12,30/03/2012,0,64.36,4.294,130.9670968,12.187,1025382.22,1025382.22,0,,,,
12,06/04/2012,0,64.05,4.121,131.0375484,11.627,1128765.71,1128765.71,0,,,,
12,13/04/2012,0,64.28,4.254,131.108,11.627,1083811.19,1083811.19,0,,,,
12,20/04/2012,0,66.73,4.222,131.1173333,11.627,1006486.96,1006486.96,0,,,,
12,27/04/2012,0,77.99,4.193,131.1266667,11.627,1004252.38,1004252.38,0,,,,
12,04/05/2012,0,76.03,4.171,131.136,11.627,1073433.69,1073433.69,0,,,,
12,11/05/2012,0,77.27,4.186,131.1453333,11.627,1041995.22,1073433.69,-31438.47,,,,
12,18/05/2012,0,84.51,4.11,131.0983226,11.627,1020486.05,1020486.05,0,,,,
12,25/05/2012,0,83.84,4.293,131.0287742,11.627,991514.21,991514.21,0,,,,
12,01/06/2012,0,78.11,4.277,130.9592258,11.627,981345.2,981345.2,0,,,,
12,08/06/2012,0,84.83,4.103,130.8896774,11.627,1086231.47,1086231.47,0,,,,
12,15/06/2012,0,85.94,4.144,130.8295333,11.627,1019555.51,1019555.51,0,,,,
12,22/06/2012,0,91.61,4.014,130.7929,11.627,981386.25,1005003.12,-23616.87,,,,
12,29/06/2012,0,90.47,3.875,130.7562667,11.627,943124.74,938604.58,4520.16,,,,
12,06/07/2012,0,89.13,3.765,130.7196333,10.926,1014898.78,1014898.78,0,,,,
12,13/07/2012,0,95.61,3.723,130.683,10.926,960312.75,960312.75,0,,,,
12,20/07/2012,0,85.53,3.726,130.7012903,10.926,941550.34,941550.34,0,,,,
12,27/07/2012,0,93.47,3.769,130.7195806,10.926,916967.92,916967.92,0,,,,
12,03/08/2012,0,88.16,3.76,130.737871,10.926,958667.23,958667.23,0,,,,
12,10/08/2012,0,95.91,3.811,130.7561613,10.926,984689.9,984689.9,0,,,,
12,17/08/2012,0,94.87,4.002,130.7909677,10.926,1005003.12,1005003.12,0,,,,
12,24/08/2012,0,85.32,4.055,130.8381613,10.926,1048101.39,1019555.51,28545.88,,,,
12,31/08/2012,0,89.78,4.093,130.8853548,10.926,1061943.49,1061943.49,0,,,,
12,07/09/2012,1,88.52,4.124,130.9325484,10.926,955146.04,955146.04,0,,,,
12,14/09/2012,0,83.64,4.133,130.9776667,10.926,885892.37,922735.37,-36843,,,,
12,21/09/2012,0,82.97,4.125,131.0103333,10.926,922735.37,922735.37,0,,,,
12,28/09/2012,0,81.22,3.966,131.043,10.926,880415.67,880415.67,0,,,,
12,05/10/2012,0,81.61,3.966,131.0756667,10.199,979825.92,880415.67,99410.25,,,,
12,12/10/2012,0,71.74,4.468,131.1083333,10.199,934917.47,934917.47,0,,,,
12,19/10/2012,0,68.66,4.449,131.1499677,10.199,960945.43,960945.43,0,,,,
12,26/10/2012,0,65.95,4.301,131.1930968,10.199,974697.6,974697.6,0,,,,
13,05/02/2010,0,31.53,2.666,126.4420645,8.316,1967220.53,1967220.53,0,,,,
13,12/02/2010,1,33.16,2.671,126.4962581,8.316,2030933.46,2030933.46,0,,,,
13,19/02/2010,0,35.7,2.654,126.5262857,8.316,1970274.64,1970274.64,0,,,,
13,26/02/2010,0,29.98,2.667,126.5522857,8.316,1817850.32,1817850.32,0,,,,
13,05/03/2010,0,40.65,2.681,126.5782857,8.316,1939980.43,1939980.43,0,,,,
13,12/03/2010,0,37.62,2.733,126.6042857,8.316,1840686.94,1840686.94,0,,,,
13,19/03/2010,0,42.49,2.782,126.6066452,8.316,1879794.89,1925393.91,-45599.02,,,,
13,26/03/2010,0,41.48,2.819,126.6050645,8.316,1882095.98,1882095.98,0,,,,
13,02/04/2010,0,42.15,2.842,126.6034839,8.107,2142482.14,1898321.33,244160.81,,,,
13,09/04/2010,0,38.97,2.877,126.6019032,8.107,1898321.33,1898321.33,0,,,,
13,16/04/2010,0,50.39,2.915,126.5621,8.107,1819660.44,1887895.07,-68234.63,,,,
13,23/04/2010,0,55.66,2.936,126.4713333,8.107,1909330.77,1909330.77,0,,,,
13,30/04/2010,0,48.33,2.941,126.3805667,8.107,1785823.37,1785823.37,0,,,,
13,07/05/2010,0,44.42,2.948,126.2898,8.107,2005478.46,2005478.46,0,,,,
13,14/05/2010,0,50.15,2.962,126.2085484,8.107,1890273.44,1853657.6,36615.84,,,,
13,21/05/2010,0,57.71,2.95,126.1843871,8.107,1853657.6,1853657.6,0,,,,
13,28/05/2010,0,53.11,2.908,126.1602258,8.107,1877358.86,1877358.86,0,,,,
13,04/06/2010,0,59.85,2.871,126.1360645,8.107,2022705.22,2022705.22,0,,,,
13,11/06/2010,0,65.24,2.841,126.1119032,8.107,2037880.96,2037880.96,0,,,,
13,18/06/2010,0,58.41,2.819,126.114,8.107,2003435.31,2003435.31,0,,,,
13,25/06/2010,0,71.83,2.82,126.1266,8.107,1970340.25,1970340.25,0,,,,
13,02/07/2010,0,78.82,2.814,126.1392,7.951,2018314.71,2018314.71,0,,,,
13,09/07/2010,0,71.33,2.802,126.1518,7.951,1870843.9,1870843.9,0,,,,
13,16/07/2010,0,77.79,2.791,126.1498065,7.951,1932231.05,1932231.05,0,,,,
13,23/07/2010,0,82.27,2.797,126.1283548,7.951,1907351.2,1907351.2,0,,,,
13,30/07/2010,0,78.94,2.797,126.1069032,7.951,1817887.23,1817887.23,0,,,,
13,06/08/2010,0,81.24,2.802,126.0854516,7.951,1969121.45,1969121.45,0,,,,
13,13/08/2010,0,74.93,2.837,126.064,7.951,1877592.55,1877592.55,0,,,,
13,20/08/2010,0,76.34,2.85,126.0766452,7.951,1997397.63,1877592.55,119805.08,,,,
13,27/08/2010,0,75.31,2.854,126.0892903,7.951,1908278.27,1908278.27,0,,,,
13,03/09/2010,0,65.71,2.868,126.1019355,7.951,1911852.58,1911852.58,0,,,,
13,10/09/2010,1,65.74,2.87,126.1145806,7.951,1772143.94,1772143.94,0,,,,
13,17/09/2010,0,66.84,2.875,126.1454667,7.951,1790279.74,1790279.74,0,,,,
13,24/09/2010,0,68.22,2.872,126.1900333,7.951,1705655.09,1705655.09,0,,,,
13,01/10/2010,0,68.74,2.853,126.2346,7.795,1765584.48,1765584.48,0,,,,
13,08/10/2010,0,63.03,2.841,126.2791667,7.795,1871924.07,1871924.07,0,,,,
13,15/10/2010,0,54.12,2.845,126.3266774,7.795,1851431.06,1851431.06,0,,,,
13,22/10/2010,0,56.89,2.849,126.3815484,7.795,1796949.59,1796949.59,0,,,,
13,29/10/2010,0,45.12,2.841,126.4364194,7.795,1887895.07,1887895.07,0,,,,
13,05/11/2010,0,49.96,2.831,126.4912903,7.795,1854967.66,1854967.66,0,,,,
13,12/11/2010,0,42.55,2.831,126.5461613,7.795,1939964.63,1939964.63,0,,,,
13,19/11/2010,0,42,2.842,126.6072,7.795,1925393.91,1925393.91,0,,,,
13,26/11/2010,1,28.22,2.83,126.6692667,7.795,2766400.05,2766400.05,0,,,,
13,03/12/2010,0,25.8,2.812,126.7313333,7.795,2083379.89,2083379.89,0,,,,
13,10/12/2010,0,36.78,2.817,126.7934,7.795,2461468.35,2461468.35,0,,,,
13,17/12/2010,0,35.21,2.842,126.8794839,7.795,2771646.81,2771646.81,0,,,,
13,24/12/2010,0,34.9,2.846,126.9835806,7.795,3595903.2,3595903.2,0,,,,
13,31/12/2010,1,26.79,2.868,127.0876774,7.795,1675292,1675292,0,,,,
13,07/01/2011,0,16.94,2.891,127.1917742,7.47,1744544.39,1744544.39,0,,,,
13,14/01/2011,0,20.6,2.903,127.3009355,7.47,1682316.31,1682316.31,0,,,,
13,21/01/2011,0,34.8,2.934,127.4404839,7.47,1770177.37,1770177.37,0,,,,
13,28/01/2011,0,31.64,2.96,127.5800323,7.47,1633663.12,1633663.12,0,,,,
13,04/02/2011,0,23.35,2.974,127.7195806,7.47,1848186.58,1848186.58,0,,,,
13,11/02/2011,1,30.83,3.034,127.859129,7.47,1944438.9,1944438.9,0,,,,
13,18/02/2011,0,40.85,3.062,127.99525,7.47,2003480.59,2003480.59,0,,,,
13,25/02/2011,0,33.17,3.12,128.13,7.47,1831933.95,1831933.95,0,,,,
13,04/03/2011,0,34.23,3.23,128.26475,7.47,1894960.68,1894960.68,0,,,,
13,11/03/2011,0,41.28,3.346,128.3995,7.47,1852432.58,1852432.58,0,,,,
13,18/03/2011,0,44.69,3.407,128.5121935,7.47,1852443.78,1852432.58,11.2,,,,
13,25/03/2011,0,42.38,3.435,128.6160645,7.47,1807545.43,1807545.43,0,,,,
13,01/04/2011,0,42.49,3.487,128.7199355,7.193,1864238.64,1864238.64,0,,,,
13,08/04/2011,0,42.75,3.547,128.8238065,7.193,1887465.04,1887465.04,0,,,,
13,15/04/2011,0,41.72,3.616,128.9107333,7.193,1950994.04,1887465.04,63529,,,,
13,22/04/2011,0,47.55,3.655,128.9553,7.193,2124316.34,2124316.34,0,,,,
13,29/04/2011,0,43.85,3.683,128.9998667,7.193,1895583.12,1895583.12,0,,,,
13,06/05/2011,0,47.75,3.744,129.0444333,7.193,1986380.4,1986380.4,0,,,,
13,13/05/2011,0,52.4,3.77,129.089,7.193,1958823.56,1958823.56,0,,,,
13,20/05/2011,0,52.12,3.802,129.0756774,7.193,1860923.55,1860923.55,0,,,,
13,27/05/2011,0,54.62,3.778,129.0623548,7.193,1866369.93,1866369.93,0,,,,
13,03/06/2011,0,52.76,3.752,129.0490323,7.193,1935593.87,1935593.87,0,,,,
13,10/06/2011,0,61.39,3.732,129.0357097,7.193,1997816.98,2086433.49,-88616.51,,,,
13,17/06/2011,0,63.35,3.704,129.0432,7.193,2086433.49,2086433.49,0,,,,
13,24/06/2011,0,66.38,3.668,129.0663,7.193,2009163.08,2009163.08,0,,,,
13,01/07/2011,0,74.29,3.613,129.0894,6.877,2048035.74,2076231.8,-28196.06,,,,
13,08/07/2011,0,77.3,3.563,129.1125,6.877,2021699.38,1953628.82,68070.56,,,,
13,15/07/2011,0,75.59,3.553,129.1338387,6.877,1956813.31,1956813.31,0,,,,
13,22/07/2011,0,78.5,3.563,129.1507742,6.877,1987089.36,1987089.36,0,,,,
13,29/07/2011,0,77.62,3.574,129.1677097,6.877,1880785.69,1953628.82,-72843.13,,,,
13,05/08/2011,0,75.56,3.595,129.1846452,6.877,2076231.8,2076231.8,0,,,,
13,12/08/2011,0,75.95,3.606,129.2015806,6.877,1970341.38,1970341.38,0,,,,
13,19/08/2011,0,76.68,3.578,129.2405806,6.877,2090340.98,1953628.82,136712.16,,,,
13,26/08/2011,0,81.53,3.57,129.2832581,6.877,2035244.54,2035244.54,0,,,,
13,02/09/2011,0,77,3.58,129.3259355,6.877,1953628.82,1953628.82,0,,,,
13,09/09/2011,1,70.19,3.619,129.3686129,6.877,1872921.31,1872921.31,0,,,,
13,16/09/2011,0,67.54,3.641,129.4306,6.877,1923223.82,1923223.82,0,,,,
13,23/09/2011,0,63.6,3.648,129.5183333,6.877,1847430.96,1847430.96,0,,,,
13,30/09/2011,0,68.28,3.623,129.6060667,6.877,1835662.69,1835662.69,0,,,,
13,07/10/2011,0,60.62,3.592,129.6938,6.392,2067232.56,2067232.56,0,,,,
13,14/10/2011,0,51.74,3.567,129.7706452,6.392,1929659.07,1929659.07,0,,,,
13,21/10/2011,0,54.66,3.579,129.7821613,6.392,1973544.27,1929659.07,43885.2,,,,
13,28/10/2011,0,47.41,3.567,129.7936774,6.392,1948733.81,2036317.54,-87583.73,,,,
13,04/11/2011,0,43.51,3.538,129.8051935,6.392,2036317.54,2036317.54,0,,,,
13,11/11/2011,0,33.8,3.513,129.8167097,6.392,2111592.09,2016323.51,95268.58,,,,
13,18/11/2011,0,40.65,3.489,129.8268333,6.392,2016323.51,2016323.51,0,,,,
13,25/11/2011,1,38.89,3.445,129.8364,6.392,2864170.61,2016323.51,847847.1,,,,
13,02/12/2011,0,33.94,3.389,129.8459667,6.392,2051315.66,2051315.66,0,,,,
13,09/12/2011,0,24.82,3.341,129.8555333,6.392,2462779.06,2462779.06,0,,,,
13,16/12/2011,0,27.85,3.282,129.8980645,6.392,2760346.71,2760346.71,0,,,,
13,23/12/2011,0,24.76,3.186,129.9845484,6.392,3556766.03,3556766.03,0,,,,
13,30/12/2011,1,31.53,3.119,130.0710323,6.392,1969056.91,1969056.91,0,,,,
13,06/01/2012,0,33.8,3.08,130.1575161,6.104,1865752.78,1865752.78,0,,,,
13,13/01/2012,0,25.61,3.056,130.244,6.104,1794962.64,1794962.64,0,,,,
13,20/01/2012,0,32.71,3.047,130.2792258,6.104,1811606.21,1811606.21,0,,,,
13,27/01/2012,0,34.32,3.058,130.3144516,6.104,1733983.09,1733983.09,0,,,,
13,03/02/2012,0,31.39,3.077,130.3496774,6.104,1927780.74,1927780.74,0,,,,
13,10/02/2012,1,33.73,3.116,130.3849032,6.104,2069284.57,2069284.57,0,,,,
13,17/02/2012,0,36.57,3.119,130.4546207,6.104,2214477.06,1929768.03,284709.03,,,,
13,24/02/2012,0,35.38,3.145,130.5502069,6.104,1929768.03,1929768.03,0,,,,
13,02/03/2012,0,32.36,3.242,130.6457931,6.104,1969742.76,1969742.76,0,,,,
13,09/03/2012,0,38.24,3.38,130.7413793,6.104,1986445.65,1864746.1,121699.55,,,,
13,16/03/2012,0,52.5,3.529,130.8261935,6.104,2025582.62,1864746.1,160836.52,,,,
13,23/03/2012,0,47.83,3.671,130.8966452,6.104,1904421.74,1904421.74,0,,,,
13,30/03/2012,0,53.2,3.734,130.9670968,6.104,1948982.7,1948982.7,0,,,,
13,06/04/2012,0,48.85,3.793,131.0375484,5.965,2271614.76,2041918.74,229696.02,,,,
13,13/04/2012,0,51.7,3.833,131.108,5.965,2057637.86,2057637.86,0,,,,
13,20/04/2012,0,50.24,3.845,131.1173333,5.965,1955689.12,1995994.51,-40305.39,,,,
13,27/04/2012,0,64.8,3.842,131.1266667,5.965,1970121.65,1970121.65,0,,,,
13,04/05/2012,0,54.41,3.831,131.136,5.965,1995994.51,1995994.51,0,,,,
13,11/05/2012,0,56.47,3.809,131.1453333,5.965,2080764.17,2080764.17,0,,,,
13,18/05/2012,0,65.17,3.808,131.0983226,5.965,2131900.55,1970121.65,161778.9,,,,
13,25/05/2012,0,62.39,3.801,131.0287742,5.965,2043349.41,2043349.41,0,,,,
13,01/06/2012,0,61.11,3.788,130.9592258,5.965,2035431.39,2035431.39,0,,,,
13,08/06/2012,0,68.4,3.776,130.8896774,5.965,2182437.9,2182437.9,0,,,,
13,15/06/2012,0,65.97,3.756,130.8295333,5.965,2152229.11,2152229.11,0,,,,
13,22/06/2012,0,72.89,3.737,130.7929,5.965,2094373,2094373,0,,,,
13,29/06/2012,0,82,3.681,130.7562667,5.965,2037663.71,2037663.71,0,,,,
13,06/07/2012,0,79.23,3.63,130.7196333,5.765,2184980.35,2184980.35,0,,,,
13,13/07/2012,0,83.68,3.595,130.683,5.765,2002750.99,2037663.71,-34912.72,,,,
13,20/07/2012,0,75.69,3.556,130.7012903,5.765,2053089.32,2053089.32,0,,,,
13,27/07/2012,0,80.42,3.537,130.7195806,5.765,1914430.53,1914430.53,0,,,,
13,03/08/2012,0,81.99,3.512,130.737871,5.765,2044148.23,2044148.23,0,,,,
13,10/08/2012,0,81.69,3.509,130.7561613,5.765,2041019.92,2044148.23,-3128.31,,,,
13,17/08/2012,0,79.4,3.545,130.7909677,5.765,2095769.18,2095769.18,0,,,,
13,24/08/2012,0,77.37,3.582,130.8381613,5.765,2059458.25,2059458.25,0,,,,
13,31/08/2012,0,79.18,3.624,130.8853548,5.765,2073855.42,2184980.35,-111124.93,,,,
13,07/09/2012,1,70.65,3.689,130.9325484,5.765,2165796.31,2165796.31,0,,,,
13,14/09/2012,0,68.55,3.749,130.9776667,5.765,1919917.03,2152229.11,-232312.08,,,,
13,21/09/2012,0,67.96,3.821,131.0103333,5.765,1938379.66,1938379.66,0,,,,
13,28/09/2012,0,64.8,3.821,131.043,5.765,1927664.11,1970121.65,-42457.54,,,,
13,05/10/2012,0,61.79,3.815,131.0756667,5.621,2041918.74,2041918.74,0,,,,
13,12/10/2012,0,55.1,3.797,131.1083333,5.621,1999079.44,1999079.44,0,,,,
13,19/10/2012,0,52.06,3.781,131.1499677,5.621,2018010.15,2182437.9,-164427.75,,,,
13,26/10/2012,0,46.97,3.755,131.1930968,5.621,2035189.66,2152229.11,-117039.45,,,,
14,05/02/2010,0,27.31,2.784,181.8711898,8.992,2623469.95,2623469.95,0,,,,
14,12/02/2010,1,27.73,2.773,181.982317,8.992,1704218.84,1704218.84,0,,,,
14,19/02/2010,0,31.27,2.745,182.0347816,8.992,2204556.7,2204556.7,0,,,,
14,26/02/2010,0,34.89,2.754,182.0774691,8.992,2095591.63,2095591.63,0,,,,
14,05/03/2010,0,37.13,2.777,182.1201566,8.992,2237544.75,2237544.75,0,,,,
14,12/03/2010,0,45.8,2.818,182.1628441,8.992,2156035.06,2156035.06,0,,,,
14,19/03/2010,0,48.79,2.844,182.0779857,8.992,2066219.3,2066219.3,0,,,,
14,26/03/2010,0,54.36,2.854,181.9718697,8.992,2050396.27,2121788.61,-71392.34,,,,
14,02/04/2010,0,47.74,2.85,181.8657537,8.899,2495630.51,2082355.12,413275.39,,,,
14,09/04/2010,0,65.45,2.869,181.7596377,8.899,2258781.28,2258781.28,0,,,,
14,16/04/2010,0,54.28,2.899,181.6924769,8.899,2121788.61,2121788.61,0,,,,
14,23/04/2010,0,53.47,2.902,181.6772564,8.899,2138144.91,2138144.91,0,,,,
14,30/04/2010,0,53.15,2.921,181.6620359,8.899,2082355.12,2082355.12,0,,,,
14,07/05/2010,0,70.75,2.966,181.6468154,8.899,2370116.52,2370116.52,0,,,,
14,14/05/2010,0,54.26,2.982,181.6612792,8.899,2129771.13,2129771.13,0,,,,
14,21/05/2010,0,62.62,2.958,181.8538486,8.899,2108187.1,2108187.1,0,,,,
14,28/05/2010,0,69.27,2.899,182.0464181,8.899,2227152.16,2258781.28,-31629.12,,,,
14,04/06/2010,0,75.93,2.847,182.2389876,8.899,2363601.47,2258781.28,104820.19,,,,
14,11/06/2010,0,69.71,2.809,182.4315571,8.899,2249570.04,2246179.91,3390.13,,,,
14,18/06/2010,0,72.62,2.78,182.4424199,8.899,2248645.59,2248645.59,0,,,,
14,25/06/2010,0,79.32,2.808,182.3806,8.899,2246179.91,2246179.91,0,,,,
14,02/07/2010,0,76.61,2.815,182.3187801,8.743,2334788.42,2334788.42,0,,,,
14,09/07/2010,0,82.45,2.793,182.2569603,8.743,2236209.13,2236209.13,0,,,,
14,16/07/2010,0,77.84,2.783,182.2604411,8.743,2130287.27,2130287.27,0,,,,
14,23/07/2010,0,81.46,2.771,182.3509895,8.743,2044155.39,2044155.39,0,,,,
14,30/07/2010,0,79.78,2.781,182.4415378,8.743,2054843.28,2054843.28,0,,,,
14,06/08/2010,0,77.17,2.784,182.5320862,8.743,2219813.5,2248645.59,-28832.09,,,,
14,13/08/2010,0,78.44,2.805,182.6226346,8.743,2052984.81,2052984.81,0,,,,
14,20/08/2010,0,76.01,2.779,182.6165205,8.743,2057138.31,2052984.81,4153.5,,,,
14,27/08/2010,0,71.36,2.755,182.6104063,8.743,2020332.07,2020332.07,0,,,,
14,03/09/2010,0,78.37,2.715,182.6042922,8.743,2182563.66,2182563.66,0,,,,
14,10/09/2010,1,70.87,2.699,182.598178,8.743,2191767.76,1704218.84,487548.92,,,,
14,17/09/2010,0,66.55,2.706,182.622509,8.743,1953539.85,1953539.85,0,,,,
14,24/09/2010,0,68.59,2.713,182.6696737,8.743,1879891.13,1879891.13,0,,,,
14,01/10/2010,0,70.58,2.707,182.7168385,8.724,1855703.66,1855703.66,0,,,,
14,08/10/2010,0,56.49,2.764,182.7640032,8.724,2091663.2,1932162.63,159500.57,,,,
14,15/10/2010,0,58.61,2.868,182.8106203,8.724,1932162.63,1932162.63,0,,,,
14,22/10/2010,0,53.15,2.917,182.8558685,8.724,1936621.09,1936621.09,0,,,,
14,29/10/2010,0,61.3,2.921,182.9011166,8.724,1984768.34,1936621.09,48147.25,,,,
14,05/11/2010,0,45.65,2.917,182.9463648,8.724,2078417.47,2078417.47,0,,,,
14,12/11/2010,0,46.14,2.931,182.9916129,8.724,2092189.06,2092189.06,0,,,,
14,19/11/2010,0,50.02,3,182.8989385,8.724,1968462.58,1968462.58,0,,,,
14,26/11/2010,1,46.15,3.039,182.7832769,8.724,2921709.71,2921709.71,0,,,,
14,03/12/2010,0,40.93,3.046,182.6676154,8.724,2258489.63,2921709.71,-663220.08,,,,
14,10/12/2010,0,30.54,3.109,182.5519538,8.724,2600519.26,3818686.45,-1218167.19,,,,
14,17/12/2010,0,30.51,3.14,182.517732,8.724,2762861.41,3818686.45,-1055825.04,,,,
14,24/12/2010,0,30.59,3.141,182.54459,8.724,3818686.45,3818686.45,0,,,,
14,31/12/2010,1,29.67,3.179,182.5714479,8.724,1623716.46,1623716.46,0,,,,
14,07/01/2011,0,34.32,3.193,182.5983058,8.549,1864746.1,1864746.1,0,,,,
14,14/01/2011,0,24.78,3.205,182.6585782,8.549,1699095.9,1699095.9,0,,,,
14,21/01/2011,0,30.55,3.229,182.9193368,8.549,1743188.87,1743188.87,0,,,,
14,28/01/2011,0,24.05,3.237,183.1800955,8.549,1613718.38,1613718.38,0,,,,
14,04/02/2011,0,28.73,3.231,183.4408542,8.549,1995891.87,1995891.87,0,,,,
14,11/02/2011,1,30.3,3.239,183.7016129,8.549,1980405.03,1980405.03,0,,,,
14,18/02/2011,0,40.7,3.245,183.9371353,8.549,2019031.67,2019031.67,0,,,,
14,25/02/2011,0,35.78,3.274,184.1625632,8.549,1875708.88,1875708.88,0,,,,
14,04/03/2011,0,38.65,3.433,184.3879911,8.549,2041215.61,2041215.61,0,,,,
14,11/03/2011,0,45.01,3.582,184.613419,8.549,1931104.67,1931104.67,0,,,,
14,18/03/2011,0,46.66,3.631,184.809719,8.549,1932491.42,1932491.42,0,,,,
14,25/03/2011,0,41.76,3.625,184.9943679,8.549,1879451.23,1879451.23,0,,,,
14,01/04/2011,0,37.27,3.638,185.1790167,8.521,1869110.55,2037798.88,-168688.33,,,,
14,08/04/2011,0,48.71,3.72,185.3636656,8.521,2037798.88,2037798.88,0,,,,
14,15/04/2011,0,53.69,3.821,185.5339821,8.521,1974960.86,1974960.86,0,,,,
14,22/04/2011,0,53.04,3.892,185.6684673,8.521,2256461.39,2256461.39,0,,,,
14,29/04/2011,0,66.18,3.962,185.8029526,8.521,1930617.64,1930617.64,0,,,,
14,06/05/2011,0,58.21,4.046,185.9374378,8.521,2095599.93,2095599.93,0,,,,
14,13/05/2011,0,60.38,4.066,186.0719231,8.521,2004330.3,2004330.3,0,,,,
14,20/05/2011,0,62.28,4.062,185.9661154,8.521,1959967.8,1959967.8,0,,,,
14,27/05/2011,0,69.7,3.985,185.8603077,8.521,2080694.24,2080694.24,0,,,,
14,03/06/2011,0,76.38,3.922,185.7545,8.521,2079899.47,2079899.47,0,,,,
14,10/06/2011,0,73.88,3.881,185.6486923,8.521,2132446,2132446,0,,,,
14,17/06/2011,0,69.32,3.842,185.6719333,8.521,2082083.34,2082083.34,0,,,,
14,24/06/2011,0,74.85,3.804,185.7919609,8.521,2069523.52,2069523.52,0,,,,
14,01/07/2011,0,74.04,3.748,185.9119885,8.625,2074668.19,2074668.19,0,,,,
14,08/07/2011,0,77.49,3.711,186.032016,8.625,2063401.06,2063401.06,0,,,,
14,15/07/2011,0,78.47,3.76,186.1399808,8.625,1953544.76,1953544.76,0,,,,
14,22/07/2011,0,82.33,3.811,186.2177885,8.625,1882070.88,1953544.76,-71473.88,,,,
14,29/07/2011,0,81.31,3.829,186.2955962,8.625,1871021.01,1871021.01,0,,,,
14,05/08/2011,0,78.22,3.842,186.3734038,8.625,2066020.69,1871021.01,194999.68,,,,
14,12/08/2011,0,77,3.812,186.4512115,8.625,1928773.82,1928773.82,0,,,,
14,19/08/2011,0,72.98,3.747,186.5093071,8.625,1896873.99,1896873.99,0,,,,
14,26/08/2011,0,72.55,3.704,186.5641172,8.625,2273470.62,1896873.99,376596.63,,,,
14,02/09/2011,0,70.63,3.703,186.6189274,8.625,1750891.47,1896873.99,-145982.52,,,,
14,09/09/2011,1,71.48,3.738,186.6737376,8.625,2202742.9,2202742.9,0,,,,
14,16/09/2011,0,69.17,3.742,186.8024,8.625,1864637.89,1864637.89,0,,,,
14,23/09/2011,0,63.75,3.711,187.0295321,8.625,1871555.64,1871555.64,0,,,,
14,30/09/2011,0,70.66,3.645,187.2566641,8.625,1809989.29,1809989.29,0,,,,
14,07/10/2011,0,55.82,3.583,187.4837962,8.523,2078796.76,2009004.59,69792.17,,,,
14,14/10/2011,0,63.82,3.541,187.6917481,8.523,1890870.75,1890870.75,0,,,,
14,21/10/2011,0,59.6,3.57,187.7846197,8.523,2009004.59,2009004.59,0,,,,
14,28/10/2011,0,51.78,3.569,187.8774913,8.523,2056846.12,2056846.12,0,,,,
14,04/11/2011,0,43.92,3.551,187.9703629,8.523,2174056.71,2174056.71,0,,,,
14,11/11/2011,0,47.65,3.53,188.0632345,8.523,2081534.65,2174056.71,-92522.06,,,,
14,18/11/2011,0,51.34,3.53,188.1983654,8.523,1969360.72,2143080.57,-173719.85,,,,
14,25/11/2011,1,48.71,3.492,188.3504,8.523,2685351.81,2685351.81,0,,,,
14,02/12/2011,0,50.19,3.452,188.5024346,8.523,2143080.57,2143080.57,0,,,,
14,09/12/2011,0,46.57,3.415,188.6544692,8.523,2470581.29,2470581.29,0,,,,
14,16/12/2011,0,39.93,3.413,188.7979349,8.523,2594363.09,2594363.09,0,,,,
14,23/12/2011,0,42.27,3.389,188.9299752,8.523,3369068.99,3369068.99,0,,,,
14,30/12/2011,1,37.79,3.389,189.0620155,8.523,1914148.89,1914148.89,0,,,,
14,06/01/2012,0,35.88,3.422,189.1940558,8.424,1859144.96,1914148.89,-55003.93,,,,
14,13/01/2012,0,41.18,3.513,189.3260962,8.424,1696248.27,1595362.27,100886,,,,
14,20/01/2012,0,31.85,3.533,189.4214733,8.424,1789113.32,1789113.32,0,,,,
14,27/01/2012,0,37.93,3.567,189.5168505,8.424,1595362.27,1595362.27,0,,,,
14,03/02/2012,0,42.96,3.617,189.6122277,8.424,1877410.36,1877410.36,0,,,,
14,10/02/2012,1,37,3.64,189.7076048,8.424,2077256.24,2077256.24,0,,,,
14,17/02/2012,0,36.85,3.695,189.8424834,8.424,2020550.99,2020550.99,0,,,,
14,24/02/2012,0,42.86,3.739,190.0069881,8.424,1875040.16,1877410.36,-2370.2,,,,
14,02/03/2012,0,41.55,3.816,190.1714927,8.424,1926004.99,1926004.99,0,,,,
14,09/03/2012,0,45.52,3.848,190.3359973,8.424,2020839.31,1893447.71,127391.6,,,,
14,16/03/2012,0,50.56,3.862,190.4618964,8.424,1941040.5,1893447.71,47592.79,,,,
14,23/03/2012,0,59.45,3.9,190.5363213,8.424,1893447.71,1893447.71,0,,,,
14,30/03/2012,0,50.04,3.953,190.6107463,8.424,1905033.01,1905033.01,0,,,,
14,06/04/2012,0,49.73,3.996,190.6851712,8.567,2376022.26,2376022.26,0,,,,
14,13/04/2012,0,51.83,4.044,190.7595962,8.567,1912909.69,1912909.69,0,,,,
14,20/04/2012,0,63.13,4.027,190.8138013,8.567,1875686.44,1565352.46,310333.98,,,,
14,27/04/2012,0,53.2,4.004,190.8680064,8.567,1784029.95,1784029.95,0,,,,
14,04/05/2012,0,55.21,3.951,190.9222115,8.567,1949354.29,1565352.46,384001.83,,,,
14,11/05/2012,0,61.24,3.889,190.9764167,8.567,1987531.05,1987531.05,0,,,,
14,18/05/2012,0,66.3,3.848,190.9964479,8.567,1932233.17,1932233.17,0,,,,
14,25/05/2012,0,67.21,3.798,191.0028096,8.567,2030869.61,2030869.61,0,,,,
14,01/06/2012,0,74.48,3.742,191.0091712,8.567,2049485.49,1648570.03,400915.46,,,,
14,08/06/2012,0,64.3,3.689,191.0155329,8.567,2099615.88,2099615.88,0,,,,
14,15/06/2012,0,71.93,3.62,191.0299731,8.567,1905733.68,1905733.68,0,,,,
14,22/06/2012,0,74.22,3.564,191.0646096,8.567,1660228.88,1591835.02,68393.86,,,,
14,29/06/2012,0,75.22,3.506,191.0992462,8.567,1591835.02,1591835.02,0,,,,
14,06/07/2012,0,82.99,3.475,191.1338827,8.684,1862128.95,1862128.95,0,,,,
14,13/07/2012,0,79.97,3.523,191.1685192,8.684,1544422.35,1544422.35,0,,,,
14,20/07/2012,0,78.89,3.567,191.1670428,8.684,1553250.16,1553250.16,0,,,,
14,27/07/2012,0,77.2,3.647,191.1655664,8.684,1479514.66,1479514.66,0,,,,
14,03/08/2012,0,76.58,3.654,191.16409,8.684,1656886.46,1656886.46,0,,,,
14,10/08/2012,0,78.65,3.722,191.1626135,8.684,1648570.03,1648570.03,0,,,,
14,17/08/2012,0,75.71,3.807,191.2284919,8.684,1660433.3,1660433.3,0,,,,
14,24/08/2012,0,72.62,3.834,191.3448865,8.684,1621841.33,1621841.33,0,,,,
14,31/08/2012,0,75.09,3.867,191.461281,8.684,1613342.19,1660433.3,-47091.11,,,,
14,07/09/2012,1,75.7,3.911,191.5776756,8.684,1904512.34,1904512.34,0,,,,
14,14/09/2012,0,67.87,3.948,191.69985,8.684,1554794.22,1554794.22,0,,,,
14,21/09/2012,0,65.32,4.038,191.8567038,8.684,1565352.46,1565352.46,0,,,,
14,28/09/2012,0,64.88,3.997,192.0135577,8.684,1522512.2,1522512.2,0,,,,
14,05/10/2012,0,64.89,3.985,192.1704115,8.667,1687592.16,1687592.16,0,,,,
14,12/10/2012,0,54.47,4,192.3272654,8.667,1639585.61,1784029.95,-144444.34,,,,
14,19/10/2012,0,56.47,3.969,192.3308542,8.667,1590274.72,1590274.72,0,,,,
14,26/10/2012,0,58.85,3.882,192.3088989,8.667,1704357.62,1704357.62,0,,,,
15,05/02/2010,0,19.83,2.954,131.5279032,8.35,652122.44,660838.75,-8716.31,,,,
15,12/02/2010,1,22,2.94,131.5866129,8.35,682447.1,660838.75,21608.35,,,,
15,19/02/2010,0,27.54,2.909,131.637,8.35,660838.75,660838.75,0,,,,
15,26/02/2010,0,29.87,2.91,131.686,8.35,564883.2,605325.43,-40442.23,,,,
15,05/03/2010,0,31.79,2.919,131.735,8.35,605325.43,605325.43,0,,,,
15,12/03/2010,0,41.39,2.938,131.784,8.35,604173.59,604173.59,0,,,,
15,19/03/2010,0,44.69,2.96,131.8242903,8.35,593710.67,593710.67,0,,,,
15,26/03/2010,0,39.53,2.963,131.863129,8.35,592111.49,592111.49,0,,,,
15,02/04/2010,0,45.27,2.957,131.9019677,8.185,718470.71,718470.71,0,,,,
15,09/04/2010,0,57.77,2.992,131.9408065,8.185,634605.77,634605.77,0,,,,
15,16/04/2010,0,49.63,3.01,131.9809,8.185,641208.65,641208.65,0,,,,
15,23/04/2010,0,46.54,3.021,132.0226667,8.185,643097.6,643097.6,0,,,,
15,30/04/2010,0,49.09,3.042,132.0644333,8.185,570791.11,570791.11,0,,,,
15,07/05/2010,0,63.16,3.095,132.1062,8.185,661348.88,661348.88,0,,,,
15,14/05/2010,0,47.13,3.112,132.152129,8.185,594385.2,570791.11,23594.09,,,,
15,21/05/2010,0,59.09,3.096,132.2230323,8.185,616598.1,616598.1,0,,,,
15,28/05/2010,0,70.61,3.046,132.2939355,8.185,744772.88,693192.5,51580.38,,,,
15,04/06/2010,0,69.99,3.006,132.3648387,8.185,693192.5,693192.5,0,,,,
15,11/06/2010,0,61.04,2.972,132.4357419,8.185,619337.29,619337.29,0,,,,
15,18/06/2010,0,65.83,2.942,132.4733333,8.185,652329.53,672194.03,-19864.5,,,,
15,25/06/2010,0,72.79,2.958,132.4976,8.185,672194.03,672194.03,0,,,,
15,02/07/2010,0,66.13,2.958,132.5218667,8.099,709337.11,709337.11,0,,,,
15,09/07/2010,0,77.33,2.94,132.5461333,8.099,691497.62,598553.43,92944.19,,,,
15,16/07/2010,0,72.83,2.933,132.5667742,8.099,633203.69,633203.69,0,,,,
15,23/07/2010,0,73.2,2.924,132.5825806,8.099,598553.43,598553.43,0,,,,
15,30/07/2010,0,72.04,2.932,132.5983871,8.099,619224.06,619224.06,0,,,,
15,06/08/2010,0,72.7,2.942,132.6141935,8.099,639651.24,639651.24,0,,,,
15,13/08/2010,0,72.17,2.923,132.63,8.099,622437.08,622437.08,0,,,,
15,20/08/2010,0,71.1,2.913,132.6616129,8.099,637090.44,619224.06,17866.38,,,,
15,27/08/2010,0,65.07,2.885,132.6932258,8.099,649791.15,649791.15,0,,,,
15,03/09/2010,0,73.17,2.86,132.7248387,8.099,638647.21,638647.21,0,,,,
15,10/09/2010,1,62.36,2.837,132.7564516,8.099,641965.2,641965.2,0,,,,
15,17/09/2010,0,57.94,2.846,132.7670667,8.099,583210.87,583210.87,0,,,,
15,24/09/2010,0,62.53,2.837,132.7619333,8.099,548542.47,548542.47,0,,,,
15,01/10/2010,0,59.69,2.84,132.7568,8.067,566945.95,566945.95,0,,,,
15,08/10/2010,0,52.19,2.903,132.7516667,8.067,591603.79,591603.79,0,,,,
15,15/10/2010,0,49.96,2.999,132.7633548,8.067,577011.26,577011.26,0,,,,
15,22/10/2010,0,47.1,3.049,132.8170968,8.067,600395.73,600395.73,0,,,,
15,29/10/2010,0,55.09,3.055,132.8708387,8.067,598301.5,577011.26,21290.24,,,,
15,05/11/2010,0,40.29,3.049,132.9245806,8.067,612987.64,600395.73,12591.91,,,,
15,12/11/2010,0,39.63,3.065,132.9783226,8.067,619639.74,600395.73,19244.01,,,,
15,19/11/2010,0,44.1,3.138,132.9172,8.067,608200.81,608200.81,0,,,,
15,26/11/2010,1,40.71,3.186,132.8369333,8.067,1120018.92,1120018.92,0,,,,
15,03/12/2010,0,36,3.2,132.7566667,8.067,754134.95,754134.95,0,,,,
15,10/12/2010,0,23.97,3.255,132.6764,8.067,847294.04,847294.04,0,,,,
15,17/12/2010,0,25.3,3.301,132.6804516,8.067,983825.15,983825.15,0,,,,
15,24/12/2010,0,25.07,3.309,132.7477419,8.067,1368318.17,1368318.17,0,,,,
15,31/12/2010,1,26.54,3.336,132.8150323,8.067,543754.17,543754.17,0,,,,
15,07/01/2011,0,30.53,3.351,132.8823226,7.771,509640.77,509640.77,0,,,,
15,14/01/2011,0,19.53,3.367,132.9510645,7.771,479424.2,479424.2,0,,,,
15,21/01/2011,0,21.84,3.391,133.0285161,7.771,487311.03,487311.03,0,,,,
15,28/01/2011,0,19.61,3.402,133.1059677,7.771,481119.6,481119.6,0,,,,
15,04/02/2011,0,20.69,3.4,133.1834194,7.771,556550.85,556550.85,0,,,,
15,11/02/2011,1,21.64,3.416,133.260871,7.771,582864.35,487311.03,95553.32,,,,
15,18/02/2011,0,33.06,3.42,133.3701429,7.771,649993.5,649993.5,0,,,,
15,25/02/2011,0,20.87,3.452,133.4921429,7.771,547564.09,547564.09,0,,,,
15,04/03/2011,0,28.16,3.605,133.6141429,7.771,573374.49,870415.49,-297041,,,,
15,11/03/2011,0,34.27,3.752,133.7361429,7.771,537035.28,537035.28,0,,,,
15,18/03/2011,0,40.23,3.796,133.8492258,7.771,551553.99,551553.99,0,,,,
15,25/03/2011,0,32.63,3.789,133.9587419,7.771,527389.28,527389.28,0,,,,
15,01/04/2011,0,30.34,3.811,134.0682581,7.658,542556.05,542556.05,0,,,,
15,08/04/2011,0,40.94,3.895,134.1777742,7.658,587370.81,587370.81,0,,,,
15,15/04/2011,0,48.63,3.981,134.2784667,7.658,607691.36,607691.36,0,,,,
15,22/04/2011,0,41.37,4.061,134.3571,7.658,655318.26,655318.26,0,,,,
15,29/04/2011,0,55.46,4.117,134.4357333,7.658,560764.41,630522.67,-69758.26,,,,
15,06/05/2011,0,49.87,4.192,134.5143667,7.658,630522.67,630522.67,0,,,,
15,13/05/2011,0,57.07,4.211,134.593,7.658,630482.91,630482.91,0,,,,
15,20/05/2011,0,57.19,4.202,134.6803871,7.658,593941.9,593941.9,0,,,,
15,27/05/2011,0,65.87,4.134,134.7677742,7.658,636193.24,593941.9,42251.34,,,,
15,03/06/2011,0,69.8,4.069,134.8551613,7.658,695396.19,695396.19,0,,,,
15,10/06/2011,0,69.86,4.025,134.9425484,7.658,642679.81,642679.81,0,,,,
15,17/06/2011,0,63.9,3.989,135.0837333,7.658,639928.85,639928.85,0,,,,
15,24/06/2011,0,69.96,3.964,135.2652667,7.658,656594.95,656594.95,0,,,,
15,01/07/2011,0,67.43,3.916,135.4468,7.806,674669.16,605413.17,69255.99,,,,
15,08/07/2011,0,73.47,3.886,135.6283333,7.806,635118.48,635118.48,0,,,,
15,15/07/2011,0,73.34,3.915,135.7837419,7.806,624114.56,624114.56,0,,,,
15,22/07/2011,0,79.97,3.972,135.8738387,7.806,607475.44,607475.44,0,,,,
15,29/07/2011,0,74.67,4.004,135.9639355,7.806,577511.02,577511.02,0,,,,
15,05/08/2011,0,73.63,4.02,136.0540323,7.806,607961.21,607961.21,0,,,,
15,12/08/2011,0,70.63,3.995,136.144129,7.806,590836.37,590836.37,0,,,,
15,19/08/2011,0,70.41,3.942,136.183129,7.806,599488.98,599488.98,0,,,,
15,26/08/2011,0,69.19,3.906,136.2136129,7.806,605413.17,605413.17,0,,,,
15,02/09/2011,0,67.63,3.879,136.2440968,7.806,649159.68,649159.68,0,,,,
15,09/09/2011,1,67.59,3.93,136.2745806,7.806,607593.51,649159.68,-41566.17,,,,
15,16/09/2011,0,62.1,3.937,136.3145,7.806,545052.34,537300.94,7751.4,,,,
15,23/09/2011,0,59,3.899,136.367,7.806,545570.86,545570.86,0,,,,
15,30/09/2011,0,64.87,3.858,136.4195,7.806,521297.31,521297.31,0,,,,
15,07/10/2011,0,51.24,3.775,136.472,7.866,579068.88,603318.89,-24250.01,,,,
15,14/10/2011,0,61.3,3.744,136.5150968,7.866,537300.94,537300.94,0,,,,
15,21/10/2011,0,51.67,3.757,136.5017742,7.866,603318.89,603318.89,0,,,,
15,28/10/2011,0,45.54,3.757,136.4884516,7.866,589842.69,603318.89,-13476.2,,,,
15,04/11/2011,0,43.39,3.738,136.475129,7.866,615121.78,615121.78,0,,,,
15,11/11/2011,0,47.13,3.719,136.4618065,7.866,618949.82,618949.82,0,,,,
15,18/11/2011,0,46.53,3.717,136.4666667,7.866,597856.51,597856.51,0,,,,
15,25/11/2011,1,41.1,3.689,136.4788,7.866,1066478.1,1066478.1,0,,,,
15,02/12/2011,0,45.67,3.666,136.4909333,7.866,699028.66,699028.66,0,,,,
15,09/12/2011,0,38.53,3.627,136.5030667,7.866,764565.55,764565.55,0,,,,
15,16/12/2011,0,35.49,3.611,136.5335161,7.866,870415.49,870415.49,0,,,,
15,23/12/2011,0,34.93,3.587,136.5883871,7.866,1182691.87,1182691.87,0,,,,
15,30/12/2011,1,31.44,3.566,136.6432581,7.866,603460.79,603460.79,0,,,,
15,06/01/2012,0,30.24,3.585,136.698129,7.943,516087.65,516087.65,0,,,,
15,13/01/2012,0,36.26,3.666,136.753,7.943,454183.42,1182691.87,-728508.45,,,,
15,20/01/2012,0,21.39,3.705,136.8564194,7.943,492721.85,492721.85,0,,,,
15,27/01/2012,0,30.87,3.737,136.9598387,7.943,466045.63,466045.63,0,,,,
15,03/02/2012,0,35.3,3.796,137.0632581,7.943,523831.64,523831.64,0,,,,
15,10/02/2012,1,31.91,3.826,137.1666774,7.943,628218.22,523831.64,104386.58,,,,
15,17/02/2012,0,30.26,3.874,137.2583103,7.943,598502.83,598502.83,0,,,,
15,24/02/2012,0,33.18,3.917,137.3411034,7.943,561137.06,561137.06,0,,,,
15,02/03/2012,0,33.24,3.983,137.4238966,7.943,541292.64,541292.64,0,,,,
15,09/03/2012,0,36.97,4.021,137.5066897,7.943,545120.67,545120.67,0,,,,
15,16/03/2012,0,47.42,4.021,137.5843871,7.943,570611.23,570611.23,0,,,,
15,23/03/2012,0,58.92,4.054,137.6552903,7.943,565481.88,565481.88,0,,,,
15,30/03/2012,0,42.65,4.098,137.7261935,7.943,557547.25,557547.25,0,,,,
15,06/04/2012,0,40.01,4.143,137.7970968,8.15,659950.36,659950.36,0,,,,
15,13/04/2012,0,43.52,4.187,137.868,8.15,558585.13,558585.13,0,,,,
15,20/04/2012,0,54.47,4.17,137.9230667,8.15,534780.57,534780.57,0,,,,
15,27/04/2012,0,41.57,4.163,137.9781333,8.15,527402.62,527402.62,0,,,,
15,04/05/2012,0,51.04,4.124,138.0332,8.15,577868.38,577868.38,0,,,,
15,11/05/2012,0,54.23,4.055,138.0882667,8.15,579539.95,579539.95,0,,,,
15,18/05/2012,0,58.84,4.029,138.1065806,8.15,600050.98,600050.98,0,,,,
15,25/05/2012,0,67.97,3.979,138.1101935,8.15,693780.42,693780.42,0,,,,
15,01/06/2012,0,67.61,3.915,138.1138065,8.15,663971.26,649159.68,14811.58,,,,
15,08/06/2012,0,59.35,3.871,138.1174194,8.15,611390.67,545570.86,65819.81,,,,
15,15/06/2012,0,67.7,3.786,138.1295333,8.15,636737.65,636737.65,0,,,,
15,22/06/2012,0,74.28,3.722,138.1629,8.15,687085.6,687085.6,0,,,,
15,29/06/2012,0,68.91,3.667,138.1962667,8.15,624099.48,678024.75,-53925.27,,,,
15,06/07/2012,0,74.64,3.646,138.2296333,8.193,678024.75,678024.75,0,,,,
15,13/07/2012,0,72.62,3.689,138.263,8.193,591335.5,591335.5,0,,,,
15,20/07/2012,0,75.31,3.732,138.2331935,8.193,592369.22,592369.22,0,,,,
15,27/07/2012,0,73.9,3.82,138.2033871,8.193,571190.83,571190.83,0,,,,
15,03/08/2012,0,73.13,3.819,138.1735806,8.193,590739.62,590739.62,0,,,,
15,10/08/2012,0,73.99,3.863,138.1437742,8.193,590453.63,590453.63,0,,,,
15,17/08/2012,0,70.29,3.963,138.1857097,8.193,579738.2,579738.2,0,,,,
15,24/08/2012,0,66.98,3.997,138.2814516,8.193,606210.77,693780.42,-87569.65,,,,
15,31/08/2012,0,71.42,4.026,138.3771935,8.193,610185.32,592369.22,17816.1,,,,
15,07/09/2012,1,71.61,4.076,138.4729355,8.193,587259.82,592369.22,-5109.4,,,,
15,14/09/2012,0,65.44,4.088,138.5673,8.193,527509.76,527509.76,0,,,,
15,21/09/2012,0,60.34,4.203,138.6534,8.193,533161.64,533161.64,0,,,,
15,28/09/2012,0,57.13,4.158,138.7395,8.193,553901.97,553901.97,0,,,,
15,05/10/2012,0,59.57,4.151,138.8256,7.992,573498.64,545570.86,27927.78,,,,
15,12/10/2012,0,49.12,4.186,138.9117,7.992,551799.63,551799.63,0,,,,
15,19/10/2012,0,52.89,4.153,138.8336129,7.992,555652.77,534780.57,20872.2,,,,
15,26/10/2012,0,55.75,4.071,138.7281613,7.992,558473.6,558473.6,0,,,,
16,05/02/2010,0,19.79,2.58,189.3816974,7.039,477409.3,477409.3,0,,,,
16,12/02/2010,1,20.87,2.572,189.4642725,7.039,472044.28,472044.28,0,,,,
16,19/02/2010,0,21.13,2.55,189.5340998,7.039,469868.7,469868.7,0,,,,
16,26/02/2010,0,18.12,2.586,189.6018023,7.039,443242.17,443242.17,0,,,,
16,05/03/2010,0,27.92,2.62,189.6695049,7.039,444181.85,444181.85,0,,,,
16,12/03/2010,0,28.64,2.684,189.7372075,7.039,445393.74,445393.74,0,,,,
16,19/03/2010,0,33.45,2.692,189.734262,7.039,504307.35,504307.35,0,,,,
16,26/03/2010,0,29.88,2.717,189.7195417,7.039,483177.2,445393.74,37783.46,,,,
16,02/04/2010,0,36.19,2.725,189.7048215,6.842,490503.69,490503.69,0,,,,
16,09/04/2010,0,34.21,2.75,189.6901012,6.842,424083.99,424083.99,0,,,,
16,16/04/2010,0,45.69,2.765,189.6628845,6.842,436312.41,436312.41,0,,,,
16,23/04/2010,0,44.9,2.776,189.6190057,6.842,370230.94,370230.94,0,,,,
16,30/04/2010,0,37.75,2.766,189.575127,6.842,383550.93,383550.93,0,,,,
16,07/05/2010,0,37.43,2.771,189.5312483,6.842,403217.22,383550.93,19666.29,,,,
16,14/05/2010,0,41.26,2.788,189.4904116,6.842,401770.9,370230.94,31539.96,,,,
16,21/05/2010,0,47.34,2.776,189.467827,6.842,435300.51,435300.51,0,,,,
16,28/05/2010,0,52.08,2.737,189.4452425,6.842,479430,479430,0,,,,
16,04/06/2010,0,53.76,2.7,189.422658,6.842,516295.81,516295.81,0,,,,
16,11/06/2010,0,62.63,2.684,189.4000734,6.842,535587.31,535587.31,0,,,,
16,18/06/2010,0,52.4,2.674,189.4185259,6.842,540149.85,540149.85,0,,,,
16,25/06/2010,0,62.37,2.715,189.4533931,6.842,546554.96,546554.96,0,,,,
16,02/07/2010,0,64.44,2.728,189.4882603,6.868,610641.42,610641.42,0,,,,
16,09/07/2010,0,61.79,2.711,189.5231276,6.868,614253.33,546554.96,67698.37,,,,
16,16/07/2010,0,67.68,2.699,189.6125456,6.868,586583.69,586583.69,0,,,,
16,23/07/2010,0,70.67,2.691,189.774698,6.868,588344.18,588344.18,0,,,,
16,30/07/2010,0,70.71,2.69,189.9368504,6.868,562633.67,562633.67,0,,,,
16,06/08/2010,0,67.42,2.69,190.0990028,6.868,586936.45,586936.45,0,,,,
16,13/08/2010,0,63.91,2.723,190.2611552,6.868,543757.97,543757.97,0,,,,
16,20/08/2010,0,63.59,2.732,190.2948237,6.868,521516.96,521516.96,0,,,,
16,27/08/2010,0,65.66,2.731,190.3284922,6.868,581010.52,581010.52,0,,,,
16,03/09/2010,0,58.02,2.773,190.3621607,6.868,542087.89,511330.32,30757.57,,,,
16,10/09/2010,1,57.24,2.78,190.3958293,6.868,537518.57,537518.57,0,,,,
16,17/09/2010,0,56.55,2.8,190.4688287,6.868,522049.52,522049.52,0,,,,
16,24/09/2010,0,58.19,2.793,190.5713264,6.868,511330.32,511330.32,0,,,,
16,01/10/2010,0,59.39,2.759,190.6738241,6.986,463977.54,463977.54,0,,,,
16,08/10/2010,0,54.29,2.745,190.7763218,6.986,442894.2,522049.52,-79155.32,,,,
16,15/10/2010,0,45,2.762,190.8623087,6.986,452169.28,452169.28,0,,,,
16,22/10/2010,0,45.85,2.762,190.9070184,6.986,541216.92,541216.92,0,,,,
16,29/10/2010,0,35.76,2.748,190.951728,6.986,495022.51,452169.28,42853.23,,,,
16,05/11/2010,0,39.94,2.729,190.9964377,6.986,446905.02,446905.02,0,,,,
16,12/11/2010,0,34.04,2.737,191.0411474,6.986,453632.76,453632.76,0,,,,
16,19/11/2010,0,27.26,2.758,191.0312172,6.986,458634.68,458634.68,0,,,,
16,26/11/2010,1,23.46,2.742,191.0121805,6.986,651837.77,651837.77,0,,,,
16,03/12/2010,0,23.68,2.712,190.9931437,6.986,512260.59,512260.59,0,,,,
16,10/12/2010,0,32.02,2.728,190.9741069,6.986,570103.64,570103.64,0,,,,
16,17/12/2010,0,26.01,2.778,191.0303376,6.986,648652.01,648652.01,0,,,,
16,24/12/2010,0,32.46,2.781,191.1430189,6.986,1004730.69,462888.13,541842.56,,,,
16,31/12/2010,1,19.66,2.829,191.2557002,6.986,575317.38,575317.38,0,,,,
16,07/01/2011,0,12.39,2.882,191.3683815,6.614,573545.96,573545.96,0,,,,
16,14/01/2011,0,17.46,2.911,191.4784939,6.614,470365.59,470365.59,0,,,,
16,21/01/2011,0,28.6,2.973,191.5731924,6.614,462888.13,462888.13,0,,,,
16,28/01/2011,0,20.8,3.008,191.667891,6.614,448391.99,448391.99,0,,,,
16,04/02/2011,0,13.64,3.011,191.7625895,6.614,479263.15,479263.15,0,,,,
16,11/02/2011,1,15.02,3.037,191.8572881,6.614,466806.89,479263.15,-12456.26,,,,
16,18/02/2011,0,27.18,3.051,191.9178331,6.614,491179.79,491179.79,0,,,,
16,25/02/2011,0,26.15,3.101,191.9647167,6.614,475201.64,475201.64,0,,,,
16,04/03/2011,0,31.77,3.232,192.0116004,6.614,484829.07,484829.07,0,,,,
16,11/03/2011,0,29.36,3.372,192.058484,6.614,457504.35,457504.35,0,,,,
16,18/03/2011,0,36.5,3.406,192.1237981,6.614,497373.49,459756.11,37617.38,,,,
16,25/03/2011,0,32.61,3.414,192.1964844,6.614,465279.68,465279.68,0,,,,
16,01/04/2011,0,35.75,3.461,192.2691707,6.339,459756.11,459756.11,0,,,,
16,08/04/2011,0,38.04,3.532,192.3418571,6.339,439276.5,439276.5,0,,,,
16,15/04/2011,0,34.59,3.611,192.4225954,6.339,427855.24,427855.24,0,,,,
16,22/04/2011,0,40.74,3.636,192.5234638,6.339,368600,439276.5,-70676.5,,,,
16,29/04/2011,0,37.77,3.663,192.6243322,6.339,378100.31,378100.31,0,,,,
16,06/05/2011,0,38.64,3.735,192.7252006,6.339,423805.22,439276.5,-15471.28,,,,
16,13/05/2011,0,43.29,3.767,192.826069,6.339,410406.95,435397.19,-24990.24,,,,
16,20/05/2011,0,43.95,3.828,192.831317,6.339,435397.19,435397.19,0,,,,
16,27/05/2011,0,45.17,3.795,192.8365651,6.339,444718.68,435397.19,9321.49,,,,
16,03/06/2011,0,54.08,3.763,192.8418131,6.339,531080.31,531080.31,0,,,,
16,10/06/2011,0,55.78,3.735,192.8470612,6.339,600952.06,600952.06,0,,,,
16,17/06/2011,0,58.34,3.697,192.9034759,6.339,581546.23,581546.23,0,,,,
16,24/06/2011,0,54.36,3.661,192.9982655,6.339,569105.03,569105.03,0,,,,
16,01/07/2011,0,63.59,3.597,193.0930552,6.338,608737.56,608737.56,0,,,,
16,08/07/2011,0,65,3.54,193.1878448,6.338,634634.66,586841.77,47792.89,,,,
16,15/07/2011,0,65.16,3.532,193.3125484,6.338,586841.77,586841.77,0,,,,
16,22/07/2011,0,65.36,3.545,193.5120367,6.338,581758.22,581758.22,0,,,,
16,29/07/2011,0,66.84,3.547,193.711525,6.338,582381.95,582381.95,0,,,,
16,05/08/2011,0,63.96,3.554,193.9110133,6.338,592981.33,592981.33,0,,,,
16,12/08/2011,0,67.09,3.542,194.1105017,6.338,563884.47,581758.22,-17873.75,,,,
16,19/08/2011,0,68.83,3.499,194.2500634,6.338,554630.42,554630.42,0,,,,
16,26/08/2011,0,67.51,3.485,194.3796374,6.338,557312.01,581758.22,-24446.21,,,,
16,02/09/2011,0,63.44,3.511,194.5092113,6.338,580805.33,580805.33,0,,,,
16,09/09/2011,1,56.99,3.566,194.6387853,6.338,574622.56,712422.4,-137799.84,,,,
16,16/09/2011,0,53.68,3.596,194.7419707,6.338,539081.09,539081.09,0,,,,
16,23/09/2011,0,50.39,3.581,194.8099713,6.338,504856.97,539081.09,-34224.12,,,,
16,30/09/2011,0,57.61,3.538,194.8779718,6.338,450075.31,450075.31,0,,,,
16,07/10/2011,0,48.91,3.498,194.9459724,6.232,482926.93,482926.93,0,,,,
16,14/10/2011,0,39.97,3.491,195.0261012,6.232,498241.06,498241.06,0,,,,
16,21/10/2011,0,46.99,3.548,195.1789994,6.232,560104.16,482926.93,77177.23,,,,
16,28/10/2011,0,41.97,3.55,195.3318977,6.232,505918.21,505918.21,0,,,,
16,04/11/2011,0,33.43,3.527,195.4847959,6.232,511059.95,511059.95,0,,,,
16,11/11/2011,0,29.56,3.505,195.6376941,6.232,513181.31,513181.31,0,,,,
16,18/11/2011,0,31.73,3.479,195.7184713,6.232,480353.64,480353.64,0,,,,
16,25/11/2011,1,31.39,3.424,195.7704,6.232,712422.4,712422.4,0,,,,
16,02/12/2011,0,27.83,3.378,195.8223287,6.232,530492.84,530492.84,0,,,,
16,09/12/2011,0,14.44,3.331,195.8742575,6.232,574798.86,574798.86,0,,,,
16,16/12/2011,0,22.5,3.266,195.9841685,6.232,679481.9,679481.9,0,,,,
16,23/12/2011,0,20.79,3.173,196.1713893,6.232,950691.96,950691.96,0,,,,
16,30/12/2011,1,23.91,3.119,196.3586101,6.232,665861.06,475905.1,189955.96,,,,
16,06/01/2012,0,26.49,3.095,196.5458309,6.162,564538.07,564538.07,0,,,,
16,13/01/2012,0,19.55,3.077,196.7330517,6.162,508520.09,475905.1,32614.99,,,,
16,20/01/2012,0,29.3,3.055,196.7796652,6.162,474389.75,453979.19,20410.56,,,,
16,27/01/2012,0,28.17,3.038,196.8262786,6.162,453979.19,453979.19,0,,,,
16,03/02/2012,0,25.53,3.031,196.8728921,6.162,475905.1,475905.1,0,,,,
16,10/02/2012,1,23.69,3.103,196.9195056,6.162,473766.97,495720.3,-21953.33,,,,
16,17/02/2012,0,31.19,3.113,196.9432711,6.162,494069.49,494069.49,0,,,,
16,24/02/2012,0,26.21,3.129,196.9499007,6.162,495720.3,495720.3,0,,,,
16,02/03/2012,0,23.4,3.191,196.9565303,6.162,464189.09,464189.09,0,,,,
16,09/03/2012,0,28.16,3.286,196.9631599,6.162,495951.66,495951.66,0,,,,
16,16/03/2012,0,38.02,3.486,197.0457208,6.162,520850.71,520850.71,0,,,,
16,23/03/2012,0,38.7,3.664,197.2295234,6.162,493503.89,493503.89,0,,,,
16,30/03/2012,0,48.29,3.75,197.4133259,6.162,485095.41,485095.41,0,,,,
16,06/04/2012,0,48.93,3.854,197.5971285,6.169,502662.07,502662.07,0,,,,
16,13/04/2012,0,45.83,3.901,197.780931,6.169,450756.71,450756.71,0,,,,
16,20/04/2012,0,43.61,3.936,197.7227385,6.169,436221.26,450756.71,-14535.45,,,,
16,27/04/2012,0,59.69,3.927,197.664546,6.169,398445.15,398445.15,0,,,,
16,04/05/2012,0,51.34,3.903,197.6063534,6.169,426959.62,426959.62,0,,,,
16,11/05/2012,0,53.57,3.87,197.5481609,6.169,479855,479855,0,,,,
16,18/05/2012,0,56.74,3.837,197.5553137,6.169,493506.47,493506.47,0,,,,
16,25/05/2012,0,57.36,3.804,197.5886046,6.169,518045.09,518045.09,0,,,,
16,01/06/2012,0,58.97,3.764,197.6218954,6.169,532311.93,581546.23,-49234.3,,,,
16,08/06/2012,0,65.43,3.741,197.6551863,6.169,603618.89,603618.89,0,,,,
16,15/06/2012,0,65.36,3.723,197.692292,6.169,570045.79,603618.89,-33573.1,,,,
16,22/06/2012,0,70.41,3.735,197.7389345,6.169,581745.72,581745.72,0,,,,
16,29/06/2012,0,77.31,3.693,197.785577,6.169,570162.28,570162.28,0,,,,
16,06/07/2012,0,70.49,3.646,197.8322195,6.061,641763.53,641763.53,0,,,,
16,13/07/2012,0,70.29,3.613,197.8788621,6.061,569005.06,569005.06,0,,,,
16,20/07/2012,0,68.43,3.585,197.9290378,6.061,565297.54,569005.06,-3707.52,,,,
16,27/07/2012,0,69,3.57,197.9792136,6.061,539337.87,539337.87,0,,,,
16,03/08/2012,0,68.59,3.528,198.0293893,6.061,584000.71,584000.71,0,,,,
16,10/08/2012,0,70.24,3.509,198.0795651,6.061,554036.84,554036.84,0,,,,
16,17/08/2012,0,62.07,3.545,198.1001057,6.061,521896.6,521896.6,0,,,,
16,24/08/2012,0,61.44,3.558,198.0984199,6.061,551152.15,551152.15,0,,,,
16,31/08/2012,0,64.19,3.556,198.0967341,6.061,551837.31,551837.31,0,,,,
16,07/09/2012,1,60.09,3.596,198.0950484,6.061,537138.58,537138.58,0,,,,
16,14/09/2012,0,56.69,3.659,198.1267184,6.061,526525.16,526525.16,0,,,,
16,21/09/2012,0,56.48,3.765,198.358523,6.061,509942.56,509942.56,0,,,,
16,28/09/2012,0,51.4,3.789,198.5903276,6.061,469607.73,469607.73,0,,,,
16,05/10/2012,0,50.46,3.779,198.8221322,5.847,471281.68,471281.68,0,,,,
16,12/10/2012,0,43.26,3.76,199.0539368,5.847,491817.19,491817.19,0,,,,
16,19/10/2012,0,40.59,3.75,199.1481963,5.847,577198.97,516424.83,60774.14,,,,
16,26/10/2012,0,40.99,3.686,199.2195317,5.847,475770.14,516424.83,-40654.69,,,,
17,05/02/2010,0,23.11,2.666,126.4420645,6.548,789036.02,789036.02,0,,,,
17,12/02/2010,1,18.36,2.671,126.4962581,6.548,841951.91,841951.91,0,,,,
17,19/02/2010,0,25.06,2.654,126.5262857,6.548,800714,800714,0,,,,
17,26/02/2010,0,15.64,2.667,126.5522857,6.548,749549.55,749549.55,0,,,,
17,05/03/2010,0,31.58,2.681,126.5782857,6.548,783300.05,783300.05,0,,,,
17,12/03/2010,0,29.71,2.733,126.6042857,6.548,763961.82,763961.82,0,,,,
17,19/03/2010,0,33.96,2.782,126.6066452,6.548,752034.52,752034.52,0,,,,
17,26/03/2010,0,35.59,2.819,126.6050645,6.548,793097.64,793097.64,0,,,,
17,02/04/2010,0,36.94,2.842,126.6034839,6.635,848521.17,848521.17,0,,,,
17,09/04/2010,0,34.05,2.877,126.6019032,6.635,770228.02,770228.02,0,,,,
17,16/04/2010,0,45.22,2.915,126.5621,6.635,757738.76,977790.83,-220052.07,,,,
17,23/04/2010,0,52.25,2.936,126.4713333,6.635,977790.83,977790.83,0,,,,
17,30/04/2010,0,43.82,2.941,126.3805667,6.635,807798.73,807798.73,0,,,,
17,07/05/2010,0,40.26,2.948,126.2898,6.635,843848.65,848521.17,-4672.52,,,,
17,14/05/2010,0,47.28,2.962,126.2085484,6.635,813756.09,813756.09,0,,,,
17,21/05/2010,0,53.94,2.95,126.1843871,6.635,826626.5,826626.5,0,,,,
17,28/05/2010,0,48.19,2.908,126.1602258,6.635,872817.62,872817.62,0,,,,
17,04/06/2010,0,53.79,2.871,126.1360645,6.635,876902.87,871264.25,5638.62,,,,
17,11/06/2010,0,57.14,2.841,126.1119032,6.635,845252.21,893995.44,-48743.23,,,,
17,18/06/2010,0,54.94,2.819,126.114,6.635,877996.27,877996.27,0,,,,
17,25/06/2010,0,62.64,2.82,126.1266,6.635,893995.44,893995.44,0,,,,
17,02/07/2010,0,68.98,2.814,126.1392,6.697,958875.37,958875.37,0,,,,
17,09/07/2010,0,62.41,2.802,126.1518,6.697,836915.92,876591.41,-39675.49,,,,
17,16/07/2010,0,65.66,2.791,126.1498065,6.697,876591.41,876591.41,0,,,,
17,23/07/2010,0,69.66,2.797,126.1283548,6.697,893504.87,958875.37,-65370.5,,,,
17,30/07/2010,0,69.96,2.797,126.1069032,6.697,833517.19,833517.19,0,,,,
17,06/08/2010,0,70.53,2.802,126.0854516,6.697,795301.17,795301.17,0,,,,
17,13/08/2010,0,65.17,2.837,126.064,6.697,759995.18,759995.18,0,,,,
17,20/08/2010,0,67.04,2.85,126.0766452,6.697,783929.7,783929.7,0,,,,
17,27/08/2010,0,65.03,2.854,126.0892903,6.697,802583.89,802583.89,0,,,,
17,03/09/2010,0,57.86,2.868,126.1019355,6.697,834373.73,834373.73,0,,,,
17,10/09/2010,1,56.28,2.87,126.1145806,6.697,1200888.28,1200888.28,0,,,,
17,17/09/2010,0,58.53,2.875,126.1454667,6.697,871264.25,871264.25,0,,,,
17,24/09/2010,0,58.39,2.872,126.1900333,6.697,852876.29,852876.29,0,,,,
17,01/10/2010,0,60.07,2.853,126.2346,6.885,829207.27,829207.27,0,,,,
17,08/10/2010,0,58.06,2.841,126.2791667,6.885,827738.06,838297.32,-10559.26,,,,
17,15/10/2010,0,47.35,2.845,126.3266774,6.885,838297.32,838297.32,0,,,,
17,22/10/2010,0,47.95,2.849,126.3815484,6.885,815093.76,815093.76,0,,,,
17,29/10/2010,0,39.87,2.841,126.4364194,6.885,861941.25,861941.25,0,,,,
17,05/11/2010,0,42.54,2.831,126.4912903,6.885,818434.49,861941.25,-43506.76,,,,
17,12/11/2010,0,36.32,2.831,126.5461613,6.885,855459.96,855459.96,0,,,,
17,19/11/2010,0,36.31,2.842,126.6072,6.885,782252.57,782252.57,0,,,,
17,26/11/2010,1,19.03,2.83,126.6692667,6.885,1005448.76,1005448.76,0,,,,
17,03/12/2010,0,22.47,2.812,126.7313333,6.885,926573.81,926573.81,0,,,,
17,10/12/2010,0,31.64,2.817,126.7934,6.885,962475.55,962475.55,0,,,,
17,17/12/2010,0,25.13,2.842,126.8794839,6.885,1049372.38,1049372.38,0,,,,
17,24/12/2010,0,26.58,2.846,126.9835806,6.885,1309226.79,1309226.79,0,,,,
17,31/12/2010,1,20.79,2.868,127.0876774,6.885,635862.55,635862.55,0,,,,
17,07/01/2011,0,6.23,2.891,127.1917742,6.866,1083071.14,1083071.14,0,,,,
17,14/01/2011,0,16.57,2.903,127.3009355,6.866,758510.36,758510.36,0,,,,
17,21/01/2011,0,26.62,2.934,127.4404839,6.866,755804.37,755804.37,0,,,,
17,28/01/2011,0,22.16,2.96,127.5800323,6.866,736335.69,736335.69,0,,,,
17,04/02/2011,0,11.29,2.974,127.7195806,6.866,816603.05,816603.05,0,,,,
17,11/02/2011,1,14.19,3.034,127.859129,6.866,813211.46,813211.46,0,,,,
17,18/02/2011,0,26.86,3.062,127.99525,6.866,860962.91,860962.91,0,,,,
17,25/02/2011,0,24.36,3.12,128.13,6.866,767256.53,816138.33,-48881.8,,,,
17,04/03/2011,0,24.21,3.23,128.26475,6.866,816138.33,816138.33,0,,,,
17,11/03/2011,0,32.42,3.346,128.3995,6.866,779602.36,779602.36,0,,,,
17,18/03/2011,0,34.48,3.407,128.5121935,6.866,778436.81,778436.81,0,,,,
17,25/03/2011,0,36.71,3.435,128.6160645,6.866,781267.76,781267.76,0,,,,
17,01/04/2011,0,39.38,3.487,128.7199355,6.774,795859.23,795859.23,0,,,,
17,08/04/2011,0,39.16,3.547,128.8238065,6.774,811855.72,811855.72,0,,,,
17,15/04/2011,0,39.98,3.616,128.9107333,6.774,825283.43,806979.15,18304.28,,,,
17,22/04/2011,0,42.24,3.655,128.9553,6.774,1060770.11,1060770.11,0,,,,
17,29/04/2011,0,40.14,3.683,128.9998667,6.774,806979.15,806979.15,0,,,,
17,06/05/2011,0,45.66,3.744,129.0444333,6.774,882132.28,882132.28,0,,,,
17,13/05/2011,0,49.26,3.77,129.089,6.774,870625.49,870625.49,0,,,,
17,20/05/2011,0,51.93,3.802,129.0756774,6.774,844443.35,870625.49,-26182.14,,,,
17,27/05/2011,0,51.04,3.778,129.0623548,6.774,892056.64,870625.49,21431.15,,,,
17,03/06/2011,0,49.61,3.752,129.0490323,6.774,895020.48,882132.28,12888.2,,,,
17,10/06/2011,0,54.57,3.732,129.0357097,6.774,881190.46,882132.28,-941.82,,,,
17,17/06/2011,0,56.61,3.704,129.0432,6.774,894686.67,882132.28,12554.39,,,,
17,24/06/2011,0,60.99,3.668,129.0663,6.774,920719.98,882132.28,38587.7,,,,
17,01/07/2011,0,67.39,3.613,129.0894,6.745,940554.34,940554.34,0,,,,
17,08/07/2011,0,70.6,3.563,129.1125,6.745,915064.22,915064.22,0,,,,
17,15/07/2011,0,67.93,3.553,129.1338387,6.745,902727.76,940554.34,-37826.58,,,,
17,22/07/2011,0,69.82,3.563,129.1507742,6.745,899044.34,899044.34,0,,,,
17,29/07/2011,0,68.59,3.574,129.1677097,6.745,861894.77,940554.34,-78659.57,,,,
17,05/08/2011,0,65.71,3.595,129.1846452,6.745,866184.92,800819.79,65365.13,,,,
17,12/08/2011,0,64.79,3.606,129.2015806,6.745,800819.79,800819.79,0,,,,
17,19/08/2011,0,67.59,3.578,129.2405806,6.745,797523.04,797523.04,0,,,,
17,26/08/2011,0,72.04,3.57,129.2832581,6.745,837390.79,837390.79,0,,,,
17,02/09/2011,0,69.31,3.58,129.3259355,6.745,847380.07,847380.07,0,,,,
17,09/09/2011,1,61.94,3.619,129.3686129,6.745,1161900.18,1161900.18,0,,,,
17,16/09/2011,0,61.48,3.641,129.4306,6.745,1051116.95,1051116.95,0,,,,
17,23/09/2011,0,56.96,3.648,129.5183333,6.745,895535.31,895535.31,0,,,,
17,30/09/2011,0,61.4,3.623,129.6060667,6.745,868191.05,1051116.95,-182925.9,,,,
17,07/10/2011,0,54.4,3.592,129.6938,6.617,918006.9,918006.9,0,,,,
17,14/10/2011,0,47.69,3.567,129.7706452,6.617,884042.63,884042.63,0,,,,
17,21/10/2011,0,47.27,3.579,129.7821613,6.617,877380.22,877380.22,0,,,,
17,28/10/2011,0,41.89,3.567,129.7936774,6.617,936508.43,936508.43,0,,,,
17,04/11/2011,0,37.52,3.538,129.8051935,6.617,927657.63,927657.63,0,,,,
17,11/11/2011,0,27.61,3.513,129.8167097,6.617,914759.2,914759.2,0,,,,
17,18/11/2011,0,32.93,3.489,129.8268333,6.617,877724.31,914759.2,-37034.89,,,,
17,25/11/2011,1,32.81,3.445,129.8364,6.617,1225700.28,1225700.28,0,,,,
17,02/12/2011,0,26.47,3.389,129.8459667,6.617,945267.68,945267.68,0,,,,
17,09/12/2011,0,17.56,3.341,129.8555333,6.617,976522.93,976522.93,0,,,,
17,16/12/2011,0,21.07,3.282,129.8980645,6.617,1067754.06,1067754.06,0,,,,
17,23/12/2011,0,18.76,3.186,129.9845484,6.617,1289156.9,1067754.06,221402.84,,,,
17,30/12/2011,1,26.73,3.119,130.0710323,6.617,777207.3,777207.3,0,,,,
17,06/01/2012,0,27.64,3.08,130.1575161,6.403,1198104.22,1198104.22,0,,,,
17,13/01/2012,0,20.28,3.056,130.244,6.403,873576.96,873576.96,0,,,,
17,20/01/2012,0,27.26,3.047,130.2792258,6.403,809272.65,809272.65,0,,,,
17,27/01/2012,0,29.99,3.058,130.3144516,6.403,769522.33,864852.85,-95330.52,,,,
17,03/02/2012,0,26.26,3.077,130.3496774,6.403,864852.85,864852.85,0,,,,
17,10/02/2012,1,23.63,3.116,130.3849032,6.403,880165.7,777207.3,102958.4,,,,
17,17/02/2012,0,30.76,3.119,130.4546207,6.403,927084.65,927084.65,0,,,,
17,24/02/2012,0,30.01,3.145,130.5502069,6.403,843864.43,843864.43,0,,,,
17,02/03/2012,0,26.28,3.242,130.6457931,6.403,856178.47,856178.47,0,,,,
17,09/03/2012,0,32.02,3.38,130.7413793,6.403,860224.98,860224.98,0,,,,
17,16/03/2012,0,43.69,3.529,130.8261935,6.403,853136.46,853136.46,0,,,,
17,23/03/2012,0,40.69,3.671,130.8966452,6.403,851762.28,851762.28,0,,,,
17,30/03/2012,0,45.29,3.734,130.9670968,6.403,872469.03,872469.03,0,,,,
17,06/04/2012,0,43.92,3.793,131.0375484,6.235,986922.62,972716.24,14206.38,,,,
17,13/04/2012,0,46.94,3.833,131.108,6.235,877055.32,877055.32,0,,,,
17,20/04/2012,0,47.69,3.845,131.1173333,6.235,1119979.98,1119979.98,0,,,,
17,27/04/2012,0,59.11,3.842,131.1266667,6.235,925916.65,925916.65,0,,,,
17,04/05/2012,0,48.86,3.831,131.136,6.235,930121.14,930121.14,0,,,,
17,11/05/2012,0,49.96,3.809,131.1453333,6.235,944100.3,944100.3,0,,,,
17,18/05/2012,0,59.67,3.808,131.0983226,6.235,968816.33,968816.33,0,,,,
17,25/05/2012,0,55.69,3.801,131.0287742,6.235,984881.59,972716.24,12165.35,,,,
17,01/06/2012,0,54.13,3.788,130.9592258,6.235,938914.28,938914.28,0,,,,
17,08/06/2012,0,60.51,3.776,130.8896774,6.235,987990.24,987990.24,0,,,,
17,15/06/2012,0,56.67,3.756,130.8295333,6.235,964169.67,964169.67,0,,,,
17,22/06/2012,0,62.9,3.737,130.7929,6.235,981210.57,981210.57,0,,,,
17,29/06/2012,0,71.14,3.681,130.7562667,6.235,982322.24,851762.28,130559.96,,,,
17,06/07/2012,0,68.91,3.63,130.7196333,5.936,1046782.52,924299.78,122482.74,,,,
17,13/07/2012,0,72.94,3.595,130.683,5.936,960746.04,944698.7,16047.34,,,,
17,20/07/2012,0,70.59,3.556,130.7012903,5.936,944698.7,944698.7,0,,,,
17,27/07/2012,0,74.2,3.537,130.7195806,5.936,907493.24,877813.33,29679.91,,,,
17,03/08/2012,0,72.94,3.512,130.737871,5.936,877813.33,877813.33,0,,,,
17,10/08/2012,0,73.29,3.509,130.7561613,5.936,849074.04,877813.33,-28739.29,,,,
17,17/08/2012,0,70.98,3.545,130.7909677,5.936,844928.17,844928.17,0,,,,
17,24/08/2012,0,68.89,3.582,130.8381613,5.936,924299.78,924299.78,0,,,,
17,31/08/2012,0,68.07,3.624,130.8853548,5.936,865924.2,924299.78,-58375.58,,,,
17,07/09/2012,1,61.99,3.689,130.9325484,5.936,1255633.29,1255633.29,0,,,,
17,14/09/2012,0,59.64,3.749,130.9776667,5.936,1071040.22,981210.57,89829.65,,,,
17,21/09/2012,0,58.43,3.821,131.0103333,5.936,938303.28,938303.28,0,,,,
17,28/09/2012,0,57.77,3.821,131.043,5.936,972716.24,972716.24,0,,,,
17,05/10/2012,0,52.81,3.815,131.0756667,5.527,952609.17,952609.17,0,,,,
17,12/10/2012,0,44.82,3.797,131.1083333,5.527,919878.34,919878.34,0,,,,
17,19/10/2012,0,48.16,3.781,131.1499677,5.527,957356.84,944100.3,13256.54,,,,
17,26/10/2012,0,39.94,3.755,131.1930968,5.527,943465.29,943465.29,0,,,,
18,05/02/2010,0,21.33,2.788,131.5279032,9.202,1205307.5,1205307.5,0,,,,
18,12/02/2010,1,26.41,2.771,131.5866129,9.202,1187880.7,1187880.7,0,,,,
18,19/02/2010,0,30.91,2.747,131.637,9.202,1150663.42,1150663.42,0,,,,
18,26/02/2010,0,35.42,2.753,131.686,9.202,1068157.45,1068157.45,0,,,,
18,05/03/2010,0,37.17,2.766,131.735,9.202,1179738.5,1179738.5,0,,,,
18,12/03/2010,0,42.39,2.805,131.784,9.202,1138800.32,1087507.47,51292.85,,,,
18,19/03/2010,0,45.42,2.834,131.8242903,9.202,1087507.47,1087507.47,0,,,,
18,26/03/2010,0,47.55,2.831,131.863129,9.202,1092704.09,1092704.09,0,,,,
18,02/04/2010,0,45.63,2.826,131.9019677,9.269,1254107.84,1254107.84,0,,,,
18,09/04/2010,0,59.91,2.849,131.9408065,9.269,1174447.55,1174447.55,0,,,,
18,16/04/2010,0,50.26,2.885,131.9809,9.269,1135577.62,1135577.62,0,,,,
18,23/04/2010,0,50.3,2.895,132.0226667,9.269,1132433.55,1135577.62,-3144.07,,,,
18,30/04/2010,0,51.12,2.935,132.0644333,9.269,1060446.16,1060446.16,0,,,,
18,07/05/2010,0,65.64,2.981,132.1062,9.269,1222255.47,1222255.47,0,,,,
18,14/05/2010,0,49.9,2.983,132.152129,9.269,1092616.49,1060446.16,32170.33,,,,
18,21/05/2010,0,60.27,2.961,132.2230323,9.269,1101621.36,1101621.36,0,,,,
18,28/05/2010,0,69.12,2.906,132.2939355,9.269,1256282.79,1271311.76,-15028.97,,,,
18,04/06/2010,0,70.28,2.857,132.3648387,9.269,1271311.76,1271311.76,0,,,,
18,11/06/2010,0,64.08,2.83,132.4357419,9.269,1173521.82,1173521.82,0,,,,
18,18/06/2010,0,65.96,2.805,132.4733333,9.269,1183225.92,1166117.85,17108.07,,,,
18,25/06/2010,0,74.04,2.81,132.4976,9.269,1220983.17,1220983.17,0,,,,
18,02/07/2010,0,71.22,2.815,132.5218667,9.342,1257928.35,1173521.82,84406.53,,,,
18,09/07/2010,0,79.75,2.806,132.5461333,9.342,1171391.41,1115514.61,55876.8,,,,
18,16/07/2010,0,76.9,2.796,132.5667742,9.342,1115514.61,1115514.61,0,,,,
18,23/07/2010,0,75.71,2.784,132.5825806,9.342,1032908.23,1032908.23,0,,,,
18,30/07/2010,0,75.79,2.792,132.5983871,9.342,1078557.62,1078557.62,0,,,,
18,06/08/2010,0,73.67,2.792,132.6141935,9.342,1166117.85,1166117.85,0,,,,
18,13/08/2010,0,74.19,2.81,132.63,9.342,1084722.78,1084722.78,0,,,,
18,20/08/2010,0,71.76,2.796,132.6616129,9.342,1141860.67,1141860.67,0,,,,
18,27/08/2010,0,67.05,2.77,132.6932258,9.342,1214302.76,1214302.76,0,,,,
18,03/09/2010,0,75.42,2.735,132.7248387,9.342,1187359.77,1187359.77,0,,,,
18,10/09/2010,1,67.09,2.717,132.7564516,9.342,1011201.12,1011201.12,0,,,,
18,17/09/2010,0,60.94,2.716,132.7670667,9.342,997998.21,997998.21,0,,,,
18,24/09/2010,0,64.82,2.718,132.7619333,9.342,950862.92,950862.92,0,,,,
18,01/10/2010,0,67.76,2.717,132.7568,9.331,948977.5,948977.5,0,,,,
18,08/10/2010,0,54.73,2.776,132.7516667,9.331,1107432.71,1107432.71,0,,,,
18,15/10/2010,0,52.02,2.878,132.7633548,9.331,1029618.1,1029618.1,0,,,,
18,22/10/2010,0,47.12,2.919,132.8170968,9.331,1052120.43,1052120.43,0,,,,
18,29/10/2010,0,55.85,2.938,132.8708387,9.331,1038576.54,1038576.54,0,,,,
18,05/11/2010,0,42.05,2.938,132.9245806,9.331,1089530.94,1089530.94,0,,,,
18,12/11/2010,0,43.17,2.961,132.9783226,9.331,1081322.12,1081322.12,0,,,,
18,19/11/2010,0,45.26,3.03,132.9172,9.331,1045722.37,1045722.37,0,,,,
18,26/11/2010,1,40.81,3.07,132.8369333,9.331,1653759.36,1653759.36,0,,,,
18,03/12/2010,0,37.09,3.065,132.7566667,9.331,1211026.13,1211026.13,0,,,,
18,10/12/2010,0,25.64,3.132,132.6764,9.331,1416168.98,1416168.98,0,,,,
18,17/12/2010,0,27.4,3.139,132.6804516,9.331,1588430.71,1588430.71,0,,,,
18,24/12/2010,0,28.16,3.15,132.7477419,9.331,2027507.15,2027507.15,0,,,,
18,31/12/2010,1,26.1,3.177,132.8150323,9.331,887907.01,887907.01,0,,,,
18,07/01/2011,0,30.1,3.193,132.8823226,9.131,933960.3,1010562.49,-76602.19,,,,
18,14/01/2011,0,22.69,3.215,132.9510645,9.131,777175.28,777175.28,0,,,,
18,21/01/2011,0,22.55,3.232,133.0285161,9.131,891148.55,891148.55,0,,,,
18,28/01/2011,0,14.84,3.243,133.1059677,9.131,849540.85,849540.85,0,,,,
18,04/02/2011,0,20.79,3.24,133.1834194,9.131,1055841.24,1055841.24,0,,,,
18,11/02/2011,1,24.3,3.255,133.260871,9.131,1122053.58,1122053.58,0,,,,
18,18/02/2011,0,31.59,3.263,133.3701429,9.131,1095058.57,1010562.49,84496.08,,,,
18,25/02/2011,0,26.15,3.281,133.4921429,9.131,1005983.31,1005983.31,0,,,,
18,04/03/2011,0,28.49,3.437,133.6141429,9.131,1063310.62,1063310.62,0,,,,
18,11/03/2011,0,38.4,3.6,133.7361429,9.131,1002714.25,944523.3,58190.95,,,,
18,18/03/2011,0,41.12,3.634,133.8492258,9.131,945889.59,944523.3,1366.29,,,,
18,25/03/2011,0,36.65,3.624,133.9587419,9.131,944523.3,944523.3,0,,,,
18,01/04/2011,0,35.06,3.638,134.0682581,8.975,938083.17,938083.17,0,,,,
18,08/04/2011,0,43.32,3.72,134.1777742,8.975,1018541.3,1018541.3,0,,,,
18,15/04/2011,0,49.91,3.823,134.2784667,8.975,988157.72,988157.72,0,,,,
18,22/04/2011,0,45.99,3.919,134.3571,8.975,1105860.06,1105860.06,0,,,,
18,29/04/2011,0,58.82,3.988,134.4357333,8.975,974114.39,974114.39,0,,,,
18,06/05/2011,0,54.17,4.078,134.5143667,8.975,1065427.37,1065427.37,0,,,,
18,13/05/2011,0,58.48,4.095,134.593,8.975,993172.98,993172.98,0,,,,
18,20/05/2011,0,57.55,4.101,134.6803871,8.975,994610.43,993172.98,1437.45,,,,
18,27/05/2011,0,64.6,4.034,134.7677742,8.975,1065214.14,1065214.14,0,,,,
18,03/06/2011,0,70.9,3.973,134.8551613,8.975,1178039,1178039,0,,,,
18,10/06/2011,0,69.49,3.924,134.9425484,8.975,1044079.2,1044079.2,0,,,,
18,17/06/2011,0,63.23,3.873,135.0837333,8.975,1045859.39,1045859.39,0,,,,
18,24/06/2011,0,67.41,3.851,135.2652667,8.975,1056478.65,1056478.65,0,,,,
18,01/07/2011,0,69.75,3.815,135.4468,8.89,1087051.26,1087051.26,0,,,,
18,08/07/2011,0,73.12,3.784,135.6283333,8.89,1048802.62,1048802.62,0,,,,
18,15/07/2011,0,74.36,3.827,135.7837419,8.89,974916.13,974916.13,0,,,,
18,22/07/2011,0,78.68,3.882,135.8738387,8.89,991262.46,991262.46,0,,,,
18,29/07/2011,0,73.85,3.898,135.9639355,8.89,954148.64,954148.64,0,,,,
18,05/08/2011,0,74.58,3.903,136.0540323,8.89,1002806.39,1002806.39,0,,,,
18,12/08/2011,0,73.57,3.88,136.144129,8.89,928470.83,928470.83,0,,,,
18,19/08/2011,0,69.24,3.82,136.183129,8.89,932679.79,932679.79,0,,,,
18,26/08/2011,0,70.32,3.796,136.2136129,8.89,1147906.46,540922.94,606983.52,,,,
18,02/09/2011,0,68.23,3.784,136.2440968,8.89,540922.94,540922.94,0,,,,
18,09/09/2011,1,68.11,3.809,136.2745806,8.89,951549.61,951549.61,0,,,,
18,16/09/2011,0,66.23,3.809,136.3145,8.89,845715.37,845715.37,0,,,,
18,23/09/2011,0,60.44,3.758,136.367,8.89,853073.17,540922.94,312150.23,,,,
18,30/09/2011,0,69.01,3.684,136.4195,8.89,847348.08,540922.94,306425.14,,,,
18,07/10/2011,0,54.65,3.633,136.472,8.471,1019741.1,1019741.1,0,,,,
18,14/10/2011,0,60.26,3.583,136.5150968,8.471,953533.95,953533.95,0,,,,
18,21/10/2011,0,55.83,3.618,136.5017742,8.471,1048212.62,1048212.62,0,,,,
18,28/10/2011,0,45.61,3.604,136.4884516,8.471,1106642.63,1106642.63,0,,,,
18,04/11/2011,0,38.29,3.586,136.475129,8.471,1100625.06,1100625.06,0,,,,
18,11/11/2011,0,45.69,3.57,136.4618065,8.471,1079931.63,1079931.63,0,,,,
18,18/11/2011,0,47.88,3.571,136.4666667,8.471,1056992.18,1056992.18,0,,,,
18,25/11/2011,1,41.97,3.536,136.4788,8.471,1624170.99,1624170.99,0,,,,
18,02/12/2011,0,46.25,3.501,136.4909333,8.471,1188047.61,1188047.61,0,,,,
18,09/12/2011,0,42.36,3.47,136.5030667,8.471,1368471.23,1368471.23,0,,,,
18,16/12/2011,0,35.52,3.445,136.5335161,8.471,1516924.23,1516924.23,0,,,,
18,23/12/2011,0,35.78,3.413,136.5883871,8.471,1882393.4,1882393.4,0,,,,
18,30/12/2011,1,32.36,3.402,136.6432581,8.471,1010562.49,1010562.49,0,,,,
18,06/01/2012,0,31.27,3.439,136.698129,8.075,977286.07,977286.07,0,,,,
18,13/01/2012,0,35.25,3.523,136.753,8.075,890130.25,890130.25,0,,,,
18,20/01/2012,0,24.2,3.542,136.8564194,8.075,937522.77,937522.77,0,,,,
18,27/01/2012,0,30.44,3.568,136.9598387,8.075,825584.22,825584.22,0,,,,
18,03/02/2012,0,37.62,3.633,137.0632581,8.075,1049772.04,1049772.04,0,,,,
18,10/02/2012,1,32.83,3.655,137.1666774,8.075,1161615.51,1115985.81,45629.7,,,,
18,17/02/2012,0,32.87,3.703,137.2583103,8.075,1115985.81,1115985.81,0,,,,
18,24/02/2012,0,36.34,3.751,137.3411034,8.075,1037861.11,1047178.91,-9317.8,,,,
18,02/03/2012,0,33.59,3.827,137.4238966,8.075,1047178.91,1047178.91,0,,,,
18,09/03/2012,0,38.1,3.876,137.5066897,8.075,1084894.47,1084894.47,0,,,,
18,16/03/2012,0,45.84,3.867,137.5843871,8.075,1022018.43,1084894.47,-62876.04,,,,
18,23/03/2012,0,58.06,3.889,137.6552903,8.075,1031139.3,1009121.2,22018.1,,,,
18,30/03/2012,0,45.35,3.921,137.7261935,8.075,1009121.2,1009121.2,0,,,,
18,06/04/2012,0,43.8,3.957,137.7970968,8.304,1200815.3,1200815.3,0,,,,
18,13/04/2012,0,47.75,4.025,137.868,8.304,998443.5,1050027.89,-51584.39,,,,
18,20/04/2012,0,60.88,4.046,137.9230667,8.304,1025813.8,1025813.8,0,,,,
18,27/04/2012,0,50.43,4.023,137.9781333,8.304,961186.23,961186.23,0,,,,
18,04/05/2012,0,49.66,3.991,138.0332,8.304,1050027.89,1050027.89,0,,,,
18,11/05/2012,0,57.44,3.947,138.0882667,8.304,1060433.1,1060433.1,0,,,,
18,18/05/2012,0,62.31,3.899,138.1065806,8.304,1047444.59,1047444.59,0,,,,
18,25/05/2012,0,65.48,3.85,138.1101935,8.304,1088446.58,1088446.58,0,,,,
18,01/06/2012,0,71.42,3.798,138.1138065,8.304,1118313.7,1118313.7,0,,,,
18,08/06/2012,0,59.1,3.746,138.1174194,8.304,1110479.94,1110479.94,0,,,,
18,15/06/2012,0,66.58,3.683,138.1295333,8.304,1057425.83,1088446.58,-31020.75,,,,
18,22/06/2012,0,70.92,3.629,138.1629,8.304,1080357.89,1080357.89,0,,,,
18,29/06/2012,0,70.17,3.577,138.1962667,8.304,1097006.3,1097006.3,0,,,,
18,06/07/2012,0,76.08,3.538,138.2296333,8.535,1158247.31,1158247.31,0,,,,
18,13/07/2012,0,75.09,3.561,138.263,8.535,1024784.92,1024784.92,0,,,,
18,20/07/2012,0,77.43,3.61,138.2331935,8.535,1033543.56,1033543.56,0,,,,
18,27/07/2012,0,72.97,3.701,138.2033871,8.535,924506.26,924506.26,0,,,,
18,03/08/2012,0,72.67,3.698,138.1735806,8.535,1052066.58,1052066.58,0,,,,
18,10/08/2012,0,75.7,3.772,138.1437742,8.535,967304.07,967304.07,0,,,,
18,17/08/2012,0,73.25,3.84,138.1857097,8.535,1048134.24,924506.26,123627.98,,,,
18,24/08/2012,0,68.52,3.874,138.2814516,8.535,1145840.91,1145840.91,0,,,,
18,31/08/2012,0,70.09,3.884,138.3771935,8.535,1117097.23,1117097.23,0,,,,
18,07/09/2012,1,71.85,3.921,138.4729355,8.535,1083521.24,1083521.24,0,,,,
18,14/09/2012,0,64.45,3.988,138.5673,8.535,960476.1,960476.1,0,,,,
18,21/09/2012,0,60.23,4.056,138.6534,8.535,971386.65,971386.65,0,,,,
18,28/09/2012,0,58.24,4.018,138.7395,8.535,1002856.2,1002856.2,0,,,,
18,05/10/2012,0,59.68,4.027,138.8256,8.243,1092204.79,1048706.75,43498.04,,,,
18,12/10/2012,0,50.97,4.029,138.9117,8.243,1074079,1074079,0,,,,
18,19/10/2012,0,51.96,4,138.8336129,8.243,1048706.75,1048706.75,0,,,,
18,26/10/2012,0,56.09,3.917,138.7281613,8.243,1127516.25,1145840.91,-18324.66,,,,
19,05/02/2010,0,20.96,2.954,131.5279032,8.35,1507637.17,1507637.17,0,,,,
19,12/02/2010,1,23.22,2.94,131.5866129,8.35,1536549.95,1536549.95,0,,,,
19,19/02/2010,0,28.57,2.909,131.637,8.35,1515976.11,1515976.11,0,,,,
19,26/02/2010,0,30.33,2.91,131.686,8.35,1373270.06,1515976.11,-142706.05,,,,
19,05/03/2010,0,32.92,2.919,131.735,8.35,1495844.57,1495844.57,0,,,,
19,12/03/2010,0,39.06,2.938,131.784,8.35,1467889.2,1495844.57,-27955.37,,,,
19,19/03/2010,0,43.74,2.96,131.8242903,8.35,1332940.35,1427023.45,-94083.1,,,,
19,26/03/2010,0,39.07,2.963,131.863129,8.35,1427023.45,1427023.45,0,,,,
19,02/04/2010,0,45.26,2.957,131.9019677,8.185,1642970.27,1642970.27,0,,,,
19,09/04/2010,0,55.66,2.992,131.9408065,8.185,1489613.32,1489613.32,0,,,,
19,16/04/2010,0,49.67,3.01,131.9809,8.185,1460354.67,1456793.33,3561.34,,,,
19,23/04/2010,0,46.87,3.021,132.0226667,8.185,1456793.33,1456793.33,0,,,,
19,30/04/2010,0,49.89,3.042,132.0644333,8.185,1405065.57,1405065.57,0,,,,
19,07/05/2010,0,62.54,3.095,132.1062,8.185,1566219.77,1566219.77,0,,,,
19,14/05/2010,0,46.53,3.112,132.152129,8.185,1437319.45,1437319.45,0,,,,
19,21/05/2010,0,57.53,3.096,132.2230323,8.185,1377716.17,1377716.17,0,,,,
19,28/05/2010,0,68.85,3.046,132.2939355,8.185,1648882.62,1648882.62,0,,,,
19,04/06/2010,0,68.88,3.006,132.3648387,8.185,1519013.49,1519013.49,0,,,,
19,11/06/2010,0,61.64,2.972,132.4357419,8.185,1410683.94,1375458.21,35225.73,,,,
19,18/06/2010,0,66.25,2.942,132.4733333,8.185,1457314.39,1457314.39,0,,,,
19,25/06/2010,0,72.3,2.958,132.4976,8.185,1450407.32,1450407.32,0,,,,
19,02/07/2010,0,66.25,2.958,132.5218667,8.099,1549018.68,1549018.68,0,,,,
19,09/07/2010,0,78.22,2.94,132.5461333,8.099,1577541.24,1577541.24,0,,,,
19,16/07/2010,0,74.6,2.933,132.5667742,8.099,1412157.02,1412157.02,0,,,,
19,23/07/2010,0,74.68,2.924,132.5825806,8.099,1372043.71,1372043.71,0,,,,
19,30/07/2010,0,72.83,2.932,132.5983871,8.099,1366395.96,1366395.96,0,,,,
19,06/08/2010,0,74.2,2.942,132.6141935,8.099,1492060.89,1492060.89,0,,,,
19,13/08/2010,0,72.71,2.923,132.63,8.099,1418027.08,1418027.08,0,,,,
19,20/08/2010,0,72.22,2.913,132.6616129,8.099,1419383.19,1419383.19,0,,,,
19,27/08/2010,0,66.4,2.885,132.6932258,8.099,1557888.16,1557888.16,0,,,,
19,03/09/2010,0,74.69,2.86,132.7248387,8.099,1623519.64,1384243.75,239275.89,,,,
19,10/09/2010,1,63.36,2.837,132.7564516,8.099,1591453.39,1591453.39,0,,,,
19,17/09/2010,0,58.68,2.846,132.7670667,8.099,1386789.31,1386789.31,0,,,,
19,24/09/2010,0,63.43,2.837,132.7619333,8.099,1318343.58,1318343.58,0,,,,
19,01/10/2010,0,59.91,2.84,132.7568,8.067,1379456.3,1379456.3,0,,,,
19,08/10/2010,0,53.74,2.903,132.7516667,8.067,1428960.72,1428960.72,0,,,,
19,15/10/2010,0,51.32,2.999,132.7633548,8.067,1369317.63,1369317.63,0,,,,
19,22/10/2010,0,48.45,3.049,132.8170968,8.067,1357154.71,1357154.71,0,,,,
19,29/10/2010,0,56.11,3.055,132.8708387,8.067,1404576.48,1404576.48,0,,,,
19,05/11/2010,0,41.78,3.049,132.9245806,8.067,1435379.25,1435379.25,0,,,,
19,12/11/2010,0,40.3,3.065,132.9783226,8.067,1490235.86,1490235.86,0,,,,
19,19/11/2010,0,44.22,3.138,132.9172,8.067,1377593.1,1377593.1,0,,,,
19,26/11/2010,1,42.62,3.186,132.8369333,8.067,1993367.83,1993367.83,0,,,,
19,03/12/2010,0,36.64,3.2,132.7566667,8.067,1615987.96,1615987.96,0,,,,
19,10/12/2010,0,25.12,3.255,132.6764,8.067,1799070.98,1799070.98,0,,,,
19,17/12/2010,0,26.83,3.301,132.6804516,8.067,1911967.44,1911967.44,0,,,,
19,24/12/2010,0,26.05,3.309,132.7477419,8.067,2678206.42,2678206.42,0,,,,
19,31/12/2010,1,28.65,3.336,132.8150323,8.067,1275146.94,1275146.94,0,,,,
19,07/01/2011,0,31.34,3.351,132.8823226,7.771,1224175.99,1224175.99,0,,,,
19,14/01/2011,0,21.68,3.367,132.9510645,7.771,1181204.53,1430851.11,-249646.58,,,,
19,21/01/2011,0,22.8,3.391,133.0285161,7.771,1212967.84,1212967.84,0,,,,
19,28/01/2011,0,20.66,3.402,133.1059677,7.771,1284185.49,1284185.49,0,,,,
19,04/02/2011,0,21.02,3.4,133.1834194,7.771,1370562.11,1370562.11,0,,,,
19,11/02/2011,1,21.79,3.416,133.260871,7.771,1430851.11,1430851.11,0,,,,
19,18/02/2011,0,34.74,3.42,133.3701429,7.771,1457270.16,1351450.43,105819.73,,,,
19,25/02/2011,0,23.24,3.452,133.4921429,7.771,1296658.47,1296658.47,0,,,,
19,04/03/2011,0,29.28,3.605,133.6141429,7.771,1433569.44,1433569.44,0,,,,
19,11/03/2011,0,35.59,3.752,133.7361429,7.771,1351450.43,1351450.43,0,,,,
19,18/03/2011,0,40.32,3.796,133.8492258,7.771,1257972.37,1257972.37,0,,,,
19,25/03/2011,0,33.26,3.789,133.9587419,7.771,1266564.94,1266564.94,0,,,,
19,01/04/2011,0,30.68,3.811,134.0682581,7.658,1305950.22,1305950.22,0,,,,
19,08/04/2011,0,41.26,3.895,134.1777742,7.658,1419911.91,1257972.37,161939.54,,,,
19,15/04/2011,0,48.67,3.981,134.2784667,7.658,1392093.04,1392093.04,0,,,,
19,22/04/2011,0,41.66,4.061,134.3571,7.658,1514288.82,1514288.82,0,,,,
19,29/04/2011,0,54.23,4.117,134.4357333,7.658,1297237.7,1297237.7,0,,,,
19,06/05/2011,0,50.43,4.192,134.5143667,7.658,1451953.95,1355234.3,96719.65,,,,
19,13/05/2011,0,54.2,4.211,134.593,7.658,1429143.06,1429143.06,0,,,,
19,20/05/2011,0,52.8,4.202,134.6803871,7.658,1355234.3,1355234.3,0,,,,
19,27/05/2011,0,63.2,4.134,134.7677742,7.658,1388553.11,1388553.11,0,,,,
19,03/06/2011,0,66.01,4.069,134.8551613,7.658,1457345.75,1457345.75,0,,,,
19,10/06/2011,0,68.26,4.025,134.9425484,7.658,1467473.63,1467473.63,0,,,,
19,17/06/2011,0,64.02,3.989,135.0837333,7.658,1418973.62,1418973.62,0,,,,
19,24/06/2011,0,68.4,3.964,135.2652667,7.658,1440785.7,1440785.7,0,,,,
19,01/07/2011,0,67.64,3.916,135.4468,7.806,1462731.93,1440785.7,21946.23,,,,
19,08/07/2011,0,73.2,3.886,135.6283333,7.806,1465489.75,1465489.75,0,,,,
19,15/07/2011,0,73.7,3.915,135.7837419,7.806,1391580.41,1360520.56,31059.85,,,,
19,22/07/2011,0,79.37,3.972,135.8738387,7.806,1377119.45,1377119.45,0,,,,
19,29/07/2011,0,74.86,4.004,135.9639355,7.806,1298775.8,1298775.8,0,,,,
19,05/08/2011,0,73.84,4.02,136.0540323,7.806,1408968.55,1408968.55,0,,,,
19,12/08/2011,0,70.92,3.995,136.144129,7.806,1360969.45,1360969.45,0,,,,
19,19/08/2011,0,71.14,3.942,136.183129,7.806,1391792.69,1391792.69,0,,,,
19,26/08/2011,0,69.34,3.906,136.2136129,7.806,1547729.24,1547729.24,0,,,,
19,02/09/2011,0,69.27,3.879,136.2440968,7.806,1609951.02,1485540.28,124410.74,,,,
19,09/09/2011,1,68.28,3.93,136.2745806,7.806,1566712.79,1566712.79,0,,,,
19,16/09/2011,0,62.76,3.937,136.3145,7.806,1365633.53,1365633.53,0,,,,
19,23/09/2011,0,61.32,3.899,136.367,7.806,1300375.76,1300375.76,0,,,,
19,30/09/2011,0,64.99,3.858,136.4195,7.806,1330757.22,1330757.22,0,,,,
19,07/10/2011,0,53.1,3.775,136.472,7.866,1461718.87,1461718.87,0,,,,
19,14/10/2011,0,61.86,3.744,136.5150968,7.866,1318905.53,1396612.36,-77706.83,,,,
19,21/10/2011,0,52.05,3.757,136.5017742,7.866,1374863.1,1396612.36,-21749.26,,,,
19,28/10/2011,0,46.49,3.757,136.4884516,7.866,1396612.36,1396612.36,0,,,,
19,04/11/2011,0,44.97,3.738,136.475129,7.866,1480289.64,1480289.64,0,,,,
19,11/11/2011,0,48.22,3.719,136.4618065,7.866,1502078.93,1502078.93,0,,,,
19,18/11/2011,0,48.21,3.717,136.4666667,7.866,1411835.57,1411835.57,0,,,,
19,25/11/2011,1,42.75,3.689,136.4788,7.866,1974646.78,1974646.78,0,,,,
19,02/12/2011,0,45.67,3.666,136.4909333,7.866,1484708.38,1484708.38,0,,,,
19,09/12/2011,0,40.18,3.627,136.5030667,7.866,1713769.06,1713769.06,0,,,,
19,16/12/2011,0,37.07,3.611,136.5335161,7.866,1852179.15,1852179.15,0,,,,
19,23/12/2011,0,36.09,3.587,136.5883871,7.866,2480159.47,2480159.47,0,,,,
19,30/12/2011,1,31.65,3.566,136.6432581,7.866,1405168.06,1405168.06,0,,,,
19,06/01/2012,0,31.84,3.585,136.698129,7.943,1266570.4,1266570.4,0,,,,
19,13/01/2012,0,37.08,3.666,136.753,7.943,1182198.7,1182198.7,0,,,,
19,20/01/2012,0,23.44,3.705,136.8564194,7.943,1237104.73,1237104.73,0,,,,
19,27/01/2012,0,32.41,3.737,136.9598387,7.943,1279623.26,1279623.26,0,,,,
19,03/02/2012,0,36.22,3.796,137.0632581,7.943,1345311.65,1345311.65,0,,,,
19,10/02/2012,1,32.61,3.826,137.1666774,7.943,1499496.67,1499496.67,0,,,,
19,17/02/2012,0,30.95,3.874,137.2583103,7.943,1424720.27,1424720.27,0,,,,
19,24/02/2012,0,33.91,3.917,137.3411034,7.943,1352470.09,1352470.09,0,,,,
19,02/03/2012,0,34.83,3.983,137.4238966,7.943,1308977.05,1308977.05,0,,,,
19,09/03/2012,0,38.15,4.021,137.5066897,7.943,1358816.46,1358816.46,0,,,,
19,16/03/2012,0,48.2,4.021,137.5843871,7.943,1312849.1,1312849.1,0,,,,
19,23/03/2012,0,56.72,4.054,137.6552903,7.943,1342254.55,1342254.55,0,,,,
19,30/03/2012,0,43.47,4.098,137.7261935,7.943,1327139.35,1327139.35,0,,,,
19,06/04/2012,0,40.23,4.143,137.7970968,8.15,1631737.68,1631737.68,0,,,,
19,13/04/2012,0,44.42,4.187,137.868,8.15,1365098.46,1365098.46,0,,,,
19,20/04/2012,0,55.2,4.17,137.9230667,8.15,1255087.26,1255087.26,0,,,,
19,27/04/2012,0,42.45,4.163,137.9781333,8.15,1285897.24,1285897.24,0,,,,
19,04/05/2012,0,50.76,4.124,138.0332,8.15,1405007.44,1405007.44,0,,,,
19,11/05/2012,0,55.33,4.055,138.0882667,8.15,1442873.22,1442873.22,0,,,,
19,18/05/2012,0,58.81,4.029,138.1065806,8.15,1366937.1,1464616.59,-97679.49,,,,
19,25/05/2012,0,67.79,3.979,138.1101935,8.15,1485540.28,1485540.28,0,,,,
19,01/06/2012,0,68.18,3.915,138.1138065,8.15,1450733.29,1450733.29,0,,,,
19,08/06/2012,0,60.19,3.871,138.1174194,8.15,1390122.11,1279041.64,111080.47,,,,
19,15/06/2012,0,68.19,3.786,138.1295333,8.15,1440263.15,1440263.15,0,,,,
19,22/06/2012,0,75.83,3.722,138.1629,8.15,1468350.36,1317672.92,150677.44,,,,
19,29/06/2012,0,69.92,3.667,138.1962667,8.15,1379652.65,1317672.92,61979.73,,,,
19,06/07/2012,0,76.07,3.646,138.2296333,8.193,1557120.44,1557120.44,0,,,,
19,13/07/2012,0,73.17,3.689,138.263,8.193,1321741.35,1321741.35,0,,,,
19,20/07/2012,0,76.17,3.732,138.2331935,8.193,1317672.92,1317672.92,0,,,,
19,27/07/2012,0,74.43,3.82,138.2033871,8.193,1248915.43,1342123.78,-93208.35,,,,
19,03/08/2012,0,73.41,3.819,138.1735806,8.193,1342123.78,1342123.78,0,,,,
19,10/08/2012,0,74.45,3.863,138.1437742,8.193,1408907.89,1408907.89,0,,,,
19,17/08/2012,0,69.83,3.963,138.1857097,8.193,1375101.26,1375101.26,0,,,,
19,24/08/2012,0,66.66,3.997,138.2814516,8.193,1544653.37,1544653.37,0,,,,
19,31/08/2012,0,71.85,4.026,138.3771935,8.193,1542719.87,1542719.87,0,,,,
19,07/09/2012,1,72.2,4.076,138.4729355,8.193,1497073.82,1497073.82,0,,,,
19,14/09/2012,0,65.08,4.088,138.5673,8.193,1370653.41,1370653.41,0,,,,
19,21/09/2012,0,60.62,4.203,138.6534,8.193,1338572.29,1338572.29,0,,,,
19,28/09/2012,0,56.81,4.158,138.7395,8.193,1338299.02,1338299.02,0,,,,
19,05/10/2012,0,59.86,4.151,138.8256,7.992,1408016.1,1322117.96,85898.14,,,,
19,12/10/2012,0,48.29,4.186,138.9117,7.992,1352809.5,1352809.5,0,,,,
19,19/10/2012,0,53.44,4.153,138.8336129,7.992,1321102.35,1321102.35,0,,,,
19,26/10/2012,0,56.49,4.071,138.7281613,7.992,1322117.96,1322117.96,0,,,,
20,05/02/2010,0,25.92,2.784,204.2471935,8.187,2401395.47,2401395.47,0,,,,
20,12/02/2010,1,22.12,2.773,204.3857472,8.187,2109107.9,2109107.9,0,,,,
20,19/02/2010,0,25.43,2.745,204.4321004,8.187,2161549.76,2161549.76,0,,,,
20,26/02/2010,0,32.32,2.754,204.4630869,8.187,1898193.95,2161549.76,-263355.81,,,,
20,05/03/2010,0,31.75,2.777,204.4940734,8.187,2119213.72,2161549.76,-42336.04,,,,
20,12/03/2010,0,43.82,2.818,204.5250598,8.187,2010974.84,2010974.84,0,,,,
20,19/03/2010,0,47.32,2.844,204.3782258,8.187,1951848.43,2811634.04,-859785.61,,,,
20,26/03/2010,0,50.49,2.854,204.201755,8.187,1894742.95,1894742.95,0,,,,
20,02/04/2010,0,51,2.85,204.0252842,7.856,2405395.22,2405395.22,0,,,,
20,09/04/2010,0,65.1,2.869,203.8488134,7.856,2007796.26,2007796.26,0,,,,
20,16/04/2010,0,55.43,2.899,203.7307486,7.856,1985784.59,1985784.59,0,,,,
20,23/04/2010,0,50.65,2.902,203.6905586,7.856,1878862.42,1878862.42,0,,,,
20,30/04/2010,0,54.75,2.921,203.6503685,7.856,1919053.21,1919053.21,0,,,,
20,07/05/2010,0,66.74,2.966,203.6101784,7.856,2137202.38,2137202.38,0,,,,
20,14/05/2010,0,55.91,2.982,203.6133915,7.856,2033211.62,2033211.62,0,,,,
20,21/05/2010,0,60.38,2.958,203.8770235,7.856,1893736.9,1919053.21,-25316.31,,,,
20,28/05/2010,0,70.97,2.899,204.1406556,7.856,2065984.95,2065984.95,0,,,,
20,04/06/2010,0,72.52,2.847,204.4042877,7.856,2203619.35,2203619.35,0,,,,
20,11/06/2010,0,67.32,2.809,204.6679198,7.856,2100489.79,2100489.79,0,,,,
20,18/06/2010,0,72.62,2.78,204.670036,7.856,2091903.63,2091903.63,0,,,,
20,25/06/2010,0,75.17,2.808,204.5675459,7.856,1973135.87,1973135.87,0,,,,
20,02/07/2010,0,70.1,2.815,204.4650559,7.527,2143676.77,2143676.77,0,,,,
20,09/07/2010,0,78.09,2.793,204.3625658,7.527,2107285.85,2107285.85,0,,,,
20,16/07/2010,0,75.14,2.783,204.3571656,7.527,2031852.16,2031852.16,0,,,,
20,23/07/2010,0,77.75,2.771,204.4812188,7.527,1900535.9,1900535.9,0,,,,
20,30/07/2010,0,76.03,2.781,204.605272,7.527,1955896.59,1955896.59,0,,,,
20,06/08/2010,0,74.57,2.784,204.7293252,7.527,1910177.38,1910177.38,0,,,,
20,13/08/2010,0,75.98,2.805,204.8533784,7.527,2071022.45,2071022.45,0,,,,
20,20/08/2010,0,75.34,2.779,204.8217044,7.527,1975374.56,1975374.56,0,,,,
20,27/08/2010,0,70.51,2.755,204.7900305,7.527,1946369.57,1946369.57,0,,,,
20,03/09/2010,0,75.5,2.715,204.7583566,7.527,2121561.41,2121561.41,0,,,,
20,10/09/2010,1,65.02,2.699,204.7266827,7.527,2014954.79,1789687.65,225267.14,,,,
20,17/09/2010,0,65.28,2.706,204.7513279,7.527,1948359.78,1789687.65,158672.13,,,,
20,24/09/2010,0,69.37,2.713,204.8182126,7.527,1789687.65,1789687.65,0,,,,
20,01/10/2010,0,61.08,2.707,204.8850973,7.484,1933719.21,1933719.21,0,,,,
20,08/10/2010,0,51.5,2.764,204.951982,7.484,2060389.27,2060389.27,0,,,,
20,15/10/2010,0,59.17,2.868,205.0137637,7.484,1950676.39,1950676.39,0,,,,
20,22/10/2010,0,50.52,2.917,205.0627881,7.484,1893955.27,1893955.27,0,,,,
20,29/10/2010,0,57.56,2.921,205.1118126,7.484,1891816,1891816,0,,,,
20,05/11/2010,0,42.78,2.917,205.160837,7.484,2184316.64,2258616.24,-74299.6,,,,
20,12/11/2010,0,42.38,2.931,205.2098614,7.484,2187765.28,2187765.28,0,,,,
20,19/11/2010,0,45.88,3,205.0992811,7.484,2105058.91,2105058.91,0,,,,
20,26/11/2010,1,46.66,3.039,204.9621,7.484,2811634.04,2811634.04,0,,,,
20,03/12/2010,0,35.47,3.046,204.8249189,7.484,2416051.17,2416051.17,0,,,,
20,10/12/2010,0,24.27,3.109,204.6877378,7.484,2752122.08,3766687.43,-1014565.35,,,,
20,17/12/2010,0,24.07,3.14,204.6321194,7.484,2819193.17,3766687.43,-947494.26,,,,
20,24/12/2010,0,25.17,3.141,204.6376731,7.484,3766687.43,3766687.43,0,,,,
20,31/12/2010,1,28.85,3.179,204.6432267,7.484,1799737.79,1799737.79,0,,,,
20,07/01/2011,0,31.43,3.193,204.6487803,7.343,1843030.95,1843030.95,0,,,,
20,14/01/2011,0,20.39,3.205,204.7026042,7.343,1884345.01,1884345.01,0,,,,
20,21/01/2011,0,27.43,3.229,205.0460497,7.343,1781805.66,1781805.66,0,,,,
20,28/01/2011,0,23.21,3.237,205.3894952,7.343,1761506.68,1761506.68,0,,,,
20,04/02/2011,0,28.58,3.231,205.7329407,7.343,2351143.07,2351143.07,0,,,,
20,11/02/2011,1,25.38,3.239,206.0763862,7.343,2211388.14,2211388.14,0,,,,
20,18/02/2011,0,42.95,3.245,206.3694701,7.343,2258616.24,2258616.24,0,,,,
20,25/02/2011,0,33.2,3.274,206.6424093,7.343,1938608.52,1938608.52,0,,,,
20,04/03/2011,0,37.33,3.433,206.9153485,7.343,2143424.61,2143424.61,0,,,,
20,11/03/2011,0,39.53,3.582,207.1882876,7.343,1990932.77,1990932.77,0,,,,
20,18/03/2011,0,44.8,3.631,207.4283845,7.343,1931668.64,1931668.64,0,,,,
20,25/03/2011,0,44.83,3.625,207.6553444,7.343,1824711.21,1824711.21,0,,,,
20,01/04/2011,0,32.43,3.638,207.8823043,7.287,1927993.09,1927993.09,0,,,,
20,08/04/2011,0,47.09,3.72,208.1092642,7.287,2027056.39,2027056.39,0,,,,
20,15/04/2011,0,55,3.821,208.3172811,7.287,2057406.33,1884427.84,172978.49,,,,
20,22/04/2011,0,52.56,3.892,208.4779405,7.287,2313861.81,2313861.81,0,,,,
20,29/04/2011,0,62.97,3.962,208.6386,7.287,1881788.19,1881788.19,0,,,,
20,06/05/2011,0,53.41,4.046,208.7992595,7.287,2090838.44,2090838.44,0,,,,
20,13/05/2011,0,62.26,4.066,208.9599189,7.287,2036748.53,2036748.53,0,,,,
20,20/05/2011,0,59.01,4.062,208.7583165,7.287,1953416.06,1953416.06,0,,,,
20,27/05/2011,0,69.12,3.985,208.556714,7.287,1944433.17,1881788.19,62644.98,,,,
20,03/06/2011,0,73.51,3.922,208.3551116,7.287,2182246.69,2182246.69,0,,,,
20,10/06/2011,0,73.64,3.881,208.1535092,7.287,2135062.04,2135062.04,0,,,,
20,17/06/2011,0,66.41,3.842,208.1265604,7.287,2065191.27,2065191.27,0,,,,
20,24/06/2011,0,72.4,3.804,208.2306018,7.287,1950826.32,1950826.32,0,,,,
20,01/07/2011,0,69.66,3.748,208.3346432,7.274,2053165.41,2053165.41,0,,,,
20,08/07/2011,0,74.69,3.711,208.4386847,7.274,2123787.79,2123787.79,0,,,,
20,15/07/2011,0,74.88,3.76,208.5309337,7.274,2039875.75,2039875.75,0,,,,
20,22/07/2011,0,78.89,3.811,208.5937018,7.274,1950904.84,2358055.3,-407150.46,,,,
20,29/07/2011,0,77.47,3.829,208.6564699,7.274,1858440.92,2189353.63,-330912.71,,,,
20,05/08/2011,0,77.8,3.842,208.719238,7.274,2189353.63,2189353.63,0,,,,
20,12/08/2011,0,73.52,3.812,208.7820061,7.274,2052246.4,2052246.4,0,,,,
20,19/08/2011,0,71.25,3.747,208.8424359,7.274,1990017.93,1990017.93,0,,,,
20,26/08/2011,0,70.15,3.704,208.902476,7.274,1933577.2,1933577.2,0,,,,
20,02/09/2011,0,70.82,3.703,208.9625161,7.274,2141765.98,2141765.98,0,,,,
20,09/09/2011,1,68.74,3.738,209.0225562,7.274,2050542.56,2050542.56,0,,,,
20,16/09/2011,0,64.02,3.742,209.1893892,7.274,1979009.46,1979009.46,0,,,,
20,23/09/2011,0,62.15,3.711,209.4986126,7.274,1888119.7,1888119.7,0,,,,
20,30/09/2011,0,63.44,3.645,209.807836,7.274,1945808.26,2050542.56,-104734.3,,,,
20,07/10/2011,0,52.42,3.583,210.1170595,7.082,2135982.79,2135982.79,0,,,,
20,14/10/2011,0,62.54,3.541,210.4027602,7.082,2010107.68,2010107.68,0,,,,
20,21/10/2011,0,53.69,3.57,210.5473252,7.082,2104241.9,2104241.9,0,,,,
20,28/10/2011,0,49.36,3.569,210.6918901,7.082,2065421.52,2065421.52,0,,,,
20,04/11/2011,0,43.88,3.551,210.8364551,7.082,2284106.6,2284106.6,0,,,,
20,11/11/2011,0,47.27,3.53,210.9810201,7.082,2269975.85,2269975.85,0,,,,
20,18/11/2011,0,49.3,3.53,211.1847207,7.082,2169933.82,2169933.82,0,,,,
20,25/11/2011,1,46.38,3.492,211.4120757,7.082,2906233.25,2906233.25,0,,,,
20,02/12/2011,0,46.32,3.452,211.6394306,7.082,2298776.83,2298776.83,0,,,,
20,09/12/2011,0,41.64,3.415,211.8667856,7.082,2546123.78,2546123.78,0,,,,
20,16/12/2011,0,37.16,3.413,212.0685039,7.082,2762816.65,2762816.65,0,,,,
20,23/12/2011,0,40.19,3.389,212.2360401,7.082,3555371.03,3555371.03,0,,,,
20,30/12/2011,1,36.35,3.389,212.4035763,7.082,2043245,2043245,0,,,,
20,06/01/2012,0,33.42,3.422,212.5711125,6.961,1964701.94,1964701.94,0,,,,
20,13/01/2012,0,37.79,3.513,212.7386486,6.961,1911510.64,1911510.64,0,,,,
20,20/01/2012,0,27.65,3.533,212.8336399,6.961,1892775.94,1892775.94,0,,,,
20,27/01/2012,0,37.19,3.567,212.9286312,6.961,1761016.51,1761016.51,0,,,,
20,03/02/2012,0,39.93,3.617,213.0236225,6.961,2203523.2,2203523.2,0,,,,
20,10/02/2012,1,33.47,3.64,213.1186138,6.961,2462978.28,1761016.51,701961.77,,,,
20,17/02/2012,0,31.11,3.695,213.2732106,6.961,2309025.16,1761016.51,548008.65,,,,
20,24/02/2012,0,39.79,3.739,213.4725116,6.961,2045837.55,2045837.55,0,,,,
20,02/03/2012,0,39.98,3.816,213.6718127,6.961,2148822.76,2148822.76,0,,,,
20,09/03/2012,0,41.14,3.848,213.8711137,6.961,2139265.4,2139265.4,0,,,,
20,16/03/2012,0,53.73,3.862,214.0167132,6.961,2064991.71,2104241.9,-39250.19,,,,
20,23/03/2012,0,66.11,3.9,214.0907105,6.961,1992436.96,1992436.96,0,,,,
20,30/03/2012,0,51.52,3.953,214.1647079,6.961,2074721.74,2135982.79,-61261.05,,,,
20,06/04/2012,0,50.06,3.996,214.2387053,7.139,2565259.92,2565259.92,0,,,,
20,13/04/2012,0,45.68,4.044,214.3127027,7.139,2045396.06,2045396.06,0,,,,
20,20/04/2012,0,60.11,4.027,214.3675045,7.139,1884427.84,1884427.84,0,,,,
20,27/04/2012,0,47.64,4.004,214.4223063,7.139,1886503.93,1886503.93,0,,,,
20,04/05/2012,0,62.74,3.951,214.4771081,7.139,2163510.89,2163510.89,0,,,,
20,11/05/2012,0,63.19,3.889,214.5319099,7.139,2168097.11,2168097.11,0,,,,
20,18/05/2012,0,60.99,3.848,214.5485571,7.139,2039222.26,2231962.13,-192739.87,,,,
20,25/05/2012,0,70.04,3.798,214.5499425,7.139,2114989,2143126.59,-28137.59,,,,
20,01/06/2012,0,73.67,3.742,214.5513278,7.139,2143126.59,2143126.59,0,,,,
20,08/06/2012,0,62.01,3.689,214.5527132,7.139,2231962.13,2231962.13,0,,,,
20,15/06/2012,0,71.51,3.62,214.5653243,7.139,2165160.29,2143126.59,22033.7,,,,
20,22/06/2012,0,76.51,3.564,214.606,7.139,2060588.69,2134680.12,-74091.43,,,,
20,29/06/2012,0,74.15,3.506,214.6466757,7.139,2055952.61,2143126.59,-87173.98,,,,
20,06/07/2012,0,79.2,3.475,214.6873514,7.28,2358055.3,2358055.3,0,,,,
20,13/07/2012,0,78.27,3.523,214.728027,7.28,2134680.12,2134680.12,0,,,,
20,20/07/2012,0,76.04,3.567,214.7331351,7.28,1970170.29,1970170.29,0,,,,
20,27/07/2012,0,74.6,3.647,214.7382432,7.28,1911559.1,1911559.1,0,,,,
20,03/08/2012,0,74.73,3.654,214.7433514,7.28,2094515.71,2094515.71,0,,,,
20,10/08/2012,0,75.4,3.722,214.7484595,7.28,2144245.39,2144245.39,0,,,,
20,17/08/2012,0,69.57,3.807,214.825578,7.28,2045061.22,2045061.22,0,,,,
20,24/08/2012,0,68.27,3.834,214.9567044,7.28,2005341.43,2062481.56,-57140.13,,,,
20,31/08/2012,0,72.66,3.867,215.0878309,7.28,2062481.56,2062481.56,0,,,,
20,07/09/2012,1,76.36,3.911,215.2189573,7.28,2080529.06,2080529.06,0,,,,
20,14/09/2012,0,64.84,3.948,215.3583757,7.28,2047949.98,2047949.98,0,,,,
20,21/09/2012,0,60.94,4.038,215.5475459,7.28,2028587.24,2028587.24,0,,,,
20,28/09/2012,0,58.65,3.997,215.7367162,7.28,2008350.58,2008350.58,0,,,,
20,05/10/2012,0,60.77,3.985,215.9258865,7.293,2246411.89,2246411.89,0,,,,
20,12/10/2012,0,47.2,4,216.1150568,7.293,2162951.36,2162951.36,0,,,,
20,19/10/2012,0,56.26,3.969,216.1464699,7.293,1999363.49,1999363.49,0,,,,
20,26/10/2012,0,60.04,3.882,216.1515902,7.293,2031650.55,2031650.55,0,,,,
21,05/02/2010,0,39.05,2.572,210.7526053,8.324,798593.88,798593.88,0,,,,
21,12/02/2010,1,37.77,2.548,210.8979935,8.324,809321.44,809321.44,0,,,,
21,19/02/2010,0,39.75,2.514,210.9451605,8.324,867283.25,867283.25,0,,,,
21,26/02/2010,0,45.31,2.561,210.9759573,8.324,749597.24,749597.24,0,,,,
21,05/03/2010,0,48.61,2.625,211.0067542,8.324,747444.32,747444.32,0,,,,
21,12/03/2010,0,57.1,2.667,211.037551,8.324,712312.89,712312.89,0,,,,
21,19/03/2010,0,54.68,2.72,210.8733316,8.324,727070,806012.48,-78942.48,,,,
21,26/03/2010,0,51.66,2.732,210.6766095,8.324,686497.53,686497.53,0,,,,
21,02/04/2010,0,64.12,2.719,210.4798874,8.2,753664.12,753664.12,0,,,,
21,09/04/2010,0,65.74,2.77,210.2831653,8.2,751181.4,680532.69,70648.71,,,,
21,16/04/2010,0,67.87,2.808,210.1495463,8.2,716026.51,716026.51,0,,,,
21,23/04/2010,0,64.21,2.795,210.1000648,8.2,718780.59,737163.2,-18382.61,,,,
21,30/04/2010,0,66.93,2.78,210.0505833,8.2,680532.69,680532.69,0,,,,
21,07/05/2010,0,70.87,2.835,210.0011018,8.2,744969.42,744969.42,0,,,,
21,14/05/2010,0,73.08,2.854,209.9984585,8.2,723559.88,723559.88,0,,,,
21,21/05/2010,0,74.24,2.826,210.2768443,8.2,753361.72,753361.72,0,,,,
21,28/05/2010,0,80.94,2.759,210.5552301,8.2,755214.26,755214.26,0,,,,
21,04/06/2010,0,82.68,2.705,210.833616,8.2,806012.48,806012.48,0,,,,
21,11/06/2010,0,83.51,2.668,211.1120018,8.2,784305.55,784305.55,0,,,,
21,18/06/2010,0,86.18,2.637,211.1096543,8.2,785104.29,785104.29,0,,,,
21,25/06/2010,0,87.01,2.653,210.9950134,8.2,769848.75,769848.75,0,,,,
21,02/07/2010,0,82.29,2.669,210.8803726,8.099,711470.8,711470.8,0,,,,
21,09/07/2010,0,81.67,2.642,210.7657317,8.099,714677.47,714677.47,0,,,,
21,16/07/2010,0,85.61,2.623,210.7577954,8.099,755098.41,755098.41,0,,,,
21,23/07/2010,0,87.17,2.608,210.8921319,8.099,765823.48,765823.48,0,,,,
21,30/07/2010,0,83.59,2.64,211.0264684,8.099,715876.27,715876.27,0,,,,
21,06/08/2010,0,90.3,2.627,211.1608049,8.099,739279.19,855882.57,-116603.38,,,,
21,13/08/2010,0,89.65,2.692,211.2951413,8.099,793589.18,793589.18,0,,,,
21,20/08/2010,0,89.58,2.664,211.2596586,8.099,848873.28,855882.57,-7009.29,,,,
21,27/08/2010,0,86.2,2.619,211.2241759,8.099,855882.57,855882.57,0,,,,
21,03/09/2010,0,82.57,2.577,211.1886931,8.099,727772.8,727772.8,0,,,,
21,10/09/2010,1,79.3,2.565,211.1532104,8.099,674055.81,674055.81,0,,,,
21,17/09/2010,0,83.03,2.582,211.1806415,8.099,684340.86,727772.8,-43431.94,,,,
21,24/09/2010,0,80.79,2.624,211.2552578,8.099,671688.06,671688.06,0,,,,
21,01/10/2010,0,70.28,2.603,211.3298742,8.163,677158.39,712312.89,-35154.5,,,,
21,08/10/2010,0,65.76,2.633,211.4044906,8.163,680579.49,680579.49,0,,,,
21,15/10/2010,0,68.61,2.72,211.4713286,8.163,693412.05,693412.05,0,,,,
21,22/10/2010,0,70.72,2.725,211.5187208,8.163,710668.45,710668.45,0,,,,
21,29/10/2010,0,67.51,2.716,211.5661131,8.163,731756.65,710668.45,21088.2,,,,
21,05/11/2010,0,58.71,2.689,211.6135053,8.163,719888.76,719888.76,0,,,,
21,12/11/2010,0,60.95,2.728,211.6608975,8.163,735796.38,735796.38,0,,,,
21,19/11/2010,0,51.71,2.771,211.5470304,8.163,756288.89,756288.89,0,,,,
21,26/11/2010,1,62.96,2.735,211.4062867,8.163,1245628.61,1245628.61,0,,,,
21,03/12/2010,0,50.43,2.708,211.265543,8.163,829210.73,829210.73,0,,,,
21,10/12/2010,0,46.35,2.843,211.1247993,8.163,943891.64,943891.64,0,,,,
21,17/12/2010,0,48.63,2.869,211.0645458,8.163,1147556.83,1587257.78,-439700.95,,,,
21,24/12/2010,0,51.29,2.886,211.0646599,8.163,1587257.78,1587257.78,0,,,,
21,31/12/2010,1,47.19,2.943,211.064774,8.163,672903.23,672903.23,0,,,,
21,07/01/2011,0,44.24,2.976,211.0648881,8.028,629152.06,596218.24,32933.82,,,,
21,14/01/2011,0,34.14,2.983,211.1176713,8.028,650789.13,650789.13,0,,,,
21,21/01/2011,0,42.72,3.016,211.4864691,8.028,663941.73,596218.24,67723.49,,,,
21,28/01/2011,0,44.04,3.01,211.8552668,8.028,649878.29,596218.24,53660.05,,,,
21,04/02/2011,0,36.33,2.989,212.2240646,8.028,596218.24,596218.24,0,,,,
21,11/02/2011,1,34.61,3.022,212.5928624,8.028,771908.51,771908.51,0,,,,
21,18/02/2011,0,59.87,3.045,212.9033115,8.028,884701.92,796277.72,88424.2,,,,
21,25/02/2011,0,61.27,3.065,213.190421,8.028,768313.85,796277.72,-27963.87,,,,
21,04/03/2011,0,59.52,3.288,213.4775305,8.028,796277.72,796277.72,0,,,,
21,11/03/2011,0,54.69,3.459,213.7646401,8.028,763479.9,763479.9,0,,,,
21,18/03/2011,0,63.26,3.488,214.0156238,8.028,793569,793569,0,,,,
21,25/03/2011,0,70.33,3.473,214.2521573,8.028,753711.32,753711.32,0,,,,
21,01/04/2011,0,56.36,3.524,214.4886908,7.931,732056.37,744782.89,-12726.52,,,,
21,08/04/2011,0,68.62,3.622,214.7252242,7.931,744782.89,744782.89,0,,,,
21,15/04/2011,0,71.01,3.743,214.9420631,7.931,768390.05,768390.05,0,,,,
21,22/04/2011,0,70.79,3.807,215.1096657,7.931,801302.01,801302.01,0,,,,
21,29/04/2011,0,70.19,3.81,215.2772683,7.931,783250.75,783250.75,0,,,,
21,06/05/2011,0,61.87,3.906,215.4448709,7.931,718898.33,718898.33,0,,,,
21,13/05/2011,0,75.04,3.899,215.6124735,7.931,754236.7,754236.7,0,,,,
21,20/05/2011,0,68.36,3.907,215.3834778,7.931,744836.56,744836.56,0,,,,
21,27/05/2011,0,76.86,3.786,215.1544822,7.931,744389.81,754236.7,-9846.89,,,,
21,03/06/2011,0,83.82,3.699,214.9254865,7.931,773878.58,773878.58,0,,,,
21,10/06/2011,0,84.71,3.648,214.6964908,7.931,794397.89,794397.89,0,,,,
21,17/06/2011,0,87.54,3.637,214.6513538,7.931,823220.43,823220.43,0,,,,
21,24/06/2011,0,85.72,3.594,214.7441108,7.931,771298.98,771298.98,0,,,,
21,01/07/2011,0,87.57,3.524,214.8368678,7.852,784639.12,784639.12,0,,,,
21,08/07/2011,0,89.16,3.48,214.9296249,7.852,734099.4,734099.4,0,,,,
21,15/07/2011,0,91.05,3.575,215.0134426,7.852,728311.15,728311.15,0,,,,
21,22/07/2011,0,90.27,3.651,215.0749122,7.852,784490.67,784490.67,0,,,,
21,29/07/2011,0,91.56,3.682,215.1363819,7.852,751167.12,751167.12,0,,,,
21,05/08/2011,0,94.22,3.684,215.1978515,7.852,783614.89,783614.89,0,,,,
21,12/08/2011,0,92.32,3.638,215.2593211,7.852,776933.37,776933.37,0,,,,
21,19/08/2011,0,90.11,3.554,215.3229307,7.852,855546.5,855546.5,0,,,,
21,26/08/2011,0,92.07,3.523,215.386897,7.852,821127.53,705557.8,115569.73,,,,
21,02/09/2011,0,91.94,3.533,215.4508632,7.852,705557.8,705557.8,0,,,,
21,09/09/2011,1,78.87,3.546,215.5148295,7.852,653989.65,653989.65,0,,,,
21,16/09/2011,0,80.62,3.526,215.6944378,7.852,653525.84,653525.84,0,,,,
21,23/09/2011,0,75.68,3.467,216.0282356,7.852,681913.29,681913.29,0,,,,
21,30/09/2011,0,78.91,3.355,216.3620333,7.852,651970.48,651970.48,0,,,,
21,07/10/2011,0,71.64,3.285,216.6958311,7.441,663452.46,663452.46,0,,,,
21,14/10/2011,0,69.79,3.274,217.0048261,7.441,671379.44,671379.44,0,,,,
21,21/10/2011,0,65.16,3.353,217.1650042,7.441,729036.06,729036.06,0,,,,
21,28/10/2011,0,65.46,3.372,217.3251824,7.441,738812,738812,0,,,,
21,04/11/2011,0,56.01,3.332,217.4853605,7.441,767358.37,718898.33,48460.04,,,,
21,11/11/2011,0,59.8,3.297,217.6455387,7.441,757369.87,757369.87,0,,,,
21,18/11/2011,0,61.9,3.308,217.8670218,7.441,737014.09,757369.87,-20355.78,,,,
21,25/11/2011,1,56.43,3.236,218.1130269,7.441,1219263.4,1219263.4,0,,,,
21,02/12/2011,0,48.72,3.172,218.3590319,7.441,793184.25,793184.25,0,,,,
21,09/12/2011,0,41.44,3.158,218.605037,7.441,897747.13,897747.13,0,,,,
21,16/12/2011,0,50.56,3.159,218.8217928,7.441,1027584.51,1027584.51,0,,,,
21,23/12/2011,0,46.54,3.112,218.9995495,7.441,1384552.17,1384552.17,0,,,,
21,30/12/2011,1,45.16,3.129,219.1773063,7.441,804362.36,804362.36,0,,,,
21,06/01/2012,0,48.1,3.157,219.355063,7.057,640181.86,611258.71,28923.15,,,,
21,13/01/2012,0,45,3.261,219.5328198,7.057,631181.25,834663.52,-203482.27,,,,
21,20/01/2012,0,52.21,3.268,219.6258417,7.057,651178.2,611258.71,39919.49,,,,
21,27/01/2012,0,50.79,3.29,219.7188636,7.057,611258.71,611258.71,0,,,,
21,03/02/2012,0,55.83,3.36,219.8118854,7.057,680725.43,680725.43,0,,,,
21,10/02/2012,1,46.52,3.409,219.9049073,7.057,770652.79,611258.71,159394.08,,,,
21,17/02/2012,0,45.03,3.51,220.0651993,7.057,834663.52,834663.52,0,,,,
21,24/02/2012,0,54.81,3.555,220.275944,7.057,747099.07,747099.07,0,,,,
21,02/03/2012,0,59.3,3.63,220.4866886,7.057,764385.4,747099.07,17286.33,,,,
21,09/03/2012,0,57.16,3.669,220.6974332,7.057,755084.4,767338.32,-12253.92,,,,
21,16/03/2012,0,63.39,3.734,220.8498468,7.057,767338.32,767338.32,0,,,,
21,23/03/2012,0,62.96,3.787,220.9244858,7.057,729759.97,767338.32,-37578.35,,,,
21,30/03/2012,0,67.87,3.845,220.9991248,7.057,724798.76,724798.76,0,,,,
21,06/04/2012,0,69.02,3.891,221.0737638,6.891,761956.58,761956.58,0,,,,
21,13/04/2012,0,69.03,3.891,221.1484028,6.891,769319.04,769319.04,0,,,,
21,20/04/2012,0,66.97,3.877,221.2021074,6.891,734858.91,734858.91,0,,,,
21,27/04/2012,0,69.21,3.814,221.255812,6.891,674829.58,674829.58,0,,,,
21,04/05/2012,0,77.53,3.749,221.3095166,6.891,697645.32,674829.58,22815.74,,,,
21,11/05/2012,0,74.14,3.688,221.3632212,6.891,649945.54,700554.16,-50608.62,,,,
21,18/05/2012,0,72.42,3.63,221.380331,6.891,700554.16,700554.16,0,,,,
21,25/05/2012,0,79.49,3.561,221.3828029,6.891,722891.24,722891.24,0,,,,
21,01/06/2012,0,79.24,3.501,221.3852748,6.891,695439.83,695439.83,0,,,,
21,08/06/2012,0,79.47,3.452,221.3877467,6.891,707895.72,707895.72,0,,,,
21,15/06/2012,0,81.51,3.393,221.4009901,6.891,727049.04,727049.04,0,,,,
21,22/06/2012,0,81.78,3.346,221.4411622,6.891,735870,735870,0,,,,
21,29/06/2012,0,88.05,3.286,221.4813343,6.891,716341.39,716341.39,0,,,,
21,06/07/2012,0,85.26,3.227,221.5215064,6.565,693013.59,693013.59,0,,,,
21,13/07/2012,0,82.51,3.256,221.5616784,6.565,668132.36,668132.36,0,,,,
21,20/07/2012,0,84.25,3.311,221.5701123,6.565,691200.33,691200.33,0,,,,
21,27/07/2012,0,88.09,3.407,221.5785461,6.565,677789.14,677789.14,0,,,,
21,03/08/2012,0,91.57,3.417,221.5869799,6.565,693785.85,693785.85,0,,,,
21,10/08/2012,0,89.57,3.494,221.5954138,6.565,700272.01,700272.01,0,,,,
21,17/08/2012,0,85.55,3.571,221.6751459,6.565,751963.81,763867.59,-11903.78,,,,
21,24/08/2012,0,77.72,3.62,221.8083518,6.565,802003.61,802003.61,0,,,,
21,31/08/2012,0,83.58,3.638,221.9415576,6.565,763867.59,763867.59,0,,,,
21,07/09/2012,1,88.4,3.73,222.0747635,6.565,642827.29,642827.29,0,,,,
21,14/09/2012,0,76.1,3.717,222.2174395,6.565,628494.63,628494.63,0,,,,
21,21/09/2012,0,71.54,3.721,222.4169362,6.565,667151.46,667151.46,0,,,,
21,28/09/2012,0,80.38,3.666,222.6164329,6.565,647097.65,647097.65,0,,,,
21,05/10/2012,0,70.28,3.617,222.8159296,6.17,651768.91,651768.91,0,,,,
21,12/10/2012,0,61.53,3.601,223.0154263,6.17,653043.44,653043.44,0,,,,
21,19/10/2012,0,68.52,3.594,223.0598077,6.17,641368.14,641368.14,0,,,,
21,26/10/2012,0,70.5,3.506,223.0783366,6.17,675202.87,675202.87,0,,,,
22,05/02/2010,0,24.36,2.788,135.3524608,8.283,1033017.37,1009201.24,23816.13,,,,
22,12/02/2010,1,28.14,2.771,135.4113076,8.283,1022571.25,1022571.25,0,,,,
22,19/02/2010,0,31.96,2.747,135.4657781,8.283,988467.61,988467.61,0,,,,
22,26/02/2010,0,35.98,2.753,135.5195191,8.283,899761.48,988467.61,-88706.13,,,,
22,05/03/2010,0,36.82,2.766,135.5732602,8.283,1009201.24,1009201.24,0,,,,
22,12/03/2010,0,43.43,2.805,135.6270013,8.283,967187.37,967187.37,0,,,,
22,19/03/2010,0,46.03,2.834,135.6682247,8.283,966145.09,966145.09,0,,,,
22,26/03/2010,0,48.56,2.831,135.7073618,8.283,1012075.12,1012075.12,0,,,,
22,02/04/2010,0,44.96,2.826,135.7464988,8.348,1177340.99,1177340.99,0,,,,
22,09/04/2010,0,57.06,2.849,135.7856359,8.348,1033171.07,1033171.07,0,,,,
22,16/04/2010,0,51.14,2.885,135.82725,8.348,1000968.67,969594.47,31374.2,,,,
22,23/04/2010,0,51.04,2.895,135.8721667,8.348,969594.47,969594.47,0,,,,
22,30/04/2010,0,50.96,2.935,135.9170833,8.348,977683.06,977683.06,0,,,,
22,07/05/2010,0,63.81,2.981,135.962,8.348,1052973.28,1052973.28,0,,,,
22,14/05/2010,0,50.99,2.983,136.010394,8.348,973585.33,977683.06,-4097.73,,,,
22,21/05/2010,0,59.99,2.961,136.0796521,8.348,979977.89,979977.89,0,,,,
22,28/05/2010,0,65.64,2.906,136.1489101,8.348,1103740.4,1103740.4,0,,,,
22,04/06/2010,0,69.49,2.857,136.2181682,8.348,1095539.13,1103740.4,-8201.27,,,,
22,11/06/2010,0,65.01,2.83,136.2874263,8.348,1061196.47,1103740.4,-42543.93,,,,
22,18/06/2010,0,67.13,2.805,136.3243393,8.348,1052895.25,1052895.25,0,,,,
22,25/06/2010,0,74.37,2.81,136.3483143,8.348,1095020.33,1095020.33,0,,,,
22,02/07/2010,0,72.88,2.815,136.3722893,8.433,1120259.71,1120259.71,0,,,,
22,09/07/2010,0,79.22,2.806,136.3962643,8.433,1092654.26,993097.43,99556.83,,,,
22,16/07/2010,0,76.3,2.796,136.4179827,8.433,988392.99,988392.99,0,,,,
22,23/07/2010,0,76.91,2.784,136.4366924,8.433,974123.2,974123.2,0,,,,
22,30/07/2010,0,76.35,2.792,136.4554021,8.433,970773.64,970773.64,0,,,,
22,06/08/2010,0,74.37,2.792,136.4741118,8.433,1010326.14,1010326.14,0,,,,
22,13/08/2010,0,74.75,2.81,136.4928214,8.433,993097.43,993097.43,0,,,,
22,20/08/2010,0,73.21,2.796,136.5249182,8.433,1017045.44,1017045.44,0,,,,
22,27/08/2010,0,68.99,2.77,136.557015,8.433,1081420.96,1081420.96,0,,,,
22,03/09/2010,0,75.85,2.735,136.5891118,8.433,1074535.88,1230514.58,-155978.7,,,,
22,10/09/2010,1,68.6,2.717,136.6212085,8.433,924174.4,924174.4,0,,,,
22,17/09/2010,0,62.49,2.716,136.6338071,8.433,918285.97,924174.4,-5888.43,,,,
22,24/09/2010,0,65.14,2.718,136.6317821,8.433,902779.25,902779.25,0,,,,
22,01/10/2010,0,69.31,2.717,136.6297571,8.572,905987.17,905987.17,0,,,,
22,08/10/2010,0,56.32,2.776,136.6277321,8.572,1015051.62,1015051.62,0,,,,
22,15/10/2010,0,55.23,2.878,136.6401935,8.572,954401.46,1025766.27,-71364.81,,,,
22,22/10/2010,0,50.24,2.919,136.688871,8.572,960998.52,960998.52,0,,,,
22,29/10/2010,0,57.73,2.938,136.7375484,8.572,1025766.27,1025766.27,0,,,,
22,05/11/2010,0,44.34,2.938,136.7862258,8.572,1006888.16,1043698.64,-36810.48,,,,
22,12/11/2010,0,44.42,2.961,136.8349032,8.572,1043698.64,1043698.64,0,,,,
22,19/11/2010,0,48.62,3.03,136.7715714,8.572,985896.44,985896.44,0,,,,
22,26/11/2010,1,44.61,3.07,136.6895714,8.572,1564502.26,1043698.64,520803.62,,,,
22,03/12/2010,0,39.42,3.065,136.6075714,8.572,1230514.58,1230514.58,0,,,,
22,10/12/2010,0,28.43,3.132,136.5255714,8.572,1367202.84,1367202.84,0,,,,
22,17/12/2010,0,30.46,3.139,136.5292811,8.572,1527682.99,1527682.99,0,,,,
22,24/12/2010,0,29.76,3.15,136.597273,8.572,1962445.04,1962445.04,0,,,,
22,31/12/2010,1,28.49,3.177,136.665265,8.572,774262.28,774262.28,0,,,,
22,07/01/2011,0,32.56,3.193,136.7332569,8.458,873954.7,873954.7,0,,,,
22,14/01/2011,0,24.76,3.215,136.803477,8.458,807535.52,807535.52,0,,,,
22,21/01/2011,0,26.8,3.232,136.8870657,8.458,855001.02,855001.02,0,,,,
22,28/01/2011,0,20.61,3.243,136.9706544,8.458,799369.15,799369.15,0,,,,
22,04/02/2011,0,26.39,3.24,137.0542431,8.458,946060.98,946060.98,0,,,,
22,11/02/2011,1,28.89,3.255,137.1378318,8.458,1009206.33,1009206.33,0,,,,
22,18/02/2011,0,35.34,3.263,137.2511849,8.458,975964.86,1009206.33,-33241.47,,,,
22,25/02/2011,0,30.23,3.281,137.3764439,8.458,911245.43,911245.43,0,,,,
22,04/03/2011,0,33.52,3.437,137.5017028,8.458,997353.15,997353.15,0,,,,
22,11/03/2011,0,41.42,3.6,137.6269617,8.458,944587.23,944587.23,0,,,,
22,18/03/2011,0,43.38,3.634,137.7398929,8.458,926427.12,926427.12,0,,,,
22,25/03/2011,0,38.77,3.624,137.8478929,8.458,933528.39,926427.12,7101.27,,,,
22,01/04/2011,0,36.04,3.638,137.9558929,8.252,951588.37,951588.37,0,,,,
22,08/04/2011,0,44.42,3.72,138.0638929,8.252,969046.69,969046.69,0,,,,
22,15/04/2011,0,48.88,3.823,138.1646952,8.252,1008557.04,1152781.9,-144224.86,,,,
22,22/04/2011,0,47.76,3.919,138.2475036,8.252,1152781.9,1152781.9,0,,,,
22,29/04/2011,0,57.2,3.988,138.3303119,8.252,926133.8,1125169.92,-199036.12,,,,
22,06/05/2011,0,53.63,4.078,138.4131202,8.252,1032076.06,1032076.06,0,,,,
22,13/05/2011,0,57.71,4.095,138.4959286,8.252,1001558.74,1001558.74,0,,,,
22,20/05/2011,0,58.56,4.101,138.587106,8.252,970307.83,970307.83,0,,,,
22,27/05/2011,0,62.59,4.034,138.6782834,8.252,1021568.34,970307.83,51260.51,,,,
22,03/06/2011,0,70.09,3.973,138.7694608,8.252,1125169.92,1125169.92,0,,,,
22,10/06/2011,0,69.53,3.924,138.8606382,8.252,1060868.49,1060868.49,0,,,,
22,17/06/2011,0,63.97,3.873,139.0028333,8.252,1042454.61,1042454.61,0,,,,
22,24/06/2011,0,68.53,3.851,139.1832917,8.252,1012584.2,1042454.61,-29870.41,,,,
22,01/07/2011,0,70.8,3.815,139.36375,8.023,1077491.68,1017050.65,60441.03,,,,
22,08/07/2011,0,74.22,3.784,139.5442083,8.023,1017050.65,1017050.65,0,,,,
22,15/07/2011,0,75.2,3.827,139.7006325,8.023,961953.57,964683.8,-2730.23,,,,
22,22/07/2011,0,77.79,3.882,139.7969712,8.023,964683.8,964683.8,0,,,,
22,29/07/2011,0,75.32,3.898,139.8933099,8.023,944958.69,944958.69,0,,,,
22,05/08/2011,0,75.33,3.903,139.9896486,8.023,983232.96,983232.96,0,,,,
22,12/08/2011,0,74.69,3.88,140.0859873,8.023,991779.2,983232.96,8546.24,,,,
22,19/08/2011,0,71.3,3.82,140.1289205,8.023,973004.91,973004.91,0,,,,
22,26/08/2011,0,72.22,3.796,140.1629528,8.023,1181815.31,1181815.31,0,,,,
22,02/09/2011,0,69.16,3.784,140.196985,8.023,912762.76,912762.76,0,,,,
22,09/09/2011,1,69.14,3.809,140.2310173,8.023,1004434.54,1004434.54,0,,,,
22,16/09/2011,0,68.08,3.809,140.2735,8.023,937420.65,937420.65,0,,,,
22,23/09/2011,0,62.36,3.758,140.32725,8.023,899834.75,899834.75,0,,,,
22,30/09/2011,0,69.78,3.684,140.381,8.023,953314.16,953314.16,0,,,,
22,07/10/2011,0,56.44,3.633,140.43475,7.706,993436.67,997868.63,-4431.96,,,,
22,14/10/2011,0,62.63,3.583,140.4784194,7.706,944337.32,944337.32,0,,,,
22,21/10/2011,0,59.3,3.618,140.4616048,7.706,981567.22,981567.22,0,,,,
22,28/10/2011,0,49.31,3.604,140.4447903,7.706,1099351.68,958487.75,140863.93,,,,
22,04/11/2011,0,42.81,3.586,140.4279758,7.706,1106575.59,1106575.59,0,,,,
22,11/11/2011,0,47.8,3.57,140.4111613,7.706,1051740.29,1051740.29,0,,,,
22,18/11/2011,0,50.62,3.571,140.4127857,7.706,1007579.44,1007579.44,0,,,,
22,25/11/2011,1,46.28,3.536,140.4217857,7.706,1535857.49,1051740.29,484117.2,,,,
22,02/12/2011,0,49.11,3.501,140.4307857,7.706,1167621.14,1167621.14,0,,,,
22,09/12/2011,0,45.35,3.47,140.4397857,7.706,1308967.44,1308967.44,0,,,,
22,16/12/2011,0,39.11,3.445,140.4700795,7.706,1453153.33,1453153.33,0,,,,
22,23/12/2011,0,39.83,3.413,140.528765,7.706,1863195.68,1863195.68,0,,,,
22,30/12/2011,1,36.28,3.402,140.5874505,7.706,982661.14,1863195.68,-880534.54,,,,
22,06/01/2012,0,34.61,3.439,140.6461359,7.503,895358.2,895358.2,0,,,,
22,13/01/2012,0,39,3.523,140.7048214,7.503,855437.57,855437.57,0,,,,
22,20/01/2012,0,29.16,3.542,140.8086118,7.503,897027.44,897027.44,0,,,,
22,27/01/2012,0,35.68,3.568,140.9124021,7.503,786459.23,1106575.59,-320116.36,,,,
22,03/02/2012,0,40.58,3.633,141.0161924,7.503,958487.75,958487.75,0,,,,
22,10/02/2012,1,35.68,3.655,141.1199827,7.503,1034448.07,1034448.07,0,,,,
22,17/02/2012,0,36.25,3.703,141.2140357,7.503,1004749.41,1004749.41,0,,,,
22,24/02/2012,0,39,3.751,141.3007857,7.503,912958.95,974866.65,-61907.7,,,,
22,02/03/2012,0,37.47,3.827,141.3875357,7.503,974866.65,974866.65,0,,,,
22,09/03/2012,0,41.72,3.876,141.4742857,7.503,991127.01,991127.01,0,,,,
22,16/03/2012,0,46.06,3.867,141.55478,7.503,966780.01,966780.01,0,,,,
22,23/03/2012,0,54.68,3.889,141.6269332,7.503,992774.4,992774.4,0,,,,
22,30/03/2012,0,46.4,3.921,141.6990864,7.503,965769.93,965769.93,0,,,,
22,06/04/2012,0,46.38,3.957,141.7712396,7.671,1197489.66,1197489.66,0,,,,
22,13/04/2012,0,49.89,4.025,141.8433929,7.671,939118.24,939118.24,0,,,,
22,20/04/2012,0,58.81,4.046,141.9015262,7.671,1000342.87,1000342.87,0,,,,
22,27/04/2012,0,51.42,4.023,141.9596595,7.671,922539.94,1000342.87,-77802.93,,,,
22,04/05/2012,0,50.75,3.991,142.0177929,7.671,1005083.31,1005083.31,0,,,,
22,11/05/2012,0,56.72,3.947,142.0759262,7.671,997868.63,997868.63,0,,,,
22,18/05/2012,0,61.9,3.899,142.0970115,7.671,986612.02,986612.02,0,,,,
22,25/05/2012,0,62.39,3.85,142.1032776,7.671,1047297.38,1047297.38,0,,,,
22,01/06/2012,0,70.01,3.798,142.1095438,7.671,1102857.37,1102857.37,0,,,,
22,08/06/2012,0,61.71,3.746,142.1158099,7.671,1061134.37,1061134.37,0,,,,
22,15/06/2012,0,66.56,3.683,142.1292548,7.671,1061219.19,1061219.19,0,,,,
22,22/06/2012,0,70.61,3.629,142.1606464,7.671,1112449.3,1061219.19,51230.11,,,,
22,29/06/2012,0,70.99,3.577,142.1920381,7.671,1053881.78,1061219.19,-7337.41,,,,
22,06/07/2012,0,77.41,3.538,142.2234298,7.753,1097786.14,1097786.14,0,,,,
22,13/07/2012,0,75.81,3.561,142.2548214,7.753,971361.38,971361.38,0,,,,
22,20/07/2012,0,76.57,3.61,142.2337569,7.753,991969.37,991969.37,0,,,,
22,27/07/2012,0,73.52,3.701,142.2126924,7.753,925731.21,1007257.83,-81526.62,,,,
22,03/08/2012,0,72.99,3.698,142.1916279,7.753,1007257.83,1007257.83,0,,,,
22,10/08/2012,0,76.74,3.772,142.1705634,7.753,973812.79,973812.79,0,,,,
22,17/08/2012,0,74.92,3.84,142.2157385,7.753,981273.26,981273.26,0,,,,
22,24/08/2012,0,70.42,3.874,142.3105933,7.753,1060906.75,1060906.75,0,,,,
22,31/08/2012,0,71.93,3.884,142.4054482,7.753,1022270.86,1022270.86,0,,,,
22,07/09/2012,1,73.3,3.921,142.500303,7.753,996628.8,996628.8,0,,,,
22,14/09/2012,0,66.42,3.988,142.5938833,7.753,918049.28,918049.28,0,,,,
22,21/09/2012,0,63.38,4.056,142.6798167,7.753,921612.53,921612.53,0,,,,
22,28/09/2012,0,62.17,4.018,142.76575,7.753,976479.51,976479.51,0,,,,
22,05/10/2012,0,62.09,4.027,142.8516833,7.543,1009887.36,1009887.36,0,,,,
22,12/10/2012,0,54.18,4.029,142.9376167,7.543,1004039.84,1009887.36,-5847.52,,,,
22,19/10/2012,0,55.28,4,142.8633629,7.543,978027.95,978027.95,0,,,,
22,26/10/2012,0,57.58,3.917,142.7624113,7.543,1094422.69,1094422.69,0,,,,
23,05/02/2010,0,15.25,2.788,131.5279032,5.892,1364721.58,1364721.58,0,,,,
23,12/02/2010,1,18.75,2.771,131.5866129,5.892,1380892.08,1380892.08,0,,,,
23,19/02/2010,0,26.7,2.747,131.637,5.892,1319588.04,1319588.04,0,,,,
23,26/02/2010,0,32.68,2.753,131.686,5.892,1198709.65,1311175.93,-112466.28,,,,
23,05/03/2010,0,33.15,2.766,131.735,5.892,1311175.93,1311175.93,0,,,,
23,12/03/2010,0,36.07,2.805,131.784,5.892,1408082.96,1408082.96,0,,,,
23,19/03/2010,0,43.01,2.834,131.8242903,5.892,1229008.32,1229008.32,0,,,,
23,26/03/2010,0,38.59,2.831,131.863129,5.892,1310701.8,1310701.8,0,,,,
23,02/04/2010,0,40.5,2.826,131.9019677,5.435,1556627.62,1556627.62,0,,,,
23,09/04/2010,0,56.82,2.849,131.9408065,5.435,1264434.7,1264434.7,0,,,,
23,16/04/2010,0,44.25,2.885,131.9809,5.435,1288823.72,1288823.72,0,,,,
23,23/04/2010,0,46.4,2.895,132.0226667,5.435,1315023.08,1315023.08,0,,,,
23,30/04/2010,0,45.47,2.935,132.0644333,5.435,1259414.52,1259414.52,0,,,,
23,07/05/2010,0,61.04,2.981,132.1062,5.435,1365552.28,1365552.28,0,,,,
23,14/05/2010,0,45.33,2.983,132.152129,5.435,1303055.09,1303055.09,0,,,,
23,21/05/2010,0,57.94,2.961,132.2230323,5.435,1327424.28,1264117.01,63307.27,,,,
23,28/05/2010,0,69.26,2.906,132.2939355,5.435,1571158.56,1571158.56,0,,,,
23,04/06/2010,0,64.94,2.857,132.3648387,5.435,1514435.51,1507708.93,6726.58,,,,
23,11/06/2010,0,58.35,2.83,132.4357419,5.435,1439432.06,1264117.01,175315.05,,,,
23,18/06/2010,0,60.29,2.805,132.4733333,5.435,1507708.93,1507708.93,0,,,,
23,25/06/2010,0,69.83,2.81,132.4976,5.435,1415204.88,1415204.88,0,,,,
23,02/07/2010,0,64.76,2.815,132.5218667,5.326,1549113.18,1549113.18,0,,,,
23,09/07/2010,0,77.16,2.806,132.5461333,5.326,1417535.78,1417535.78,0,,,,
23,16/07/2010,0,73.94,2.796,132.5667742,5.326,1413124.11,1413124.11,0,,,,
23,23/07/2010,0,70.2,2.784,132.5825806,5.326,1333634.45,1319773.55,13860.9,,,,
23,30/07/2010,0,69.71,2.792,132.5983871,5.326,1319773.55,1319773.55,0,,,,
23,06/08/2010,0,70.03,2.792,132.6141935,5.326,1417013.07,1417013.07,0,,,,
23,13/08/2010,0,67.43,2.81,132.63,5.326,1346345.97,1346345.97,0,,,,
23,20/08/2010,0,68.65,2.796,132.6616129,5.326,1439901.05,1439901.05,0,,,,
23,27/08/2010,0,63.25,2.77,132.6932258,5.326,1584623.36,1584623.36,0,,,,
23,03/09/2010,0,72.91,2.735,132.7248387,5.326,1405119.23,1419383.19,-14263.96,,,,
23,10/09/2010,1,63.21,2.717,132.7564516,5.326,1272842.85,1591453.39,-318610.54,,,,
23,17/09/2010,0,55.3,2.716,132.7670667,5.326,1159132.58,1159132.58,0,,,,
23,24/09/2010,0,57.75,2.718,132.7619333,5.326,1099055.65,1099055.65,0,,,,
23,01/10/2010,0,62.07,2.717,132.7568,5.287,1129909.44,1099055.65,30853.79,,,,
23,08/10/2010,0,50.75,2.776,132.7516667,5.287,1179851.68,1179851.68,0,,,,
23,15/10/2010,0,45.55,2.878,132.7633548,5.287,1119809.71,1119809.71,0,,,,
23,22/10/2010,0,43.19,2.919,132.8170968,5.287,1147503.92,1147503.92,0,,,,
23,29/10/2010,0,48.68,2.938,132.8708387,5.287,1112871.23,1122034.48,-9163.25,,,,
23,05/11/2010,0,36.6,2.938,132.9245806,5.287,1203119.96,1122034.48,81085.48,,,,
23,12/11/2010,0,35.59,2.961,132.9783226,5.287,1387953.75,1387953.75,0,,,,
23,19/11/2010,0,41.66,3.03,132.9172,5.287,1314994.32,1122034.48,192959.84,,,,
23,26/11/2010,1,34.95,3.07,132.8369333,5.287,2072685.05,2072685.05,0,,,,
23,03/12/2010,0,34.3,3.065,132.7566667,5.287,1617025.41,1303055.09,313970.32,,,,
23,10/12/2010,0,20.12,3.132,132.6764,5.287,1872365.99,1872365.99,0,,,,
23,17/12/2010,0,23.05,3.139,132.6804516,5.287,2238573.48,2238573.48,0,,,,
23,24/12/2010,0,22.96,3.15,132.7477419,5.287,2734277.1,2734277.1,0,,,,
23,31/12/2010,1,19.05,3.177,132.8150323,5.287,1169773.85,1169773.85,0,,,,
23,07/01/2011,0,27.81,3.193,132.8823226,5.114,1122034.48,1122034.48,0,,,,
23,14/01/2011,0,18.2,3.215,132.9510645,5.114,1016756.1,1110706.06,-93949.96,,,,
23,21/01/2011,0,15.58,3.232,133.0285161,5.114,1110706.06,1110706.06,0,,,,
23,28/01/2011,0,10.91,3.243,133.1059677,5.114,1083657.61,1083657.61,0,,,,
23,04/02/2011,0,14.5,3.24,133.1834194,5.114,1159438.53,1159438.53,0,,,,
23,11/02/2011,1,21.52,3.255,133.260871,5.114,1249786.4,1249786.4,0,,,,
23,18/02/2011,0,26.6,3.263,133.3701429,5.114,1369971.57,1369971.57,0,,,,
23,25/02/2011,0,17,3.281,133.4921429,5.114,1206917.2,1159438.53,47478.67,,,,
23,04/03/2011,0,20.67,3.437,133.6141429,5.114,1301185.28,1301185.28,0,,,,
23,11/03/2011,0,29.36,3.6,133.7361429,5.114,1042043.55,1042043.55,0,,,,
23,18/03/2011,0,37.28,3.634,133.8492258,5.114,1203682.62,1148624.83,55057.79,,,,
23,25/03/2011,0,29.11,3.624,133.9587419,5.114,1148624.83,1148624.83,0,,,,
23,01/04/2011,0,29.44,3.638,134.0682581,4.781,1182694.95,1148624.83,34070.12,,,,
23,08/04/2011,0,36.74,3.72,134.1777742,4.781,1248901.98,1248901.98,0,,,,
23,15/04/2011,0,45.51,3.823,134.2784667,4.781,1263680.51,1263680.51,0,,,,
23,22/04/2011,0,39.62,3.919,134.3571,4.781,1447301.24,1447301.24,0,,,,
23,29/04/2011,0,54.2,3.988,134.4357333,4.781,1173307.4,1173307.4,0,,,,
23,06/05/2011,0,50.07,4.078,134.5143667,4.781,1359921.13,1355234.3,4686.83,,,,
23,13/05/2011,0,55.12,4.095,134.593,4.781,1254914.87,1355234.3,-100319.43,,,,
23,20/05/2011,0,56.67,4.101,134.6803871,4.781,1337617.55,1355234.3,-17616.75,,,,
23,27/05/2011,0,63.27,4.034,134.7677742,4.781,1361945.18,1388553.11,-26607.93,,,,
23,03/06/2011,0,67.21,3.973,134.8551613,4.781,1562161.97,1562161.97,0,,,,
23,10/06/2011,0,65.23,3.924,134.9425484,4.781,1447028.06,1447028.06,0,,,,
23,17/06/2011,0,61.06,3.873,135.0837333,4.781,1470520.83,1470520.83,0,,,,
23,24/06/2011,0,63.8,3.851,135.2652667,4.781,1434036.18,1418973.62,15062.56,,,,
23,01/07/2011,0,65.65,3.815,135.4468,4.584,1492507.44,1492507.44,0,,,,
23,08/07/2011,0,69.92,3.784,135.6283333,4.584,1379488.05,1465489.75,-86001.7,,,,
23,15/07/2011,0,69.8,3.827,135.7837419,4.584,1360520.56,1360520.56,0,,,,
23,22/07/2011,0,76.74,3.882,135.8738387,4.584,1362144,1362144,0,,,,
23,29/07/2011,0,69.55,3.898,135.9639355,4.584,1319767.55,1319767.55,0,,,,
23,05/08/2011,0,69.53,3.903,136.0540323,4.584,1416344.68,1380952.05,35392.63,,,,
23,12/08/2011,0,69.86,3.88,136.144129,4.584,1380952.05,1380952.05,0,,,,
23,19/08/2011,0,67.09,3.82,136.183129,4.584,1453416.53,1453416.53,0,,,,
23,26/08/2011,0,67.04,3.796,136.2136129,4.584,1637266.29,1637266.29,0,,,,
23,02/09/2011,0,65.33,3.784,136.2440968,4.584,1464295.69,1464295.69,0,,,,
23,09/09/2011,1,66.04,3.809,136.2745806,4.584,1423289.9,1423289.9,0,,,,
23,16/09/2011,0,60.52,3.809,136.3145,4.584,1253329.17,1470520.83,-217191.66,,,,
23,23/09/2011,0,57.14,3.758,136.367,4.584,1289082.81,1470520.83,-181438.02,,,,
23,30/09/2011,0,64.76,3.684,136.4195,4.584,1275597.85,1275597.85,0,,,,
23,07/10/2011,0,49,3.633,136.472,4.42,1463501.99,1407191.96,56310.03,,,,
23,14/10/2011,0,56.79,3.583,136.5150968,4.42,1257778.34,1257778.34,0,,,,
23,21/10/2011,0,52.12,3.618,136.5017742,4.42,1441032.59,1407191.96,33840.63,,,,
23,28/10/2011,0,42.57,3.604,136.4884516,4.42,1407191.96,1407191.96,0,,,,
23,04/11/2011,0,39.18,3.586,136.475129,4.42,1428436.33,1428436.33,0,,,,
23,11/11/2011,0,44.04,3.57,136.4618065,4.42,1436940.78,1257778.34,179162.44,,,,
23,18/11/2011,0,45.48,3.571,136.4666667,4.42,1345631.96,1257778.34,87853.62,,,,
23,25/11/2011,1,35.23,3.536,136.4788,4.42,2057059.53,1974646.78,82412.75,,,,
23,02/12/2011,0,43.6,3.501,136.4909333,4.42,1552886.59,1552886.59,0,,,,
23,09/12/2011,0,36.4,3.47,136.5030667,4.42,1841173.6,1841173.6,0,,,,
23,16/12/2011,0,32.99,3.445,136.5335161,4.42,2173621.2,1841173.6,332447.6,,,,
23,23/12/2011,0,27.8,3.413,136.5883871,4.42,2587953.32,2587953.32,0,,,,
23,30/12/2011,1,22.3,3.402,136.6432581,4.42,1213486.95,1213486.95,0,,,,
23,06/01/2012,0,24.29,3.439,136.698129,4.261,1150662.55,1150662.55,0,,,,
23,13/01/2012,0,28.49,3.523,136.753,4.261,1031451.35,1031451.35,0,,,,
23,20/01/2012,0,15.33,3.542,136.8564194,4.261,1146992.13,1146992.13,0,,,,
23,27/01/2012,0,25.71,3.568,136.9598387,4.261,1037476.38,1031451.35,6025.03,,,,
23,03/02/2012,0,29.71,3.633,137.0632581,4.261,1261872.67,1031451.35,230421.32,,,,
23,10/02/2012,1,26.6,3.655,137.1666774,4.261,1358444.07,1358444.07,0,,,,
23,17/02/2012,0,27.01,3.703,137.2583103,4.261,1365546.69,1365546.69,0,,,,
23,24/02/2012,0,31.12,3.751,137.3411034,4.261,1272948.27,1365546.69,-92598.42,,,,
23,02/03/2012,0,25.91,3.827,137.4238966,4.261,1322852.2,1424720.27,-101868.07,,,,
23,09/03/2012,0,33.11,3.876,137.5066897,4.261,1292724.9,1292724.9,0,,,,
23,16/03/2012,0,41.19,3.867,137.5843871,4.261,1258364.31,1231752.54,26611.77,,,,
23,23/03/2012,0,57.82,3.889,137.6552903,4.261,1288154.1,1288154.1,0,,,,
23,30/03/2012,0,36.71,3.921,137.7261935,4.261,1261964.96,1261964.96,0,,,,
23,06/04/2012,0,37.43,3.957,137.7970968,4.125,1604605.69,1604605.69,0,,,,
23,13/04/2012,0,41.81,4.025,137.868,4.125,1231752.54,1231752.54,0,,,,
23,20/04/2012,0,56.55,4.046,137.9230667,4.125,1287899.41,1464616.59,-176717.18,,,,
23,27/04/2012,0,44.62,4.023,137.9781333,4.125,1277758.76,1277758.76,0,,,,
23,04/05/2012,0,45.88,3.991,138.0332,4.125,1317379.68,1317379.68,0,,,,
23,11/05/2012,0,52.9,3.947,138.0882667,4.125,1321914.34,1321914.34,0,,,,
23,18/05/2012,0,58.42,3.899,138.1065806,4.125,1332952.47,1288154.1,44798.37,,,,
23,25/05/2012,0,66.43,3.85,138.1101935,4.125,1552934.64,1552934.64,0,,,,
23,01/06/2012,0,66.22,3.798,138.1138065,4.125,1476144.34,1552934.64,-76790.3,,,,
23,08/06/2012,0,56.82,3.746,138.1174194,4.125,1568048.54,1568048.54,0,,,,
23,15/06/2012,0,64.73,3.683,138.1295333,4.125,1543667.68,1543667.68,0,,,,
23,22/06/2012,0,71.82,3.629,138.1629,4.125,1522042.57,1522042.57,0,,,,
23,29/06/2012,0,64.23,3.577,138.1962667,4.125,1451782.16,1451782.16,0,,,,
23,06/07/2012,0,70.86,3.538,138.2296333,4.156,1545370.16,1545370.16,0,,,,
23,13/07/2012,0,69.19,3.561,138.263,4.156,1384921.63,1384921.63,0,,,,
23,20/07/2012,0,71.13,3.61,138.2331935,4.156,1381339.23,1381339.23,0,,,,
23,27/07/2012,0,69.31,3.701,138.2033871,4.156,1322932.36,1322932.36,0,,,,
23,03/08/2012,0,71.51,3.698,138.1735806,4.156,1416926.31,1436311.76,-19385.45,,,,
23,10/08/2012,0,71.12,3.772,138.1437742,4.156,1436311.76,1436311.76,0,,,,
23,17/08/2012,0,69.97,3.84,138.1857097,4.156,1510131.45,1510131.45,0,,,,
23,24/08/2012,0,64.63,3.874,138.2814516,4.156,1702220.96,1702220.96,0,,,,
23,31/08/2012,0,68.34,3.884,138.3771935,4.156,1577468.78,1577468.78,0,,,,
23,07/09/2012,1,66.74,3.921,138.4729355,4.156,1427162.26,1427162.26,0,,,,
23,14/09/2012,0,61.37,3.988,138.5673,4.156,1279041.64,1279041.64,0,,,,
23,21/09/2012,0,56.8,4.056,138.6534,4.156,1338627.55,1464616.59,-125989.04,,,,
23,28/09/2012,0,53.71,4.018,138.7395,4.156,1319035.06,1319035.06,0,,,,
23,05/10/2012,0,56.65,4.027,138.8256,4.145,1464616.59,1464616.59,0,,,,
23,12/10/2012,0,48.1,4.029,138.9117,4.145,1412925.25,1412925.25,0,,,,
23,19/10/2012,0,47.89,4,138.8336129,4.145,1363155.77,1319035.06,44120.71,,,,
23,26/10/2012,0,50.56,3.917,138.7281613,4.145,1347454.59,1321914.34,25540.25,,,,
24,05/02/2010,0,22.43,2.954,131.5279032,8.326,1388725.63,1414107.1,-25381.47,,,,
24,12/02/2010,1,25.94,2.94,131.5866129,8.326,1414107.1,1414107.1,0,,,,
24,19/02/2010,0,31.05,2.909,131.637,8.326,1385362.49,1385362.49,0,,,,
24,26/02/2010,0,33.98,2.91,131.686,8.326,1158722.74,1158722.74,0,,,,
24,05/03/2010,0,36.73,2.919,131.735,8.326,1412387.37,1412387.37,0,,,,
24,12/03/2010,0,42.31,2.938,131.784,8.326,1309340.16,1309340.16,0,,,,
24,19/03/2010,0,46.09,2.96,131.8242903,8.326,1222511.29,1222511.29,0,,,,
24,26/03/2010,0,48.87,2.963,131.863129,8.326,1258311.56,1258311.56,0,,,,
24,02/04/2010,0,45.22,2.957,131.9019677,8.211,1478321.26,1478321.26,0,,,,
24,09/04/2010,0,62.06,2.992,131.9408065,8.211,1379579.63,1379579.63,0,,,,
24,16/04/2010,0,51.08,3.01,131.9809,8.211,1268266.72,1268266.72,0,,,,
24,23/04/2010,0,51.07,3.021,132.0226667,8.211,1264117.01,1264117.01,0,,,,
24,30/04/2010,0,51.48,3.042,132.0644333,8.211,1259877.19,1259877.19,0,,,,
24,07/05/2010,0,66.65,3.095,132.1062,8.211,1409705.03,1409705.03,0,,,,
24,14/05/2010,0,51.31,3.112,132.152129,8.211,1346783.35,1346783.35,0,,,,
24,21/05/2010,0,60.44,3.096,132.2230323,8.211,1283482.85,1409705.03,-126222.18,,,,
24,28/05/2010,0,69.59,3.046,132.2939355,8.211,1473868.15,1473868.15,0,,,,
24,04/06/2010,0,71.99,3.006,132.3648387,8.211,1566668.91,1566668.91,0,,,,
24,11/06/2010,0,64.84,2.972,132.4357419,8.211,1375458.21,1375458.21,0,,,,
24,18/06/2010,0,67.17,2.942,132.4733333,8.211,1354168.18,1354168.18,0,,,,
24,25/06/2010,0,74.9,2.958,132.4976,8.211,1399073.75,1399073.75,0,,,,
24,02/07/2010,0,71.12,2.958,132.5218667,8.117,1563387.94,1563387.94,0,,,,
24,09/07/2010,0,79.05,2.94,132.5461333,8.117,1665502.55,1665502.55,0,,,,
24,16/07/2010,0,76.56,2.933,132.5667742,8.117,1418697.05,1418697.05,0,,,,
24,23/07/2010,0,75.27,2.924,132.5825806,8.117,1333740.35,1333740.35,0,,,,
24,30/07/2010,0,75.91,2.932,132.5983871,8.117,1387517.63,1387517.63,0,,,,
24,06/08/2010,0,74.54,2.942,132.6141935,8.117,1442819.28,1442819.28,0,,,,
24,13/08/2010,0,74.17,2.923,132.63,8.117,1384243.75,1384243.75,0,,,,
24,20/08/2010,0,72.17,2.913,132.6616129,8.117,1375307.54,1419383.19,-44075.65,,,,
24,27/08/2010,0,67,2.885,132.6932258,8.117,1350059.35,1350059.35,0,,,,
24,03/09/2010,0,73.52,2.86,132.7248387,8.117,1366381.6,1384243.75,-17862.15,,,,
24,10/09/2010,1,67.11,2.837,132.7564516,8.117,1474498.59,1474498.59,0,,,,
24,17/09/2010,0,60.31,2.846,132.7670667,8.117,1273295.46,1273295.46,0,,,,
24,24/09/2010,0,64.3,2.837,132.7619333,8.117,1169413.27,1169413.27,0,,,,
24,01/10/2010,0,66.88,2.84,132.7568,8.275,1215273.2,1215273.2,0,,,,
24,08/10/2010,0,54.82,2.903,132.7516667,8.275,1361944.94,1361944.94,0,,,,
24,15/10/2010,0,52.83,2.999,132.7633548,8.275,1300806.74,1300806.74,0,,,,
24,22/10/2010,0,48.69,3.049,132.8170968,8.275,1234875.33,1297535.69,-62660.36,,,,
24,29/10/2010,0,57.29,3.055,132.8708387,8.275,1244925.94,1244925.94,0,,,,
24,05/11/2010,0,42.2,3.049,132.9245806,8.275,1285358.01,1285358.01,0,,,,
24,12/11/2010,0,41.76,3.065,132.9783226,8.275,1312877.01,1312877.01,0,,,,
24,19/11/2010,0,45.63,3.138,132.9172,8.275,1277150.6,1285358.01,-8207.41,,,,
24,26/11/2010,1,41.92,3.186,132.8369333,8.275,1779276.51,1779276.51,0,,,,
24,03/12/2010,0,37.08,3.2,132.7566667,8.275,1413302.7,1413302.7,0,,,,
24,10/12/2010,0,27.11,3.255,132.6764,8.275,1593012.75,1593012.75,0,,,,
24,17/12/2010,0,27.99,3.301,132.6804516,8.275,1663525.77,1663525.77,0,,,,
24,24/12/2010,0,27.74,3.309,132.7477419,8.275,2386015.75,2386015.75,0,,,,
24,31/12/2010,1,25.9,3.336,132.8150323,8.275,1208600.05,1208600.05,0,,,,
24,07/01/2011,0,30.72,3.351,132.8823226,8.252,1178641.71,1178641.71,0,,,,
24,14/01/2011,0,22.41,3.367,132.9510645,8.252,1167740.2,1178641.71,-10901.51,,,,
24,21/01/2011,0,23.69,3.391,133.0285161,8.252,1107170.39,1126921.34,-19750.95,,,,
24,28/01/2011,0,17.91,3.402,133.1059677,8.252,1126921.34,1126921.34,0,,,,
24,04/02/2011,0,23.83,3.4,133.1834194,8.252,1225182.04,1225182.04,0,,,,
24,11/02/2011,1,26.51,3.416,133.260871,8.252,1341240.62,1341240.62,0,,,,
24,18/02/2011,0,34.04,3.42,133.3701429,8.252,1360150.12,1235121.33,125028.79,,,,
24,25/02/2011,0,26.09,3.452,133.4921429,8.252,1235121.33,1235121.33,0,,,,
24,04/03/2011,0,31.36,3.605,133.6141429,8.252,1346994.53,1346994.53,0,,,,
24,11/03/2011,0,39.51,3.752,133.7361429,8.252,1253218.7,1253218.7,0,,,,
24,18/03/2011,0,43.39,3.796,133.8492258,8.252,1168397.26,1168397.26,0,,,,
24,25/03/2011,0,36.88,3.789,133.9587419,8.252,1158693.12,1158693.12,0,,,,
24,01/04/2011,0,35.73,3.811,134.0682581,8.212,1163803.3,1163803.3,0,,,,
24,08/04/2011,0,44.7,3.895,134.1777742,8.212,1273670.32,1273670.32,0,,,,
24,15/04/2011,0,52.36,3.981,134.2784667,8.212,1245576.65,1245576.65,0,,,,
24,22/04/2011,0,46,4.061,134.3571,8.212,1372484.9,1372484.9,0,,,,
24,29/04/2011,0,60.48,4.117,134.4357333,8.212,1197761.17,1197761.17,0,,,,
24,06/05/2011,0,55.75,4.192,134.5143667,8.212,1339630.35,1339630.35,0,,,,
24,13/05/2011,0,58.49,4.211,134.593,8.212,1311950.16,1311950.16,0,,,,
24,20/05/2011,0,59.84,4.202,134.6803871,8.212,1234281.7,1234281.7,0,,,,
24,27/05/2011,0,65.74,4.134,134.7677742,8.212,1311153.72,1311153.72,0,,,,
24,03/06/2011,0,73.12,4.069,134.8551613,8.212,1554837.62,1554837.62,0,,,,
24,10/06/2011,0,70.02,4.025,134.9425484,8.212,1373841.91,1373841.91,0,,,,
24,17/06/2011,0,64.34,3.989,135.0837333,8.212,1320359.23,1320359.23,0,,,,
24,24/06/2011,0,68.88,3.964,135.2652667,8.212,1304850.67,1304850.67,0,,,,
24,01/07/2011,0,70.27,3.916,135.4468,8.358,1445596.61,1445596.61,0,,,,
24,08/07/2011,0,72.56,3.886,135.6283333,8.358,1567340.07,1467722.19,99617.88,,,,
24,15/07/2011,0,74.43,3.915,135.7837419,8.358,1356938.95,1356938.95,0,,,,
24,22/07/2011,0,79.29,3.972,135.8738387,8.358,1357672.24,1357672.24,0,,,,
24,29/07/2011,0,74.84,4.004,135.9639355,8.358,1310973.06,1310973.06,0,,,,
24,05/08/2011,0,74.64,4.02,136.0540323,8.358,1417616.81,1344558.92,73057.89,,,,
24,12/08/2011,0,72.52,3.995,136.144129,8.358,1402818.01,1310973.06,91844.95,,,,
24,19/08/2011,0,69.93,3.942,136.183129,8.358,1352039.88,1397970.54,-45930.66,,,,
24,26/08/2011,0,69.94,3.906,136.2136129,8.358,1402372.09,1402372.09,0,,,,
24,02/09/2011,0,68.14,3.879,136.2440968,8.358,1196105.44,1196105.44,0,,,,
24,09/09/2011,1,68.32,3.93,136.2745806,8.358,1527455.19,1527455.19,0,,,,
24,16/09/2011,0,65.56,3.937,136.3145,8.358,1227535.97,1227535.97,0,,,,
24,23/09/2011,0,60.61,3.899,136.367,8.358,1232376.49,1227535.97,4840.52,,,,
24,30/09/2011,0,68,3.858,136.4195,8.358,1246242.61,1246242.61,0,,,,
24,07/10/2011,0,53.87,3.775,136.472,8.454,1405914.39,1405914.39,0,,,,
24,14/10/2011,0,60.21,3.744,136.5150968,8.454,1333315.03,1333315.03,0,,,,
24,21/10/2011,0,56.6,3.757,136.5017742,8.454,1283563.43,1283563.43,0,,,,
24,28/10/2011,0,48,3.757,136.4884516,8.454,1307142.75,1307142.75,0,,,,
24,04/11/2011,0,39.87,3.738,136.475129,8.454,1385860.38,1385860.38,0,,,,
24,11/11/2011,0,46.78,3.719,136.4618065,8.454,1425078.59,1425078.59,0,,,,
24,18/11/2011,0,48.17,3.717,136.4666667,8.454,1297535.69,1297535.69,0,,,,
24,25/11/2011,1,41.83,3.689,136.4788,8.454,1761235.67,1761235.67,0,,,,
24,02/12/2011,0,47.21,3.666,136.4909333,8.454,1335647.1,1335647.1,0,,,,
24,09/12/2011,0,42.3,3.627,136.5030667,8.454,1529615.54,1529615.54,0,,,,
24,16/12/2011,0,36,3.611,136.5335161,8.454,1624994.43,1624994.43,0,,,,
24,23/12/2011,0,36.93,3.587,136.5883871,8.454,2168344.23,1155594.2,1012750.03,,,,
24,30/12/2011,1,33.45,3.566,136.6432581,8.454,1363973.16,1363973.16,0,,,,
24,06/01/2012,0,32.86,3.585,136.698129,8.659,1251581.89,1251581.89,0,,,,
24,13/01/2012,0,36.5,3.666,136.753,8.659,1155594.2,1155594.2,0,,,,
24,20/01/2012,0,25.73,3.705,136.8564194,8.659,1151993.85,1151993.85,0,,,,
24,27/01/2012,0,31.92,3.737,136.9598387,8.659,1057290.41,1057290.41,0,,,,
24,03/02/2012,0,38.61,3.796,137.0632581,8.659,1249696.97,1249696.97,0,,,,
24,10/02/2012,1,33.82,3.826,137.1666774,8.659,1403460.87,1403460.87,0,,,,
24,17/02/2012,0,33.92,3.874,137.2583103,8.659,1326370.08,1057290.41,269079.67,,,,
24,24/02/2012,0,37.35,3.917,137.3411034,8.659,1303233.15,1249696.97,53536.18,,,,
24,02/03/2012,0,35.36,3.983,137.4238966,8.659,1213994.39,1057290.41,156703.98,,,,
24,09/03/2012,0,41.5,4.021,137.5066897,8.659,1325835.7,1325835.7,0,,,,
24,16/03/2012,0,48.68,4.021,137.5843871,8.659,1239299.12,1239299.12,0,,,,
24,23/03/2012,0,59.51,4.054,137.6552903,8.659,1221723.94,1221723.94,0,,,,
24,30/03/2012,0,47.28,4.098,137.7261935,8.659,1230106.13,1372484.9,-142378.77,,,,
24,06/04/2012,0,45.25,4.143,137.7970968,8.983,1524734.29,1524734.29,0,,,,
24,13/04/2012,0,48.65,4.187,137.868,8.983,1285783.87,1285783.87,0,,,,
24,20/04/2012,0,61.05,4.17,137.9230667,8.983,1208654.4,1208654.4,0,,,,
24,27/04/2012,0,49.26,4.163,137.9781333,8.983,1194334.65,1194334.65,0,,,,
24,04/05/2012,0,52.14,4.124,138.0332,8.983,1306551.71,1194334.65,112217.06,,,,
24,11/05/2012,0,58.7,4.055,138.0882667,8.983,1355391.79,1355391.79,0,,,,
24,18/05/2012,0,63.1,4.029,138.1065806,8.983,1298809.8,1298809.8,0,,,,
24,25/05/2012,0,65.79,3.979,138.1101935,8.983,1407897.57,1407897.57,0,,,,
24,01/06/2012,0,71.79,3.915,138.1138065,8.983,1467722.19,1467722.19,0,,,,
24,08/06/2012,0,59.93,3.871,138.1174194,8.983,1406313.13,1407897.57,-1584.44,,,,
24,15/06/2012,0,68.28,3.786,138.1295333,8.983,1364445.98,1527455.19,-163009.21,,,,
24,22/06/2012,0,72.29,3.722,138.1629,8.983,1434709.63,1434709.63,0,,,,
24,29/06/2012,0,70.4,3.667,138.1962667,8.983,1428869.9,1428869.9,0,,,,
24,06/07/2012,0,77.18,3.646,138.2296333,8.953,1645097.75,1645097.75,0,,,,
24,13/07/2012,0,75.36,3.689,138.263,8.953,1405475.78,1394299,11176.78,,,,
24,20/07/2012,0,76.42,3.732,138.2331935,8.953,1394299,1394299,0,,,,
24,27/07/2012,0,73.62,3.82,138.2033871,8.953,1307339.14,1307339.14,0,,,,
24,03/08/2012,0,73.26,3.819,138.1735806,8.953,1440374.13,1440374.13,0,,,,
24,10/08/2012,0,75.53,3.863,138.1437742,8.953,1497054.81,1497054.81,0,,,,
24,17/08/2012,0,72.87,3.963,138.1857097,8.953,1397970.54,1397970.54,0,,,,
24,24/08/2012,0,68.13,3.997,138.2814516,8.953,1303726.54,1303726.54,0,,,,
24,31/08/2012,0,71.18,4.026,138.3771935,8.953,1344558.92,1344558.92,0,,,,
24,07/09/2012,1,72.81,4.076,138.4729355,8.953,1477134.75,1477134.75,0,,,,
24,14/09/2012,0,64.28,4.088,138.5673,8.953,1242909.53,1242909.53,0,,,,
24,21/09/2012,0,61.25,4.203,138.6534,8.953,1261158.47,1261158.47,0,,,,
24,28/09/2012,0,58.86,4.158,138.7395,8.953,1259278.36,1259278.36,0,,,,
24,05/10/2012,0,60.35,4.151,138.8256,8.693,1416720.54,1416720.54,0,,,,
24,12/10/2012,0,51.64,4.186,138.9117,8.693,1416301.17,1255414.84,160886.33,,,,
24,19/10/2012,0,52.59,4.153,138.8336129,8.693,1255414.84,1255414.84,0,,,,
24,26/10/2012,0,55.16,4.071,138.7281613,8.693,1307182.29,1307182.29,0,,,,
25,05/02/2010,0,21.1,2.784,204.2471935,8.187,677231.63,677231.63,0,,,,
25,12/02/2010,1,19.64,2.773,204.3857472,8.187,583364.02,583364.02,0,,,,
25,19/02/2010,0,24.16,2.745,204.4321004,8.187,676260.67,676260.67,0,,,,
25,26/02/2010,0,29.16,2.754,204.4630869,8.187,628516.57,628516.57,0,,,,
25,05/03/2010,0,29.45,2.777,204.4940734,8.187,665750.06,628516.57,37233.49,,,,
25,12/03/2010,0,40.05,2.818,204.5250598,8.187,660619.99,660619.99,0,,,,
25,19/03/2010,0,45,2.844,204.3782258,8.187,659795.84,659795.84,0,,,,
25,26/03/2010,0,45.84,2.854,204.201755,8.187,696687.6,822486.37,-125798.77,,,,
25,02/04/2010,0,47.2,2.85,204.0252842,7.856,822486.37,822486.37,0,,,,
25,09/04/2010,0,61.36,2.869,203.8488134,7.856,712647.97,712647.97,0,,,,
25,16/04/2010,0,52.16,2.899,203.7307486,7.856,715311.6,715311.6,0,,,,
25,23/04/2010,0,46.12,2.902,203.6905586,7.856,694531.72,715311.6,-20779.88,,,,
25,30/04/2010,0,50.97,2.921,203.6503685,7.856,706924.02,706924.02,0,,,,
25,07/05/2010,0,63.67,2.966,203.6101784,7.856,724468.97,724468.97,0,,,,
25,14/05/2010,0,50.27,2.982,203.6133915,7.856,698073.95,706924.02,-8850.07,,,,
25,21/05/2010,0,57.17,2.958,203.8770235,7.856,704113.22,704113.22,0,,,,
25,28/05/2010,0,69.31,2.899,204.1406556,7.856,792442.54,792442.54,0,,,,
25,04/06/2010,0,69.22,2.847,204.4042877,7.856,764155.44,764155.44,0,,,,
25,11/06/2010,0,63.68,2.809,204.6679198,7.856,737163.2,737163.2,0,,,,
25,18/06/2010,0,69.56,2.78,204.670036,7.856,780444.94,780444.94,0,,,,
25,25/06/2010,0,72.17,2.808,204.5675459,7.856,737569.14,723559.88,14009.26,,,,
25,02/07/2010,0,66.42,2.815,204.4650559,7.527,759407.87,759407.87,0,,,,
25,09/07/2010,0,75.24,2.793,204.3625658,7.527,719591.13,719591.13,0,,,,
25,16/07/2010,0,73.43,2.783,204.3571656,7.527,726997.84,726997.84,0,,,,
25,23/07/2010,0,75.37,2.771,204.4812188,7.527,665290.93,665290.93,0,,,,
25,30/07/2010,0,71.99,2.781,204.605272,7.527,682124.34,682124.34,0,,,,
25,06/08/2010,0,71.79,2.784,204.7293252,7.527,699464.43,699464.43,0,,,,
25,13/08/2010,0,72.73,2.805,204.8533784,7.527,686072.39,724499.81,-38427.42,,,,
25,20/08/2010,0,71.81,2.779,204.8217044,7.527,724499.81,724499.81,0,,,,
25,27/08/2010,0,67.15,2.755,204.7900305,7.527,711461.95,711461.95,0,,,,
25,03/09/2010,0,71.17,2.715,204.7583566,7.527,685700.08,685700.08,0,,,,
25,10/09/2010,1,61.14,2.699,204.7266827,7.527,655811.95,655811.95,0,,,,
25,17/09/2010,0,60.13,2.706,204.7513279,7.527,628989.88,655811.95,-26822.07,,,,
25,24/09/2010,0,65.06,2.713,204.8182126,7.527,607819.33,607819.33,0,,,,
25,01/10/2010,0,57.56,2.707,204.8850973,7.484,658640.14,658640.14,0,,,,
25,08/10/2010,0,48.46,2.764,204.951982,7.484,674283.86,674283.86,0,,,,
25,15/10/2010,0,54.09,2.868,205.0137637,7.484,616094.72,616094.72,0,,,,
25,22/10/2010,0,46.73,2.917,205.0627881,7.484,661644.19,661644.19,0,,,,
25,29/10/2010,0,55.72,2.921,205.1118126,7.484,674458.03,674458.03,0,,,,
25,05/11/2010,0,38.8,2.917,205.160837,7.484,696314.53,696314.53,0,,,,
25,12/11/2010,0,40.68,2.931,205.2098614,7.484,713250.08,713250.08,0,,,,
25,19/11/2010,0,42.72,3,205.0992811,7.484,718056.73,718056.73,0,,,,
25,26/11/2010,1,43.43,3.039,204.9621,7.484,1115240.61,1115240.61,0,,,,
25,03/12/2010,0,32.41,3.046,204.8249189,7.484,885572.96,885572.96,0,,,,
25,10/12/2010,0,22.65,3.109,204.6877378,7.484,964729.18,964729.18,0,,,,
25,17/12/2010,0,21.6,3.14,204.6321194,7.484,1047707.59,1047707.59,0,,,,
25,24/12/2010,0,22.94,3.141,204.6376731,7.484,1295391.19,1295391.19,0,,,,
25,31/12/2010,1,25.89,3.179,204.6432267,7.484,623092.54,885572.96,-262480.42,,,,
25,07/01/2011,0,29,3.193,204.6487803,7.343,558794.63,558794.63,0,,,,
25,14/01/2011,0,18.3,3.205,204.7026042,7.343,572360.83,572360.83,0,,,,
25,21/01/2011,0,23.21,3.229,205.0460497,7.343,568093.57,568093.57,0,,,,
25,28/01/2011,0,18.92,3.237,205.3894952,7.343,600448.69,600448.69,0,,,,
25,04/02/2011,0,23.94,3.231,205.7329407,7.343,639830.45,639830.45,0,,,,
25,11/02/2011,1,21.18,3.239,206.0763862,7.343,615666.78,615666.78,0,,,,
25,18/02/2011,0,38.42,3.245,206.3694701,7.343,634637.03,878314.57,-243677.54,,,,
25,25/02/2011,0,28.36,3.274,206.6424093,7.343,570816.34,570816.34,0,,,,
25,04/03/2011,0,31.59,3.433,206.9153485,7.343,640912.18,640912.18,0,,,,
25,11/03/2011,0,36.73,3.582,207.1882876,7.343,599828.39,599828.39,0,,,,
25,18/03/2011,0,40.94,3.631,207.4283845,7.343,603393.64,603393.64,0,,,,
25,25/03/2011,0,38.51,3.625,207.6553444,7.343,616324.24,616324.24,0,,,,
25,01/04/2011,0,28.5,3.638,207.8823043,7.287,618377.79,570816.34,47561.45,,,,
25,08/04/2011,0,42.11,3.72,208.1092642,7.287,648606.13,648606.13,0,,,,
25,15/04/2011,0,51.43,3.821,208.3172811,7.287,674562.45,674562.45,0,,,,
25,22/04/2011,0,45.87,3.892,208.4779405,7.287,756588.42,756588.42,0,,,,
25,29/04/2011,0,58.43,3.962,208.6386,7.287,649245,649245,0,,,,
25,06/05/2011,0,49.5,4.046,208.7992595,7.287,659446.55,659446.55,0,,,,
25,13/05/2011,0,60.1,4.066,208.9599189,7.287,684783.15,684783.15,0,,,,
25,20/05/2011,0,56.56,4.062,208.7583165,7.287,677971.33,677971.33,0,,,,
25,27/05/2011,0,67.18,3.985,208.556714,7.287,718373.94,718373.94,0,,,,
25,03/06/2011,0,70.69,3.922,208.3551116,7.287,737551.74,737551.74,0,,,,
25,10/06/2011,0,71.45,3.881,208.1535092,7.287,740259.63,740259.63,0,,,,
25,17/06/2011,0,63.58,3.842,208.1265604,7.287,717373.43,648606.13,68767.3,,,,
25,24/06/2011,0,70.71,3.804,208.2306018,7.287,699270.1,699270.1,0,,,,
25,01/07/2011,0,66.61,3.748,208.3346432,7.274,706206.86,706206.86,0,,,,
25,08/07/2011,0,71.64,3.711,208.4386847,7.274,698529.64,699270.1,-740.46,,,,
25,15/07/2011,0,72.67,3.76,208.5309337,7.274,680510.23,680510.23,0,,,,
25,22/07/2011,0,78.1,3.811,208.5937018,7.274,670854.96,667130.48,3724.48,,,,
25,29/07/2011,0,74.72,3.829,208.6564699,7.274,668390.82,668390.82,0,,,,
25,05/08/2011,0,74,3.842,208.719238,7.274,679706.01,668390.82,11315.19,,,,
25,12/08/2011,0,70.93,3.812,208.7820061,7.274,667130.48,667130.48,0,,,,
25,19/08/2011,0,68.09,3.747,208.8424359,7.274,688958.75,688958.75,0,,,,
25,26/08/2011,0,66.8,3.704,208.902476,7.274,726422.55,726422.55,0,,,,
25,02/09/2011,0,67.2,3.703,208.9625161,7.274,699779,726422.55,-26643.55,,,,
25,09/09/2011,1,67.51,3.738,209.0225562,7.274,673248.48,673248.48,0,,,,
25,16/09/2011,0,62.05,3.742,209.1893892,7.274,628720.46,673248.48,-44528.02,,,,
25,23/09/2011,0,60.28,3.711,209.4986126,7.274,620885.93,726422.55,-105536.62,,,,
25,30/09/2011,0,60.7,3.645,209.807836,7.274,639160.24,639160.24,0,,,,
25,07/10/2011,0,50.82,3.583,210.1170595,7.082,671522.87,671522.87,0,,,,
25,14/10/2011,0,58.95,3.541,210.4027602,7.082,646915.47,646915.47,0,,,,
25,21/10/2011,0,50.22,3.57,210.5473252,7.082,690675.5,671522.87,19152.63,,,,
25,28/10/2011,0,46.28,3.569,210.6918901,7.082,724443.97,724443.97,0,,,,
25,04/11/2011,0,40.88,3.551,210.8364551,7.082,718393.61,718393.61,0,,,,
25,11/11/2011,0,44.81,3.53,210.9810201,7.082,719235.07,719235.07,0,,,,
25,18/11/2011,0,46.41,3.53,211.1847207,7.082,728525.6,728525.6,0,,,,
25,25/11/2011,1,43.49,3.492,211.4120757,7.082,1116211.39,1116211.39,0,,,,
25,02/12/2011,0,42.85,3.452,211.6394306,7.082,878314.57,878314.57,0,,,,
25,09/12/2011,0,38.69,3.415,211.8667856,7.082,916446.02,916446.02,0,,,,
25,16/12/2011,0,33.09,3.413,212.0685039,7.082,997502.47,589554.29,407948.18,,,,
25,23/12/2011,0,36.56,3.389,212.2360401,7.082,1290532.97,1290532.97,0,,,,
25,30/12/2011,1,32.42,3.389,212.4035763,7.082,683665.37,683665.37,0,,,,
25,06/01/2012,0,30.23,3.422,212.5711125,6.961,636419.12,636419.12,0,,,,
25,13/01/2012,0,34.6,3.513,212.7386486,6.961,614764.31,614764.31,0,,,,
25,20/01/2012,0,23.87,3.533,212.8336399,6.961,594744.89,594744.89,0,,,,
25,27/01/2012,0,32.24,3.567,212.9286312,6.961,589554.29,589554.29,0,,,,
25,03/02/2012,0,34.98,3.617,213.0236225,6.961,642776.4,642776.4,0,,,,
25,10/02/2012,1,32.47,3.64,213.1186138,6.961,658984.38,658984.38,0,,,,
25,17/02/2012,0,32.23,3.695,213.2732106,6.961,654088.02,654088.02,0,,,,
25,24/02/2012,0,35.51,3.739,213.4725116,6.961,613501.05,613501.05,0,,,,
25,02/03/2012,0,36.01,3.816,213.6718127,6.961,643155.89,643155.89,0,,,,
25,09/03/2012,0,37.44,3.848,213.8711137,6.961,643711.53,643711.53,0,,,,
25,16/03/2012,0,50.64,3.862,214.0167132,6.961,638204.27,638204.27,0,,,,
25,23/03/2012,0,62.7,3.9,214.0907105,6.961,672831.78,684348.92,-11517.14,,,,
25,30/03/2012,0,47.92,3.953,214.1647079,6.961,684348.92,684348.92,0,,,,
25,06/04/2012,0,44.73,3.996,214.2387053,7.139,791356.9,791356.9,0,,,,
25,13/04/2012,0,42.46,4.044,214.3127027,7.139,658691.56,655157.32,3534.24,,,,
25,20/04/2012,0,57.1,4.027,214.3675045,7.139,661566.48,661566.48,0,,,,
25,27/04/2012,0,44.2,4.004,214.4223063,7.139,655157.32,655157.32,0,,,,
25,04/05/2012,0,58.76,3.951,214.4771081,7.139,696421.72,696421.72,0,,,,
25,11/05/2012,0,59.21,3.889,214.5319099,7.139,739866.16,739866.16,0,,,,
25,18/05/2012,0,58.21,3.848,214.5485571,7.139,717207.19,739866.16,-22658.97,,,,
25,25/05/2012,0,67.69,3.798,214.5499425,7.139,783371.02,783371.02,0,,,,
25,01/06/2012,0,69.54,3.742,214.5513278,7.139,694765.95,694765.95,0,,,,
25,08/06/2012,0,58.48,3.689,214.5527132,7.139,730254.19,730254.19,0,,,,
25,15/06/2012,0,68.34,3.62,214.5653243,7.139,753860.89,646915.47,106945.42,,,,
25,22/06/2012,0,73.52,3.564,214.606,7.139,721601.9,646915.47,74686.43,,,,
25,29/06/2012,0,69.84,3.506,214.6466757,7.139,718890.81,718890.81,0,,,,
25,06/07/2012,0,75.52,3.475,214.6873514,7.28,753385.55,753385.55,0,,,,
25,13/07/2012,0,73.87,3.523,214.728027,7.28,714093.95,714093.95,0,,,,
25,20/07/2012,0,74.32,3.567,214.7331351,7.28,685676.58,685676.58,0,,,,
25,27/07/2012,0,72.98,3.647,214.7382432,7.28,659109.53,659109.53,0,,,,
25,03/08/2012,0,72.08,3.654,214.7433514,7.28,709724.6,709724.6,0,,,,
25,10/08/2012,0,71.93,3.722,214.7484595,7.28,710496.97,710496.97,0,,,,
25,17/08/2012,0,66.99,3.807,214.825578,7.28,728467.72,728467.72,0,,,,
25,24/08/2012,0,64.53,3.834,214.9567044,7.28,756527.64,756527.64,0,,,,
25,31/08/2012,0,68.55,3.867,215.0878309,7.28,714828.73,714828.73,0,,,,
25,07/09/2012,1,72.79,3.911,215.2189573,7.28,671482.9,671482.9,0,,,,
25,14/09/2012,0,60.9,3.948,215.3583757,7.28,657241.63,657241.63,0,,,,
25,21/09/2012,0,57.6,4.038,215.5475459,7.28,664745.2,664745.2,0,,,,
25,28/09/2012,0,54.52,3.997,215.7367162,7.28,683300.84,683300.84,0,,,,
25,05/10/2012,0,57.58,3.985,215.9258865,7.293,699536.73,699536.73,0,,,,
25,12/10/2012,0,43.74,4,216.1150568,7.293,697317.41,655157.32,42160.09,,,,
25,19/10/2012,0,51.93,3.969,216.1464699,7.293,685531.85,685531.85,0,,,,
25,26/10/2012,0,56.69,3.882,216.1515902,7.293,688940.94,688940.94,0,,,,
26,05/02/2010,0,9.55,2.788,131.5279032,8.488,1034119.21,1034119.21,0,,,,
26,12/02/2010,1,18.14,2.771,131.5866129,8.488,1015684.09,1015684.09,0,,,,
26,19/02/2010,0,22.62,2.747,131.637,8.488,999348.55,999348.55,0,,,,
26,26/02/2010,0,27.32,2.753,131.686,8.488,855385.01,999348.55,-143963.54,,,,
26,05/03/2010,0,28.6,2.766,131.735,8.488,1005669.58,1005669.58,0,,,,
26,12/03/2010,0,31.1,2.805,131.784,8.488,963382.09,1034119.21,-70737.12,,,,
26,19/03/2010,0,35.34,2.834,131.8242903,8.488,903366.55,903366.55,0,,,,
26,26/03/2010,0,35.26,2.831,131.863129,8.488,893613,893613,0,,,,
26,02/04/2010,0,36.53,2.826,131.9019677,8.512,1029849.2,1029849.2,0,,,,
26,09/04/2010,0,50.13,2.849,131.9408065,8.512,1022293.81,1022293.81,0,,,,
26,16/04/2010,0,36.6,2.885,131.9809,8.512,905548.38,905548.38,0,,,,
26,23/04/2010,0,39.68,2.895,132.0226667,8.512,881930.87,905548.38,-23617.51,,,,
26,30/04/2010,0,40.56,2.935,132.0644333,8.512,904503.85,904503.85,0,,,,
26,07/05/2010,0,54.72,2.981,132.1062,8.512,1074479.73,1074479.73,0,,,,
26,14/05/2010,0,39.08,2.983,132.152129,8.512,972663.59,972663.59,0,,,,
26,21/05/2010,0,50.81,2.961,132.2230323,8.512,986765.01,986765.01,0,,,,
26,28/05/2010,0,61.65,2.906,132.2939355,8.512,1069851.59,1069851.59,0,,,,
26,04/06/2010,0,58.46,2.857,132.3648387,8.512,1003202.66,1003202.66,0,,,,
26,11/06/2010,0,51.62,2.83,132.4357419,8.512,1073862.59,1073862.59,0,,,,
26,18/06/2010,0,53.62,2.805,132.4733333,8.512,1001286.67,1073862.59,-72575.92,,,,
26,25/06/2010,0,63.78,2.81,132.4976,8.512,976242.09,976242.09,0,,,,
26,02/07/2010,0,58.9,2.815,132.5218667,8.445,1078455.48,1003202.66,75252.82,,,,
26,09/07/2010,0,71.08,2.806,132.5461333,8.445,1122356.53,1028151.72,94204.81,,,,
26,16/07/2010,0,67.66,2.796,132.5667742,8.445,1028151.72,1028151.72,0,,,,
26,23/07/2010,0,65.4,2.784,132.5825806,8.445,971615.62,971615.62,0,,,,
26,30/07/2010,0,63.79,2.792,132.5983871,8.445,1005324.28,971615.62,33708.66,,,,
26,06/08/2010,0,62.93,2.792,132.6141935,8.445,1125329.77,1125329.77,0,,,,
26,13/08/2010,0,61.58,2.81,132.63,8.445,1011938.29,1011938.29,0,,,,
26,20/08/2010,0,62.68,2.796,132.6616129,8.445,1007385.36,1007385.36,0,,,,
26,27/08/2010,0,57.23,2.77,132.6932258,8.445,977322.52,1003202.66,-25880.14,,,,
26,03/09/2010,0,66.93,2.735,132.7248387,8.445,1037549.71,1037549.71,0,,,,
26,10/09/2010,1,54.82,2.717,132.7564516,8.445,1042226.3,1042226.3,0,,,,
26,17/09/2010,0,50.08,2.716,132.7670667,8.445,923473.7,923473.7,0,,,,
26,24/09/2010,0,52.47,2.718,132.7619333,8.445,868636.3,868636.3,0,,,,
26,01/10/2010,0,57.8,2.717,132.7568,8.149,923221.52,923221.52,0,,,,
26,08/10/2010,0,46.81,2.776,132.7516667,8.149,1001069.52,1001069.52,0,,,,
26,15/10/2010,0,39.93,2.878,132.7633548,8.149,937956.89,937956.89,0,,,,
26,22/10/2010,0,36.13,2.919,132.8170968,8.149,916522.66,916522.66,0,,,,
26,29/10/2010,0,40.3,2.938,132.8708387,8.149,895069.88,895069.88,0,,,,
26,05/11/2010,0,30.51,2.938,132.9245806,8.149,970224.51,970224.51,0,,,,
26,12/11/2010,0,37.51,2.961,132.9783226,8.149,971193.01,971193.01,0,,,,
26,19/11/2010,0,36.73,3.03,132.9172,8.149,901972.7,901972.7,0,,,,
26,26/11/2010,1,28.11,3.07,132.8369333,8.149,1286833.62,970224.51,316609.11,,,,
26,03/12/2010,0,27.73,3.065,132.7566667,8.149,1016143.64,970224.51,45919.13,,,,
26,10/12/2010,0,16.6,3.132,132.6764,8.149,1149612.04,1149612.04,0,,,,
26,17/12/2010,0,20.61,3.139,132.6804516,8.149,1196813.33,1196813.33,0,,,,
26,24/12/2010,0,21.81,3.15,132.7477419,8.149,1573982.47,1573982.47,0,,,,
26,31/12/2010,1,18.73,3.177,132.8150323,8.149,877268.29,877268.29,0,,,,
26,07/01/2011,0,21.13,3.193,132.8823226,7.907,938149.21,938149.21,0,,,,
26,14/01/2011,0,16.7,3.215,132.9510645,7.907,812323.29,812323.29,0,,,,
26,21/01/2011,0,12.98,3.232,133.0285161,7.907,809833.21,809833.21,0,,,,
26,28/01/2011,0,5.54,3.243,133.1059677,7.907,817485.14,911807.02,-94321.88,,,,
26,04/02/2011,0,11.17,3.24,133.1834194,7.907,911807.02,911807.02,0,,,,
26,11/02/2011,1,15.12,3.255,133.260871,7.907,1010711.08,911807.02,98904.06,,,,
26,18/02/2011,0,19.63,3.263,133.3701429,7.907,981978.02,910298.44,71679.58,,,,
26,25/02/2011,0,16.3,3.281,133.4921429,7.907,910298.44,910298.44,0,,,,
26,04/03/2011,0,14.31,3.437,133.6141429,7.907,945643.17,945643.17,0,,,,
26,11/03/2011,0,28.13,3.6,133.7361429,7.907,946614.55,946614.55,0,,,,
26,18/03/2011,0,31.76,3.634,133.8492258,7.907,887426.12,887426.12,0,,,,
26,25/03/2011,0,22.99,3.624,133.9587419,7.907,866566.54,866566.54,0,,,,
26,01/04/2011,0,22.99,3.638,134.0682581,7.818,849231.61,849231.61,0,,,,
26,08/04/2011,0,29.09,3.72,134.1777742,7.818,985229.81,946614.55,38615.26,,,,
26,15/04/2011,0,39.46,3.823,134.2784667,7.818,863266.12,863266.12,0,,,,
26,22/04/2011,0,33.81,3.919,134.3571,7.818,921700.61,921700.61,0,,,,
26,29/04/2011,0,47.17,3.988,134.4357333,7.818,873450.29,863266.12,10184.17,,,,
26,06/05/2011,0,45,4.078,134.5143667,7.818,1024778.23,1024778.23,0,,,,
26,13/05/2011,0,48.2,4.095,134.593,7.818,941008.85,941008.85,0,,,,
26,20/05/2011,0,48.86,4.101,134.6803871,7.818,938334.62,941008.85,-2674.23,,,,
26,27/05/2011,0,56.74,4.034,134.7677742,7.818,996723.58,996723.58,0,,,,
26,03/06/2011,0,60.49,3.973,134.8551613,7.818,1054454.4,1054454.4,0,,,,
26,10/06/2011,0,59.85,3.924,134.9425484,7.818,1094058.68,1094058.68,0,,,,
26,17/06/2011,0,54.5,3.873,135.0837333,7.818,981646.46,951569.84,30076.62,,,,
26,24/06/2011,0,56.94,3.851,135.2652667,7.818,997474.93,997474.93,0,,,,
26,01/07/2011,0,59.89,3.815,135.4468,7.767,1070119.09,1070119.09,0,,,,
26,08/07/2011,0,63.34,3.784,135.6283333,7.767,1133807.03,1133807.03,0,,,,
26,15/07/2011,0,64.43,3.827,135.7837419,7.767,1021534.7,1021534.7,0,,,,
26,22/07/2011,0,69.52,3.882,135.8738387,7.767,1017867.8,1017867.8,0,,,,
26,29/07/2011,0,63.32,3.898,135.9639355,7.767,1005360.5,1107552.43,-102191.93,,,,
26,05/08/2011,0,63.16,3.903,136.0540323,7.767,1107552.43,1107552.43,0,,,,
26,12/08/2011,0,62.99,3.88,136.144129,7.767,1087644.5,1021766.75,65877.75,,,,
26,19/08/2011,0,60.58,3.82,136.183129,7.767,1021766.75,1021766.75,0,,,,
26,26/08/2011,0,61.1,3.796,136.2136129,7.767,1064617.62,1064617.62,0,,,,
26,02/09/2011,0,59.67,3.784,136.2440968,7.767,1040143.14,1040143.14,0,,,,
26,09/09/2011,1,60.98,3.809,136.2745806,7.767,1069710.97,1069710.97,0,,,,
26,16/09/2011,0,55.19,3.809,136.3145,7.767,951569.84,951569.84,0,,,,
26,23/09/2011,0,50.72,3.758,136.367,7.767,923644.6,923644.6,0,,,,
26,30/09/2011,0,59.42,3.684,136.4195,7.767,959339.51,1040143.14,-80803.63,,,,
26,07/10/2011,0,46.84,3.633,136.472,7.598,1130022.99,1130022.99,0,,,,
26,14/10/2011,0,53.91,3.583,136.5150968,7.598,987886.08,1029248.22,-41362.14,,,,
26,21/10/2011,0,45.23,3.618,136.5017742,7.598,974907.28,974907.28,0,,,,
26,28/10/2011,0,35.06,3.604,136.4884516,7.598,972256.98,972256.98,0,,,,
26,04/11/2011,0,31.7,3.586,136.475129,7.598,988950.75,988950.75,0,,,,
26,11/11/2011,0,40.08,3.57,136.4618065,7.598,1077640.13,1077640.13,0,,,,
26,18/11/2011,0,37.78,3.571,136.4666667,7.598,946091.79,946091.79,0,,,,
26,25/11/2011,1,31.07,3.536,136.4788,7.598,1282320.05,1012498.49,269821.56,,,,
26,02/12/2011,0,36.74,3.501,136.4909333,7.598,1012498.49,1012498.49,0,,,,
26,09/12/2011,0,34.24,3.47,136.5030667,7.598,1148987.46,1148987.46,0,,,,
26,16/12/2011,0,28.24,3.445,136.5335161,7.598,1204807.83,1204807.83,0,,,,
26,23/12/2011,0,22.53,3.413,136.5883871,7.598,1515175.01,1515175.01,0,,,,
26,30/12/2011,1,18.8,3.402,136.6432581,7.598,972834.42,972834.42,0,,,,
26,06/01/2012,0,22.94,3.439,136.698129,7.467,971557.62,971557.62,0,,,,
26,13/01/2012,0,25.55,3.523,136.753,7.467,836305.65,836305.65,0,,,,
26,20/01/2012,0,15.22,3.542,136.8564194,7.467,838751.5,838751.5,0,,,,
26,27/01/2012,0,24.16,3.568,136.9598387,7.467,820059.89,1077640.13,-257580.24,,,,
26,03/02/2012,0,25.24,3.633,137.0632581,7.467,939158.25,939158.25,0,,,,
26,10/02/2012,1,23.89,3.655,137.1666774,7.467,1081005.64,1081005.64,0,,,,
26,17/02/2012,0,23.9,3.703,137.2583103,7.467,965788.76,965788.76,0,,,,
26,24/02/2012,0,28.06,3.751,137.3411034,7.467,917924.47,917924.47,0,,,,
26,02/03/2012,0,22.49,3.827,137.4238966,7.467,955641.74,955641.74,0,,,,
26,09/03/2012,0,29.03,3.876,137.5066897,7.467,1028569.01,1028569.01,0,,,,
26,16/03/2012,0,35.06,3.867,137.5843871,7.467,919503.4,919503.4,0,,,,
26,23/03/2012,0,49.97,3.889,137.6552903,7.467,874790.68,874790.68,0,,,,
26,30/03/2012,0,33.33,3.921,137.7261935,7.467,922018.43,874790.68,47227.75,,,,
26,06/04/2012,0,33.35,3.957,137.7970968,7.489,1116829.23,1116829.23,0,,,,
26,13/04/2012,0,36.9,4.025,137.868,7.489,889670.29,889670.29,0,,,,
26,20/04/2012,0,50.81,4.046,137.9230667,7.489,923600.02,923600.02,0,,,,
26,27/04/2012,0,43.6,4.023,137.9781333,7.489,911969,889670.29,22298.71,,,,
26,04/05/2012,0,40.29,3.991,138.0332,7.489,946573.29,889670.29,56903,,,,
26,11/05/2012,0,47.11,3.947,138.0882667,7.489,1062548.73,1062548.73,0,,,,
26,18/05/2012,0,52.55,3.899,138.1065806,7.489,978082.84,978082.84,0,,,,
26,25/05/2012,0,58.2,3.85,138.1101935,7.489,1067310.74,1015853.03,51457.71,,,,
26,01/06/2012,0,58.51,3.798,138.1138065,7.489,1015853.03,1015853.03,0,,,,
26,08/06/2012,0,49.43,3.746,138.1174194,7.489,1106176.83,1106176.83,0,,,,
26,15/06/2012,0,57.84,3.683,138.1295333,7.489,1029248.22,1029248.22,0,,,,
26,22/06/2012,0,63.04,3.629,138.1629,7.489,1056282.91,1056282.91,0,,,,
26,29/06/2012,0,60.71,3.577,138.1962667,7.489,1051190.44,1051190.44,0,,,,
26,06/07/2012,0,64.94,3.538,138.2296333,7.405,1180470.8,1063149.78,117321.02,,,,
26,13/07/2012,0,64.47,3.561,138.263,7.405,1063149.78,1063149.78,0,,,,
26,20/07/2012,0,66.75,3.61,138.2331935,7.405,1049625.9,1049625.9,0,,,,
26,27/07/2012,0,64.12,3.701,138.2033871,7.405,1031745.14,1031745.14,0,,,,
26,03/08/2012,0,65.6,3.698,138.1735806,7.405,1090915.09,1090915.09,0,,,,
26,10/08/2012,0,67.01,3.772,138.1437742,7.405,1121476.51,1090915.09,30561.42,,,,
26,17/08/2012,0,65.54,3.84,138.1857097,7.405,1068292.56,1068292.56,0,,,,
26,24/08/2012,0,62.08,3.874,138.2814516,7.405,1022704.2,1022704.2,0,,,,
26,31/08/2012,0,63.69,3.884,138.3771935,7.405,1053495.51,1053495.51,0,,,,
26,07/09/2012,1,61.58,3.921,138.4729355,7.405,1081874.03,1081874.03,0,,,,
26,14/09/2012,0,57.69,3.988,138.5673,7.405,986131.94,986131.94,0,,,,
26,21/09/2012,0,52.68,4.056,138.6534,7.405,961084.08,961084.08,0,,,,
26,28/09/2012,0,50.66,4.018,138.7395,7.405,964726.37,964726.37,0,,,,
26,05/10/2012,0,54.07,4.027,138.8256,7.138,1095504.26,1095504.26,0,,,,
26,12/10/2012,0,45.19,4.029,138.9117,7.138,1044639.69,975578.02,69061.67,,,,
26,19/10/2012,0,43.51,4,138.8336129,7.138,975578.02,975578.02,0,,,,
26,26/10/2012,0,46.95,3.917,138.7281613,7.138,958619.8,958619.8,0,,,,
27,05/02/2010,0,27.19,2.954,135.3524608,8.237,1874289.79,1874289.79,0,,,,
27,12/02/2010,1,29.81,2.94,135.4113076,8.237,1745362.72,1874289.79,-128927.07,,,,
27,19/02/2010,0,32.44,2.909,135.4657781,8.237,1945070.33,1945070.33,0,,,,
27,26/02/2010,0,36,2.91,135.5195191,8.237,1390934.27,1390934.27,0,,,,
27,05/03/2010,0,38.07,2.919,135.5732602,8.237,1313729.72,1390934.27,-77204.55,,,,
27,12/03/2010,0,45.98,2.938,135.6270013,8.237,1925113.12,1925113.12,0,,,,
27,19/03/2010,0,49.04,2.96,135.6682247,8.237,1700627.97,1700627.97,0,,,,
27,26/03/2010,0,52.34,2.963,135.7073618,8.237,1836714.84,1836714.84,0,,,,
27,02/04/2010,0,46.9,2.957,135.7464988,8.058,2053952.97,1700627.97,353325,,,,
27,09/04/2010,0,62.62,2.992,135.7856359,8.058,1955814.13,1955814.13,0,,,,
27,16/04/2010,0,54.95,3.01,135.82725,8.058,1857500.96,1857500.96,0,,,,
27,23/04/2010,0,53.91,3.021,135.8721667,8.058,1850205.47,1850205.47,0,,,,
27,30/04/2010,0,53.55,3.042,135.9170833,8.058,1805885.04,1805885.04,0,,,,
27,07/05/2010,0,69.02,3.095,135.962,8.058,1939458.84,1939458.84,0,,,,
27,14/05/2010,0,53.82,3.112,136.010394,8.058,1842465.78,1805885.04,36580.74,,,,
27,21/05/2010,0,63.31,3.096,136.0796521,8.058,1836595.58,1836595.58,0,,,,
27,28/05/2010,0,67.88,3.046,136.1489101,8.058,1962468.67,1962468.67,0,,,,
27,04/06/2010,0,74.29,3.006,136.2181682,8.058,2073102.59,2073102.59,0,,,,
27,11/06/2010,0,68.9,2.972,136.2874263,8.058,1873812.93,1873812.93,0,,,,
27,18/06/2010,0,70,2.942,136.3243393,8.058,1887182.27,1887182.27,0,,,,
27,25/06/2010,0,78.02,2.958,136.3483143,8.058,1962625.01,1962625.01,0,,,,
27,02/07/2010,0,76.25,2.958,136.3722893,7.982,2024554.1,2024554.1,0,,,,
27,09/07/2010,0,82.69,2.94,136.3962643,7.982,2119163.01,2119163.01,0,,,,
27,16/07/2010,0,78.26,2.933,136.4179827,7.982,1880691.64,1880691.64,0,,,,
27,23/07/2010,0,81.56,2.924,136.4366924,7.982,1808250.71,1808250.71,0,,,,
27,30/07/2010,0,79.78,2.932,136.4554021,7.982,1816489.53,1908110.9,-91621.37,,,,
27,06/08/2010,0,77.45,2.942,136.4741118,7.982,1908036.68,1908036.68,0,,,,
27,13/08/2010,0,77.36,2.923,136.4928214,7.982,1864436.12,1908036.68,-43600.56,,,,
27,20/08/2010,0,75.16,2.913,136.5249182,7.982,1936878.46,1936878.46,0,,,,
27,27/08/2010,0,70.31,2.885,136.557015,7.982,1870684.21,1870684.21,0,,,,
27,03/09/2010,0,78.52,2.86,136.5891118,7.982,1908110.9,1908110.9,0,,,,
27,10/09/2010,1,70.38,2.837,136.6212085,7.982,1913494.81,1913494.81,0,,,,
27,17/09/2010,0,64.5,2.846,136.6338071,7.982,1629978.46,1870684.21,-240705.75,,,,
27,24/09/2010,0,67.08,2.837,136.6317821,7.982,1597002.71,1870684.21,-273681.5,,,,
27,01/10/2010,0,70.19,2.84,136.6297571,8.021,1543532.83,1870684.21,-327151.38,,,,
27,08/10/2010,0,57.78,2.903,136.6277321,8.021,1707662.87,1707662.87,0,,,,
27,15/10/2010,0,58.38,2.999,136.6401935,8.021,1728388.2,1728388.2,0,,,,
27,22/10/2010,0,52.82,3.049,136.688871,8.021,1693935.29,1693935.29,0,,,,
27,29/10/2010,0,61.02,3.055,136.7375484,8.021,1688955.49,1688955.49,0,,,,
27,05/11/2010,0,45.91,3.049,136.7862258,8.021,1686010.02,1686010.02,0,,,,
27,12/11/2010,0,45.9,3.065,136.8349032,8.021,1828010.25,1828010.25,0,,,,
27,19/11/2010,0,50.81,3.138,136.7715714,8.021,1704785.74,1686010.02,18775.72,,,,
27,26/11/2010,1,46.67,3.186,136.6895714,8.021,2627910.75,2627910.75,0,,,,
27,03/12/2010,0,41.81,3.2,136.6075714,8.021,1884343.67,1884343.67,0,,,,
27,10/12/2010,0,30.83,3.255,136.5255714,8.021,2139733.68,2139733.68,0,,,,
27,17/12/2010,0,31.62,3.301,136.5292811,8.021,2350098.36,2350098.36,0,,,,
27,24/12/2010,0,31.34,3.309,136.597273,8.021,3078162.08,3078162.08,0,,,,
27,31/12/2010,1,29.59,3.336,136.665265,8.021,1440963,1440963,0,,,,
27,07/01/2011,0,34.42,3.351,136.7332569,7.827,1568159.48,1568159.48,0,,,,
27,14/01/2011,0,25.7,3.367,136.803477,7.827,1532308.62,1532308.62,0,,,,
27,21/01/2011,0,30.13,3.391,136.8870657,7.827,1517029.9,1517029.9,0,,,,
27,28/01/2011,0,23.64,3.402,136.9706544,7.827,1421111.55,1421111.55,0,,,,
27,04/02/2011,0,28.7,3.4,137.0542431,7.827,1628100.79,1628100.79,0,,,,
27,11/02/2011,1,30.45,3.416,137.1378318,7.827,1636224.77,1440963,195261.77,,,,
27,18/02/2011,0,39.32,3.42,137.2511849,7.827,1709365.19,1709365.19,0,,,,
27,25/02/2011,0,33.05,3.452,137.3764439,7.827,1688935.71,1517029.9,171905.81,,,,
27,04/03/2011,0,36.99,3.605,137.5017028,7.827,1656130.67,1656130.67,0,,,,
27,11/03/2011,0,43.64,3.752,137.6269617,7.827,1613259.77,1613259.77,0,,,,
27,18/03/2011,0,46.65,3.796,137.7398929,7.827,1624539.21,1624539.21,0,,,,
27,25/03/2011,0,40.11,3.789,137.8478929,7.827,1554651.08,1554651.08,0,,,,
27,01/04/2011,0,37.27,3.811,137.9558929,7.725,1628868.28,1628868.28,0,,,,
27,08/04/2011,0,46.87,3.895,138.0638929,7.725,1689844.18,1689844.18,0,,,,
27,15/04/2011,0,52.24,3.981,138.1646952,7.725,1727175.61,1727175.61,0,,,,
27,22/04/2011,0,50.02,4.061,138.2475036,7.725,1921655.48,1642074.64,279580.84,,,,
27,29/04/2011,0,61.71,4.117,138.3303119,7.725,1642074.64,1642074.64,0,,,,
27,06/05/2011,0,56.48,4.192,138.4131202,7.725,1757041.96,1642074.64,114967.32,,,,
27,13/05/2011,0,60.07,4.211,138.4959286,7.725,1763545.32,1763545.32,0,,,,
27,20/05/2011,0,60.22,4.202,138.587106,7.725,1725268.56,1725268.56,0,,,,
27,27/05/2011,0,66.43,4.134,138.6782834,7.725,1820723.17,1820723.17,0,,,,
27,03/06/2011,0,74.17,4.069,138.7694608,7.725,2053708.01,1817914.71,235793.3,,,,
27,10/06/2011,0,73.26,4.025,138.8606382,7.725,1817914.71,1817914.71,0,,,,
27,17/06/2011,0,67.03,3.989,139.0028333,7.725,1814740.09,1820723.17,-5983.08,,,,
27,24/06/2011,0,72.02,3.964,139.1832917,7.725,1811455.15,1511717.53,299737.62,,,,
27,01/07/2011,0,73.76,3.916,139.36375,7.85,1949983.93,1949983.93,0,,,,
27,08/07/2011,0,76.87,3.886,139.5442083,7.85,2000055.27,2000055.27,0,,,,
27,15/07/2011,0,77.83,3.915,139.7006325,7.85,1762155.79,1762155.79,0,,,,
27,22/07/2011,0,82.28,3.972,139.7969712,7.85,1754879.45,1744879.06,10000.39,,,,
27,29/07/2011,0,79.41,4.004,139.8933099,7.85,1744879.06,1744879.06,0,,,,
27,05/08/2011,0,78.14,4.02,139.9896486,7.85,1747289.53,1758437.96,-11148.43,,,,
27,12/08/2011,0,76.67,3.995,140.0859873,7.85,1758437.96,1758437.96,0,,,,
27,19/08/2011,0,72.97,3.942,140.1289205,7.85,1781905.24,1781905.24,0,,,,
27,26/08/2011,0,72.88,3.906,140.1629528,7.85,2034400.78,2034400.78,0,,,,
27,02/09/2011,0,71.44,3.879,140.196985,7.85,1511717.53,1511717.53,0,,,,
27,09/09/2011,1,70.93,3.93,140.2310173,7.85,1911470.84,1911470.84,0,,,,
27,16/09/2011,0,69.65,3.937,140.2735,7.85,1613773.9,1820723.17,-206949.27,,,,
27,23/09/2011,0,63.61,3.899,140.32725,7.85,1606208.68,1820723.17,-214514.49,,,,
27,30/09/2011,0,70.92,3.858,140.381,7.85,1599626.26,1599626.26,0,,,,
27,07/10/2011,0,56.91,3.775,140.43475,7.906,1672339.27,1672339.27,0,,,,
27,14/10/2011,0,64.78,3.744,140.4784194,7.906,1682652.51,1682652.51,0,,,,
27,21/10/2011,0,59.62,3.757,140.4616048,7.906,1689591.44,1689591.44,0,,,,
27,28/10/2011,0,51.81,3.757,140.4447903,7.906,1710372.4,1672339.27,38033.13,,,,
27,04/11/2011,0,44.46,3.738,140.4279758,7.906,1621109.3,1621109.3,0,,,,
27,11/11/2011,0,49.69,3.719,140.4111613,7.906,1800728.07,1800728.07,0,,,,
27,18/11/2011,0,51.42,3.717,140.4127857,7.906,1723739.44,1723739.44,0,,,,
27,25/11/2011,1,47.88,3.689,140.4217857,7.906,2504400.71,1911470.84,592929.87,,,,
27,02/12/2011,0,50.55,3.666,140.4307857,7.906,1806924.74,1806924.74,0,,,,
27,09/12/2011,0,46.28,3.627,140.4397857,7.906,2014665.98,2205919.86,-191253.88,,,,
27,16/12/2011,0,40.68,3.611,140.4700795,7.906,2205919.86,2205919.86,0,,,,
27,23/12/2011,0,41.59,3.587,140.528765,7.906,2739019.75,2739019.75,0,,,,
27,30/12/2011,1,37.85,3.566,140.5874505,7.906,1650604.6,1650604.6,0,,,,
27,06/01/2012,0,35.8,3.585,140.6461359,8.009,1535287.4,1535287.4,0,,,,
27,13/01/2012,0,41.3,3.666,140.7048214,8.009,1492399.13,1492399.13,0,,,,
27,20/01/2012,0,30.35,3.705,140.8086118,8.009,1542131.05,1542131.05,0,,,,
27,27/01/2012,0,36.96,3.737,140.9124021,8.009,1263534.86,1263534.86,0,,,,
27,03/02/2012,0,42.52,3.796,141.0161924,8.009,1564246.02,1564246.02,0,,,,
27,10/02/2012,1,37.86,3.826,141.1199827,8.009,1651605.35,1651605.35,0,,,,
27,17/02/2012,0,37.24,3.874,141.2140357,8.009,1606221.56,1606221.56,0,,,,
27,24/02/2012,0,41.74,3.917,141.3007857,8.009,1648602.39,1648602.39,0,,,,
27,02/03/2012,0,40.07,3.983,141.3875357,8.009,1509323.09,1509323.09,0,,,,
27,09/03/2012,0,44.32,4.021,141.4742857,8.009,1607343.41,1607343.41,0,,,,
27,16/03/2012,0,49.6,4.021,141.55478,8.009,1635984.07,1689591.44,-53607.37,,,,
27,23/03/2012,0,57.3,4.054,141.6269332,8.009,1620839.34,1620839.34,0,,,,
27,30/03/2012,0,49.4,4.098,141.6990864,8.009,1615494.14,1615494.14,0,,,,
27,06/04/2012,0,48.73,4.143,141.7712396,8.253,1899013.34,1899013.34,0,,,,
27,13/04/2012,0,52.22,4.187,141.8433929,8.253,1650405.21,1650405.21,0,,,,
27,20/04/2012,0,62.62,4.17,141.9015262,8.253,1639999.47,1639999.47,0,,,,
27,27/04/2012,0,52.33,4.163,141.9596595,8.253,1565498.84,1565498.84,0,,,,
27,04/05/2012,0,53.68,4.124,142.0177929,8.253,1669388.45,1565498.84,103889.61,,,,
27,11/05/2012,0,58.97,4.055,142.0759262,8.253,1674306.31,1674306.31,0,,,,
27,18/05/2012,0,65.15,4.029,142.0970115,8.253,1707158.82,1707158.82,0,,,,
27,25/05/2012,0,64.77,3.979,142.1032776,8.253,1818906.73,1818906.73,0,,,,
27,01/06/2012,0,73.4,3.915,142.1095438,8.253,1900638.6,1900638.6,0,,,,
27,08/06/2012,0,64.05,3.871,142.1158099,8.253,1764756.31,1764756.31,0,,,,
27,15/06/2012,0,69.52,3.786,142.1292548,8.253,1773500.56,1773500.56,0,,,,
27,22/06/2012,0,73.23,3.722,142.1606464,8.253,1837884.79,1837884.79,0,,,,
27,29/06/2012,0,73.94,3.667,142.1920381,8.253,1842555.32,1842555.32,0,,,,
27,06/07/2012,0,82.08,3.646,142.2234298,8.239,2062224.92,1755889.53,306335.39,,,,
27,13/07/2012,0,78.95,3.689,142.2548214,8.239,1755889.53,1755889.53,0,,,,
27,20/07/2012,0,78.64,3.732,142.2337569,8.239,1730913.66,1755889.53,-24975.87,,,,
27,27/07/2012,0,76.01,3.82,142.2126924,8.239,1625883.71,1755889.53,-130005.82,,,,
27,03/08/2012,0,75.22,3.819,142.1916279,8.239,1705810.84,1705810.84,0,,,,
27,10/08/2012,0,78.44,3.863,142.1705634,8.239,1720537.26,1720537.26,0,,,,
27,17/08/2012,0,76.51,3.963,142.2157385,8.239,1735339.59,1735339.59,0,,,,
27,24/08/2012,0,72.93,3.997,142.3105933,8.239,1780443.36,1780443.36,0,,,,
27,31/08/2012,0,75,4.026,142.4054482,8.239,1731935.43,1731935.43,0,,,,
27,07/09/2012,1,76,4.076,142.500303,8.239,1840955.23,1840955.23,0,,,,
27,14/09/2012,0,68.72,4.088,142.5938833,8.239,1519604.5,1519604.5,0,,,,
27,21/09/2012,0,66.1,4.203,142.6798167,8.239,1557485.75,1540687.63,16798.12,,,,
27,28/09/2012,0,64.92,4.158,142.76575,8.239,1540687.63,1540687.63,0,,,,
27,05/10/2012,0,64.5,4.151,142.8516833,8,1591816.88,1591816.88,0,,,,
27,12/10/2012,0,55.4,4.186,142.9376167,8,1660081.29,1660081.29,0,,,,
27,19/10/2012,0,56.53,4.153,142.8633629,8,1620374.24,1620374.24,0,,,,
27,26/10/2012,0,58.99,4.071,142.7624113,8,1703047.74,1591816.88,111230.86,,,,
28,05/02/2010,0,49.47,2.962,126.4420645,13.975,1672352.29,1672352.29,0,,,,
28,12/02/2010,1,47.87,2.946,126.4962581,13.975,1558968.49,1558968.49,0,,,,
28,19/02/2010,0,54.83,2.915,126.5262857,13.975,1491300.42,1491300.42,0,,,,
28,26/02/2010,0,50.23,2.825,126.5522857,13.975,1542173.33,1542173.33,0,,,,
28,05/03/2010,0,53.77,2.987,126.5782857,13.975,1608435.45,1608435.45,0,,,,
28,12/03/2010,0,50.11,2.925,126.6042857,13.975,1326877.11,1326877.11,0,,,,
28,19/03/2010,0,59.57,3.054,126.6066452,13.975,1279819.43,1279819.43,0,,,,
28,26/03/2010,0,60.06,3.083,126.6050645,13.975,1245268.77,1176588.25,68680.52,,,,
28,02/04/2010,0,59.84,3.086,126.6034839,14.099,1441559.4,1441559.4,0,,,,
28,09/04/2010,0,59.25,3.09,126.6019032,14.099,1382359.21,1382359.21,0,,,,
28,16/04/2010,0,64.95,3.109,126.5621,14.099,1268240.66,1268240.66,0,,,,
28,23/04/2010,0,64.55,3.05,126.4713333,14.099,1244177.21,1244177.21,0,,,,
28,30/04/2010,0,67.38,3.105,126.3805667,14.099,1186971.02,1399960.15,-212989.13,,,,
28,07/05/2010,0,70.15,3.127,126.2898,14.099,1532893.22,1532893.22,0,,,,
28,14/05/2010,0,68.44,3.145,126.2085484,14.099,1245898.73,1245898.73,0,,,,
28,21/05/2010,0,76.2,3.12,126.1843871,14.099,1217923.71,1217923.71,0,,,,
28,28/05/2010,0,67.84,3.058,126.1602258,14.099,1176588.25,1176588.25,0,,,,
28,04/06/2010,0,81.39,2.941,126.1360645,14.099,1543678.02,1543678.02,0,,,,
28,11/06/2010,0,90.84,2.949,126.1119032,14.099,1348995.17,1348995.17,0,,,,
28,18/06/2010,0,81.06,3.043,126.114,14.099,1267619.06,1267619.06,0,,,,
28,25/06/2010,0,87.27,3.084,126.1266,14.099,1231025.07,1231025.07,0,,,,
28,02/07/2010,0,91.98,3.105,126.1392,14.18,1399960.15,1399960.15,0,,,,
28,09/07/2010,0,90.37,3.1,126.1518,14.18,1340293.87,1340293.87,0,,,,
28,16/07/2010,0,97.18,3.094,126.1498065,14.18,1225336.41,1225336.41,0,,,,
28,23/07/2010,0,99.22,3.112,126.1283548,14.18,1205884.98,1205884.98,0,,,,
28,30/07/2010,0,96.31,3.017,126.1069032,14.18,1150204.71,1150204.71,0,,,,
28,06/08/2010,0,92.95,3.123,126.0854516,14.18,1523101.38,1523101.38,0,,,,
28,13/08/2010,0,87.01,3.159,126.064,14.18,1218688.09,1218688.09,0,,,,
28,20/08/2010,0,92.81,3.041,126.0766452,14.18,1195897.6,1195897.6,0,,,,
28,27/08/2010,0,93.19,3.129,126.0892903,14.18,1191585.92,1191585.92,0,,,,
28,03/09/2010,0,83.12,3.087,126.1019355,14.18,1523410.71,1523410.71,0,,,,
28,10/09/2010,1,83.63,3.044,126.1145806,14.18,1246062.17,1246062.17,0,,,,
28,17/09/2010,0,82.45,3.028,126.1454667,14.18,1159812.35,1159812.35,0,,,,
28,24/09/2010,0,81.77,2.939,126.1900333,14.18,1111797.21,1111797.21,0,,,,
28,01/10/2010,0,85.2,3.001,126.2346,14.313,1203080.41,1203080.41,0,,,,
28,08/10/2010,0,71.82,3.013,126.2791667,14.313,1334571.87,1334571.87,0,,,,
28,15/10/2010,0,75,2.976,126.3266774,14.313,1158062.99,1608435.45,-450372.46,,,,
28,22/10/2010,0,68.85,3.014,126.3815484,14.313,1120619.32,1120619.32,0,,,,
28,29/10/2010,0,61.09,3.016,126.4364194,14.313,1231688.48,1231688.48,0,,,,
28,05/11/2010,0,65.49,3.129,126.4912903,14.313,1501663.26,1501663.26,0,,,,
28,12/11/2010,0,57.79,3.13,126.5461613,14.313,1266460.45,1266460.45,0,,,,
28,19/11/2010,0,58.18,3.161,126.6072,14.313,1179315.72,1266460.45,-87144.73,,,,
28,26/11/2010,1,47.66,3.162,126.6692667,14.313,1937033.5,1311796.91,625236.59,,,,
28,03/12/2010,0,43.33,3.041,126.7313333,14.313,1447916.29,1447916.29,0,,,,
28,10/12/2010,0,50.01,3.203,126.7934,14.313,1466164.49,1326877.11,139287.38,,,,
28,17/12/2010,0,52.77,3.236,126.8794839,14.313,1510443.62,1510443.62,0,,,,
28,24/12/2010,0,52.02,3.236,126.9835806,14.313,2026026.39,2026026.39,0,,,,
28,31/12/2010,1,45.64,3.148,127.0876774,14.313,1090558.57,1090558.57,0,,,,
28,07/01/2011,0,37.64,3.287,127.1917742,14.021,1402902.47,1402902.47,0,,,,
28,14/01/2011,0,43.15,3.312,127.3009355,14.021,1098286.61,1098286.61,0,,,,
28,21/01/2011,0,53.53,3.223,127.4404839,14.021,1079669.11,1079669.11,0,,,,
28,28/01/2011,0,50.74,3.342,127.5800323,14.021,1127859.69,1397301.38,-269441.69,,,,
28,04/02/2011,0,45.14,3.348,127.7195806,14.021,1564897.32,1564897.32,0,,,,
28,11/02/2011,1,51.3,3.381,127.859129,14.021,1397301.38,1397301.38,0,,,,
28,18/02/2011,0,53.35,3.43,127.99525,14.021,1514828.82,1514828.82,0,,,,
28,25/02/2011,0,48.45,3.53,128.13,14.021,1311796.91,1311796.91,0,,,,
28,04/03/2011,0,51.72,3.674,128.26475,14.021,1723736.91,1723736.91,0,,,,
28,11/03/2011,0,57.75,3.818,128.3995,14.021,1380836.35,1266460.45,114375.9,,,,
28,18/03/2011,0,64.21,3.692,128.5121935,14.021,1286413.71,1242746.06,43667.65,,,,
28,25/03/2011,0,54.4,3.909,128.6160645,14.021,1201059.72,1201059.72,0,,,,
28,01/04/2011,0,63.63,3.772,128.7199355,13.736,1336838.41,1242746.06,94092.35,,,,
28,08/04/2011,0,64.47,4.003,128.8238065,13.736,1414713.5,1414713.5,0,,,,
28,15/04/2011,0,57.63,3.868,128.9107333,13.736,1240126.07,1201059.72,39066.35,,,,
28,22/04/2011,0,72.12,4.134,128.9553,13.736,1297452,1297452,0,,,,
28,29/04/2011,0,68.27,4.151,128.9998667,13.736,1222367.9,1222367.9,0,,,,
28,06/05/2011,0,68.4,4.193,129.0444333,13.736,1515890.38,1515890.38,0,,,,
28,13/05/2011,0,70.93,4.202,129.089,13.736,1253316.3,1253316.3,0,,,,
28,20/05/2011,0,66.59,4.169,129.0756774,13.736,1151282.31,1151282.31,0,,,,
28,27/05/2011,0,76.67,4.087,129.0623548,13.736,1160043.98,1160043.98,0,,,,
28,03/06/2011,0,71.81,4.031,129.0490323,13.736,1403779.25,1403779.25,0,,,,
28,10/06/2011,0,78.72,3.981,129.0357097,13.736,1339972.83,1264575.18,75397.65,,,,
28,17/06/2011,0,86.84,3.935,129.0432,13.736,1268503.49,1268503.49,0,,,,
28,24/06/2011,0,88.95,3.898,129.0663,13.736,1208809.34,1120731.76,88077.58,,,,
28,01/07/2011,0,89.85,3.842,129.0894,13.503,1319054.57,1319054.57,0,,,,
28,08/07/2011,0,89.9,3.705,129.1125,13.503,1459655.85,1459655.85,0,,,,
28,15/07/2011,0,88.1,3.692,129.1338387,13.503,1197373.13,1197373.13,0,,,,
28,22/07/2011,0,91.17,3.794,129.1507742,13.503,1165870.54,1165870.54,0,,,,
28,29/07/2011,0,93.29,3.805,129.1677097,13.503,1114530.29,1114530.29,0,,,,
28,05/08/2011,0,90.61,3.803,129.1846452,13.503,1523870.89,1523870.89,0,,,,
28,12/08/2011,0,91.04,3.701,129.2015806,13.503,1218764.94,1200019.74,18745.2,,,,
28,19/08/2011,0,91.74,3.743,129.2405806,13.503,1200019.74,1200019.74,0,,,,
28,26/08/2011,0,94.61,3.74,129.2832581,13.503,1166479.51,1166479.51,0,,,,
28,02/09/2011,0,93.66,3.798,129.3259355,13.503,1468871.49,1468871.49,0,,,,
28,09/09/2011,1,88,3.913,129.3686129,13.503,1310087,1469693.99,-159606.99,,,,
28,16/09/2011,0,76.36,3.918,129.4306,13.503,1159212.1,1160043.98,-831.88,,,,
28,23/09/2011,0,82.95,3.789,129.5183333,13.503,1109105.92,1319054.57,-209948.65,,,,
28,30/09/2011,0,83.26,3.877,129.6060667,13.503,1120731.76,1120731.76,0,,,,
28,07/10/2011,0,70.44,3.827,129.6938,12.89,1557314.58,1557314.58,0,,,,
28,14/10/2011,0,67.31,3.805,129.7706452,12.89,1220984.94,1242746.06,-21761.12,,,,
28,21/10/2011,0,73.05,3.842,129.7821613,12.89,1203172.05,1203172.05,0,,,,
28,28/10/2011,0,67.41,3.727,129.7936774,12.89,1242746.06,1242746.06,0,,,,
28,04/11/2011,0,59.77,3.828,129.8051935,12.89,1576654.67,1255081.22,321573.45,,,,
28,11/11/2011,0,48.76,3.824,129.8167097,12.89,1402654.95,1311796.91,90858.04,,,,
28,18/11/2011,0,54.2,3.813,129.8268333,12.89,1255081.22,1255081.22,0,,,,
28,25/11/2011,1,53.25,3.622,129.8364,12.89,1929738.27,1929738.27,0,,,,
28,02/12/2011,0,52.5,3.701,129.8459667,12.89,1368130.35,1368130.35,0,,,,
28,09/12/2011,0,42.17,3.644,129.8555333,12.89,1467024.3,1467024.3,0,,,,
28,16/12/2011,0,43.29,3.6,129.8980645,12.89,1429954.66,1429954.66,0,,,,
28,23/12/2011,0,45.4,3.541,129.9845484,12.89,1796203.51,1129540.48,666663.03,,,,
28,30/12/2011,1,44.64,3.428,130.0710323,12.89,1270036.53,1270036.53,0,,,,
28,06/01/2012,0,50.43,3.599,130.1575161,12.187,1466046.07,1466046.07,0,,,,
28,13/01/2012,0,48.07,3.657,130.244,12.187,1161190.29,1311796.91,-150606.62,,,,
28,20/01/2012,0,46.2,3.66,130.2792258,12.187,1129540.48,1129540.48,0,,,,
28,27/01/2012,0,50.43,3.675,130.3144516,12.187,1132948.48,1531599.44,-398650.96,,,,
28,03/02/2012,0,50.58,3.702,130.3496774,12.187,1531599.44,1531599.44,0,,,,
28,10/02/2012,1,52.27,3.722,130.3849032,12.187,1572966.15,1572966.15,0,,,,
28,17/02/2012,0,51.8,3.781,130.4546207,12.187,1501503.68,1501503.68,0,,,,
28,24/02/2012,0,53.13,3.95,130.5502069,12.187,1323487.91,1323487.91,0,,,,
28,02/03/2012,0,52.27,4.178,130.6457931,12.187,1451740.57,1451740.57,0,,,,
28,09/03/2012,0,54.54,4.25,130.7413793,12.187,1680764.06,1290684.95,390079.11,,,,
28,16/03/2012,0,64.44,4.273,130.8261935,12.187,1337875.49,1337875.49,0,,,,
28,23/03/2012,0,56.26,4.038,130.8966452,12.187,1216059.41,1216059.41,0,,,,
28,30/03/2012,0,64.36,4.294,130.9670968,12.187,1209524.11,1209524.11,0,,,,
28,06/04/2012,0,64.05,4.121,131.0375484,11.627,1559592.79,1559592.79,0,,,,
28,13/04/2012,0,64.28,4.254,131.108,11.627,1290684.95,1290684.95,0,,,,
28,20/04/2012,0,66.73,4.222,131.1173333,11.627,1180797.2,1180797.2,0,,,,
28,27/04/2012,0,77.99,4.193,131.1266667,11.627,1170456.16,1170456.16,0,,,,
28,04/05/2012,0,76.03,4.171,131.136,11.627,1450628.85,1450628.85,0,,,,
28,11/05/2012,0,77.27,4.186,131.1453333,11.627,1264575.18,1264575.18,0,,,,
28,18/05/2012,0,84.51,4.11,131.0983226,11.627,1213310.45,1213310.45,0,,,,
28,25/05/2012,0,83.84,4.293,131.0287742,11.627,1151214.41,1245480.95,-94266.54,,,,
28,01/06/2012,0,78.11,4.277,130.9592258,11.627,1245480.95,1245480.95,0,,,,
28,08/06/2012,0,84.83,4.103,130.8896774,11.627,1440687.69,1213310.45,227377.24,,,,
28,15/06/2012,0,85.94,4.144,130.8295333,11.627,1229760.97,1229760.97,0,,,,
28,22/06/2012,0,91.61,4.014,130.7929,11.627,1180671.55,1268503.49,-87831.94,,,,
28,29/06/2012,0,90.47,3.875,130.7562667,11.627,1129031.98,1129031.98,0,,,,
28,06/07/2012,0,89.13,3.765,130.7196333,10.926,1500863.54,1376520.1,124343.44,,,,
28,13/07/2012,0,95.61,3.723,130.683,10.926,1179915.04,1179915.04,0,,,,
28,20/07/2012,0,85.53,3.726,130.7012903,10.926,1149427.48,1376520.1,-227092.62,,,,
28,27/07/2012,0,93.47,3.769,130.7195806,10.926,1135035.09,1135035.09,0,,,,
28,03/08/2012,0,88.16,3.76,130.737871,10.926,1376520.1,1376520.1,0,,,,
28,10/08/2012,0,95.91,3.811,130.7561613,10.926,1269113.41,1269113.41,0,,,,
28,17/08/2012,0,94.87,4.002,130.7909677,10.926,1184198.41,1184198.41,0,,,,
28,24/08/2012,0,85.32,4.055,130.8381613,10.926,1199309.59,1199309.59,0,,,,
28,31/08/2012,0,89.78,4.093,130.8853548,10.926,1227118.75,1227118.75,0,,,,
28,07/09/2012,1,88.52,4.124,130.9325484,10.926,1469693.99,1469693.99,0,,,,
28,14/09/2012,0,83.64,4.133,130.9776667,10.926,1124660.77,1124660.77,0,,,,
28,21/09/2012,0,82.97,4.125,131.0103333,10.926,1135340.19,1124660.77,10679.42,,,,
28,28/09/2012,0,81.22,3.966,131.043,10.926,1129508.61,1129508.61,0,,,,
28,05/10/2012,0,81.61,3.966,131.0756667,10.199,1462941.03,1462941.03,0,,,,
28,12/10/2012,0,71.74,4.468,131.1083333,10.199,1205536.71,1205536.71,0,,,,
28,19/10/2012,0,68.66,4.449,131.1499677,10.199,1143724.48,1143724.48,0,,,,
28,26/10/2012,0,65.95,4.301,131.1930968,10.199,1213860.61,1143724.48,70136.13,,,,
29,05/02/2010,0,24.36,2.788,131.5279032,10.064,538634.46,538634.46,0,,,,
29,12/02/2010,1,28.14,2.771,131.5866129,10.064,529672.95,529672.95,0,,,,
29,19/02/2010,0,31.96,2.747,131.637,10.064,542399.07,542399.07,0,,,,
29,26/02/2010,0,35.98,2.753,131.686,10.064,488417.61,488417.61,0,,,,
29,05/03/2010,0,36.82,2.766,131.735,10.064,535087.91,488417.61,46670.3,,,,
29,12/03/2010,0,43.43,2.805,131.784,10.064,519042.49,519042.49,0,,,,
29,19/03/2010,0,46.03,2.834,131.8242903,10.064,496851.6,496851.6,0,,,,
29,26/03/2010,0,48.56,2.831,131.863129,10.064,552985.34,552985.34,0,,,,
29,02/04/2010,0,44.96,2.826,131.9019677,10.16,599629.25,552985.34,46643.91,,,,
29,09/04/2010,0,57.06,2.849,131.9408065,10.16,569937.23,569937.23,0,,,,
29,16/04/2010,0,51.14,2.885,131.9809,10.16,509100.84,509100.84,0,,,,
29,23/04/2010,0,51.04,2.895,132.0226667,10.16,505329.66,505329.66,0,,,,
29,30/04/2010,0,50.96,2.935,132.0644333,10.16,501013.47,501013.47,0,,,,
29,07/05/2010,0,63.81,2.981,132.1062,10.16,568497.35,568497.35,0,,,,
29,14/05/2010,0,50.99,2.983,132.152129,10.16,518940.88,518940.88,0,,,,
29,21/05/2010,0,59.99,2.961,132.2230323,10.16,502021.82,502021.82,0,,,,
29,28/05/2010,0,65.64,2.906,132.2939355,10.16,577627.66,577627.66,0,,,,
29,04/06/2010,0,69.49,2.857,132.3648387,10.16,588017.66,588017.66,0,,,,
29,11/06/2010,0,65.01,2.83,132.4357419,10.16,540716.58,540716.58,0,,,,
29,18/06/2010,0,67.13,2.805,132.4733333,10.16,558731.74,558731.74,0,,,,
29,25/06/2010,0,74.37,2.81,132.4976,10.16,585548.79,585548.79,0,,,,
29,02/07/2010,0,72.88,2.815,132.5218667,10.409,581473.55,581473.55,0,,,,
29,09/07/2010,0,79.22,2.806,132.5461333,10.409,563449.43,563449.43,0,,,,
29,16/07/2010,0,76.3,2.796,132.5667742,10.409,512292.01,512292.01,0,,,,
29,23/07/2010,0,76.91,2.784,132.5825806,10.409,506502.09,506502.09,0,,,,
29,30/07/2010,0,76.35,2.792,132.5983871,10.409,509872.77,509872.77,0,,,,
29,06/08/2010,0,74.37,2.792,132.6141935,10.409,519787.93,519787.93,0,,,,
29,13/08/2010,0,74.75,2.81,132.63,10.409,495269,495269,0,,,,
29,20/08/2010,0,73.21,2.796,132.6616129,10.409,531640.19,531640.19,0,,,,
29,27/08/2010,0,68.99,2.77,132.6932258,10.409,545766.13,545766.13,0,,,,
29,03/09/2010,0,75.85,2.735,132.7248387,10.409,579272.38,465338.41,113933.97,,,,
29,10/09/2010,1,68.6,2.717,132.7564516,10.409,491290.37,491290.37,0,,,,
29,17/09/2010,0,62.49,2.716,132.7670667,10.409,463752.89,463752.89,0,,,,
29,24/09/2010,0,65.14,2.718,132.7619333,10.409,465338.41,465338.41,0,,,,
29,01/10/2010,0,69.31,2.717,132.7568,10.524,474698.01,642678.53,-167980.52,,,,
29,08/10/2010,0,56.32,2.776,132.7516667,10.524,530059.06,1130926.79,-600867.73,,,,
29,15/10/2010,0,55.23,2.878,132.7633548,10.524,483011.69,483011.69,0,,,,
29,22/10/2010,0,50.24,2.919,132.8170968,10.524,505221.17,505221.17,0,,,,
29,29/10/2010,0,57.73,2.938,132.8708387,10.524,527058.59,527058.59,0,,,,
29,05/11/2010,0,44.34,2.938,132.9245806,10.524,521002.97,521002.97,0,,,,
29,12/11/2010,0,44.42,2.961,132.9783226,10.524,524450.7,524450.7,0,,,,
29,19/11/2010,0,48.62,3.03,132.9172,10.524,508174.55,508174.55,0,,,,
29,26/11/2010,1,44.61,3.07,132.8369333,10.524,975268.91,508174.55,467094.36,,,,
29,03/12/2010,0,39.42,3.065,132.7566667,10.524,642678.53,642678.53,0,,,,
29,10/12/2010,0,28.43,3.132,132.6764,10.524,713834.74,713834.74,0,,,,
29,17/12/2010,0,30.46,3.139,132.6804516,10.524,850538.25,850538.25,0,,,,
29,24/12/2010,0,29.76,3.15,132.7477419,10.524,1130926.79,1130926.79,0,,,,
29,31/12/2010,1,28.49,3.177,132.8150323,10.524,465992.02,465992.02,0,,,,
29,07/01/2011,0,32.56,3.193,132.8823226,10.256,455952.18,445134.15,10818.03,,,,
29,14/01/2011,0,24.76,3.215,132.9510645,10.256,426905.26,426905.26,0,,,,
29,21/01/2011,0,26.8,3.232,133.0285161,10.256,445134.15,445134.15,0,,,,
29,28/01/2011,0,20.61,3.243,133.1059677,10.256,410426.97,410426.97,0,,,,
29,04/02/2011,0,26.39,3.24,133.1834194,10.256,504126.89,504126.89,0,,,,
29,11/02/2011,1,28.89,3.255,133.260871,10.256,550387.78,550387.78,0,,,,
29,18/02/2011,0,35.34,3.263,133.3701429,10.256,542529.21,542529.21,0,,,,
29,25/02/2011,0,30.23,3.281,133.4921429,10.256,483660.15,483660.15,0,,,,
29,04/03/2011,0,33.52,3.437,133.6141429,10.256,536031.67,536031.67,0,,,,
29,11/03/2011,0,41.42,3.6,133.7361429,10.256,493430.45,493430.45,0,,,,
29,18/03/2011,0,43.38,3.634,133.8492258,10.256,493653.43,518245.97,-24592.54,,,,
29,25/03/2011,0,38.77,3.624,133.9587419,10.256,478773.05,395987.24,82785.81,,,,
29,01/04/2011,0,36.04,3.638,134.0682581,9.966,475615.26,395987.24,79628.02,,,,
29,08/04/2011,0,44.42,3.72,134.1777742,9.966,505304.33,518245.97,-12941.64,,,,
29,15/04/2011,0,48.88,3.823,134.2784667,9.966,518245.97,518245.97,0,,,,
29,22/04/2011,0,47.76,3.919,134.3571,9.966,589252.69,589252.69,0,,,,
29,29/04/2011,0,57.2,3.988,134.4357333,9.966,493078.64,493078.64,0,,,,
29,06/05/2011,0,53.63,4.078,134.5143667,9.966,534372.53,534372.53,0,,,,
29,13/05/2011,0,57.71,4.095,134.593,9.966,549551.02,549551.02,0,,,,
29,20/05/2011,0,58.56,4.101,134.6803871,9.966,492932.51,492932.51,0,,,,
29,27/05/2011,0,62.59,4.034,134.7677742,9.966,550735.64,550735.64,0,,,,
29,03/06/2011,0,70.09,3.973,134.8551613,9.966,598251.57,598251.57,0,,,,
29,10/06/2011,0,69.53,3.924,134.9425484,9.966,558431.44,558431.44,0,,,,
29,17/06/2011,0,63.97,3.873,135.0837333,9.966,536914.17,536914.17,0,,,,
29,24/06/2011,0,68.53,3.851,135.2652667,9.966,545368.17,545368.17,0,,,,
29,01/07/2011,0,70.8,3.815,135.4468,9.863,567114.6,567114.6,0,,,,
29,08/07/2011,0,74.22,3.784,135.6283333,9.863,547586.07,547586.07,0,,,,
29,15/07/2011,0,75.2,3.827,135.7837419,9.863,505246.15,505246.15,0,,,,
29,22/07/2011,0,77.79,3.882,135.8738387,9.863,507335.75,507335.75,0,,,,
29,29/07/2011,0,75.32,3.898,135.9639355,9.863,474653.06,474653.06,0,,,,
29,05/08/2011,0,75.33,3.903,136.0540323,9.863,503486.37,503486.37,0,,,,
29,12/08/2011,0,74.69,3.88,136.144129,9.863,471311.5,471311.5,0,,,,
29,19/08/2011,0,71.3,3.82,136.183129,9.863,498056,498056,0,,,,
29,26/08/2011,0,72.22,3.796,136.2136129,9.863,608294.98,608294.98,0,,,,
29,02/09/2011,0,69.16,3.784,136.2440968,9.863,497085.91,497085.91,0,,,,
29,09/09/2011,1,69.14,3.809,136.2745806,9.863,505406.72,505406.72,0,,,,
29,16/09/2011,0,68.08,3.809,136.3145,9.863,474129.35,474129.35,0,,,,
29,23/09/2011,0,62.36,3.758,136.367,9.863,475696.37,475776.45,-80.08,,,,
29,30/09/2011,0,69.78,3.684,136.4195,9.863,446516.26,446516.26,0,,,,
29,07/10/2011,0,56.44,3.633,136.472,9.357,514993,514993,0,,,,
29,14/10/2011,0,62.63,3.583,136.5150968,9.357,475776.45,475776.45,0,,,,
29,21/10/2011,0,59.3,3.618,136.5017742,9.357,505068.22,505068.22,0,,,,
29,28/10/2011,0,49.31,3.604,136.4884516,9.357,515119.64,515119.64,0,,,,
29,04/11/2011,0,42.81,3.586,136.475129,9.357,620735.72,620735.72,0,,,,
29,11/11/2011,0,47.8,3.57,136.4618065,9.357,531600.62,531600.62,0,,,,
29,18/11/2011,0,50.62,3.571,136.4666667,9.357,504601.29,504601.29,0,,,,
29,25/11/2011,1,46.28,3.536,136.4788,9.357,913165.19,633240.53,279924.66,,,,
29,02/12/2011,0,49.11,3.501,136.4909333,9.357,579874.22,579874.22,0,,,,
29,09/12/2011,0,45.35,3.47,136.5030667,9.357,633240.53,633240.53,0,,,,
29,16/12/2011,0,39.11,3.445,136.5335161,9.357,736805.66,736805.66,0,,,,
29,23/12/2011,0,39.83,3.413,136.5883871,9.357,1016637.39,736805.66,279831.73,,,,
29,30/12/2011,1,36.28,3.402,136.6432581,9.357,551743.05,551743.05,0,,,,
29,06/01/2012,0,34.61,3.439,136.698129,8.988,469773.85,536031.67,-66257.82,,,,
29,13/01/2012,0,39,3.523,136.753,8.988,444756.37,444756.37,0,,,,
29,20/01/2012,0,29.16,3.542,136.8564194,8.988,446863.31,446863.31,0,,,,
29,27/01/2012,0,35.68,3.568,136.9598387,8.988,395987.24,395987.24,0,,,,
29,03/02/2012,0,40.58,3.633,137.0632581,8.988,493159.35,493159.35,0,,,,
29,10/02/2012,1,35.68,3.655,137.1666774,8.988,545840.05,545840.05,0,,,,
29,17/02/2012,0,36.25,3.703,137.2583103,8.988,559606.91,559606.91,0,,,,
29,24/02/2012,0,39,3.751,137.3411034,8.988,488782.63,488782.63,0,,,,
29,02/03/2012,0,37.47,3.827,137.4238966,8.988,500801.72,500801.72,0,,,,
29,09/03/2012,0,41.72,3.876,137.5066897,8.988,504750.35,504750.35,0,,,,
29,16/03/2012,0,46.06,3.867,137.5843871,8.988,489293.72,633826.55,-144532.83,,,,
29,23/03/2012,0,54.68,3.889,137.6552903,8.988,517408.48,517408.48,0,,,,
29,30/03/2012,0,46.4,3.921,137.7261935,8.988,504566.28,633826.55,-129260.27,,,,
29,06/04/2012,0,46.38,3.957,137.7970968,9.14,633826.55,633826.55,0,,,,
29,13/04/2012,0,49.89,4.025,137.868,9.14,520493.83,520493.83,0,,,,
29,20/04/2012,0,58.81,4.046,137.9230667,9.14,525200.59,525200.59,0,,,,
29,27/04/2012,0,51.42,4.023,137.9781333,9.14,497250.22,497250.22,0,,,,
29,04/05/2012,0,50.75,3.991,138.0332,9.14,504963.84,497250.22,7713.62,,,,
29,11/05/2012,0,56.72,3.947,138.0882667,9.14,529707.87,529707.87,0,,,,
29,18/05/2012,0,61.9,3.899,138.1065806,9.14,543706.04,543706.04,0,,,,
29,25/05/2012,0,62.39,3.85,138.1101935,9.14,549665.67,549665.67,0,,,,
29,01/06/2012,0,70.01,3.798,138.1138065,9.14,576252.35,576252.35,0,,,,
29,08/06/2012,0,61.71,3.746,138.1174194,9.14,554093.15,552338.76,1754.39,,,,
29,15/06/2012,0,66.56,3.683,138.1295333,9.14,552338.76,552338.76,0,,,,
29,22/06/2012,0,70.61,3.629,138.1629,9.14,581854.5,581854.5,0,,,,
29,29/06/2012,0,70.99,3.577,138.1962667,9.14,555954.13,608294.98,-52340.85,,,,
29,06/07/2012,0,77.41,3.538,138.2296333,9.419,578832.41,506705.36,72127.05,,,,
29,13/07/2012,0,75.81,3.561,138.263,9.419,514709.76,514709.76,0,,,,
29,20/07/2012,0,76.57,3.61,138.2331935,9.419,506705.36,506705.36,0,,,,
29,27/07/2012,0,73.52,3.701,138.2033871,9.419,475158.24,475158.24,0,,,,
29,03/08/2012,0,72.99,3.698,138.1735806,9.419,504754.74,504754.74,0,,,,
29,10/08/2012,0,76.74,3.772,138.1437742,9.419,518628.42,518628.42,0,,,,
29,17/08/2012,0,74.92,3.84,138.1857097,9.419,416881.66,495269,-78387.34,,,,
29,24/08/2012,0,70.42,3.874,138.2814516,9.419,615026.15,615026.15,0,,,,
29,31/08/2012,0,71.93,3.884,138.3771935,9.419,545844.91,545844.91,0,,,,
29,07/09/2012,1,73.3,3.921,138.4729355,9.419,540811.85,540811.85,0,,,,
29,14/09/2012,0,66.42,3.988,138.5673,9.419,475127.18,475127.18,0,,,,
29,21/09/2012,0,63.38,4.056,138.6534,9.419,489079.23,475776.45,13302.78,,,,
29,28/09/2012,0,62.17,4.018,138.7395,9.419,489674.23,489674.23,0,,,,
29,05/10/2012,0,62.09,4.027,138.8256,9.151,520632.8,520632.8,0,,,,
29,12/10/2012,0,54.18,4.029,138.9117,9.151,513737,513737,0,,,,
29,19/10/2012,0,55.28,4,138.8336129,9.151,516909.24,516909.24,0,,,,
29,26/10/2012,0,57.58,3.917,138.7281613,9.151,534970.68,534970.68,0,,,,
30,05/02/2010,0,39.05,2.572,210.7526053,8.324,465108.52,465108.52,0,,,,
30,12/02/2010,1,37.77,2.548,210.8979935,8.324,497374.57,497374.57,0,,,,
30,19/02/2010,0,39.75,2.514,210.9451605,8.324,463513.26,463513.26,0,,,,
30,26/02/2010,0,45.31,2.561,210.9759573,8.324,472330.71,472330.71,0,,,,
30,05/03/2010,0,48.61,2.625,211.0067542,8.324,472591.07,468189.93,4401.14,,,,
30,12/03/2010,0,57.1,2.667,211.037551,8.324,468189.93,468189.93,0,,,,
30,19/03/2010,0,54.68,2.72,210.8733316,8.324,445736.36,445736.36,0,,,,
30,26/03/2010,0,51.66,2.732,210.6766095,8.324,442457.35,445736.36,-3279.01,,,,
30,02/04/2010,0,64.12,2.719,210.4798874,8.2,457884.06,457884.06,0,,,,
30,09/04/2010,0,65.74,2.77,210.2831653,8.2,454800.96,454800.96,0,,,,
30,16/04/2010,0,67.87,2.808,210.1495463,8.2,471054.16,471054.16,0,,,,
30,23/04/2010,0,64.21,2.795,210.1000648,8.2,462454.39,462454.39,0,,,,
30,30/04/2010,0,66.93,2.78,210.0505833,8.2,456140.34,456140.34,0,,,,
30,07/05/2010,0,70.87,2.835,210.0011018,8.2,457883.94,457883.94,0,,,,
30,14/05/2010,0,73.08,2.854,209.9984585,8.2,461868.09,461868.09,0,,,,
30,21/05/2010,0,74.24,2.826,210.2768443,8.2,455751.84,455751.84,0,,,,
30,28/05/2010,0,80.94,2.759,210.5552301,8.2,462474.16,457884.06,4590.1,,,,
30,04/06/2010,0,82.68,2.705,210.833616,8.2,458343.7,458343.7,0,,,,
30,11/06/2010,0,83.51,2.668,211.1120018,8.2,445530.16,445530.16,0,,,,
30,18/06/2010,0,86.18,2.637,211.1096543,8.2,447727.52,447727.52,0,,,,
30,25/06/2010,0,87.01,2.653,210.9950134,8.2,453210.24,453210.24,0,,,,
30,02/07/2010,0,82.29,2.669,210.8803726,8.099,450337.47,450337.47,0,,,,
30,09/07/2010,0,81.67,2.642,210.7657317,8.099,436293.4,436293.4,0,,,,
30,16/07/2010,0,85.61,2.623,210.7577954,8.099,438068.71,438068.71,0,,,,
30,23/07/2010,0,87.17,2.608,210.8921319,8.099,440491.33,440491.33,0,,,,
30,30/07/2010,0,83.59,2.64,211.0264684,8.099,437893.76,461548.98,-23655.22,,,,
30,06/08/2010,0,90.3,2.627,211.1608049,8.099,441407.06,441407.06,0,,,,
30,13/08/2010,0,89.65,2.692,211.2951413,8.099,444160.07,444160.07,0,,,,
30,20/08/2010,0,89.58,2.664,211.2596586,8.099,447139.8,447139.8,0,,,,
30,27/08/2010,0,86.2,2.619,211.2241759,8.099,443810.78,443810.78,0,,,,
30,03/09/2010,0,82.57,2.577,211.1886931,8.099,461548.98,461548.98,0,,,,
30,10/09/2010,1,79.3,2.565,211.1532104,8.099,455162.92,455162.92,0,,,,
30,17/09/2010,0,83.03,2.582,211.1806415,8.099,462058.19,461548.98,509.21,,,,
30,24/09/2010,0,80.79,2.624,211.2552578,8.099,448392.17,448392.17,0,,,,
30,01/10/2010,0,70.28,2.603,211.3298742,8.163,445475.3,445475.3,0,,,,
30,08/10/2010,0,65.76,2.633,211.4044906,8.163,462080.47,462080.47,0,,,,
30,15/10/2010,0,68.61,2.72,211.4713286,8.163,453943.89,453943.89,0,,,,
30,22/10/2010,0,70.72,2.725,211.5187208,8.163,459631.74,459631.74,0,,,,
30,29/10/2010,0,67.51,2.716,211.5661131,8.163,438334.39,453943.89,-15609.5,,,,
30,05/11/2010,0,58.71,2.689,211.6135053,8.163,484661.87,484661.87,0,,,,
30,12/11/2010,0,60.95,2.728,211.6608975,8.163,431266.64,431266.64,0,,,,
30,19/11/2010,0,51.71,2.771,211.5470304,8.163,423707.69,423707.69,0,,,,
30,26/11/2010,1,62.96,2.735,211.4062867,8.163,462732.36,462732.36,0,,,,
30,03/12/2010,0,50.43,2.708,211.265543,8.163,407112.22,407112.22,0,,,,
30,10/12/2010,0,46.35,2.843,211.1247993,8.163,428631.91,407112.22,21519.69,,,,
30,17/12/2010,0,48.63,2.869,211.0645458,8.163,445332.28,407112.22,38220.06,,,,
30,24/12/2010,0,51.29,2.886,211.0646599,8.163,519354.88,519354.88,0,,,,
30,31/12/2010,1,47.19,2.943,211.064774,8.163,397631.02,397631.02,0,,,,
30,07/01/2011,0,44.24,2.976,211.0648881,8.028,451077.21,451077.21,0,,,,
30,14/01/2011,0,34.14,2.983,211.1176713,8.028,465408.72,490970.95,-25562.23,,,,
30,21/01/2011,0,42.72,3.016,211.4864691,8.028,439132.62,439132.62,0,,,,
30,28/01/2011,0,44.04,3.01,211.8552668,8.028,425989.04,425989.04,0,,,,
30,04/02/2011,0,36.33,2.989,212.2240646,8.028,490970.95,490970.95,0,,,,
30,11/02/2011,1,34.61,3.022,212.5928624,8.028,470921.24,470921.24,0,,,,
30,18/02/2011,0,59.87,3.045,212.9033115,8.028,417070.51,417070.51,0,,,,
30,25/02/2011,0,61.27,3.065,213.190421,8.028,432687.97,417070.51,15617.46,,,,
30,04/03/2011,0,59.52,3.288,213.4775305,8.028,443334.71,443334.71,0,,,,
30,11/03/2011,0,54.69,3.459,213.7646401,8.028,438529.81,437926.79,603.02,,,,
30,18/03/2011,0,63.26,3.488,214.0156238,8.028,425470.84,443334.71,-17863.87,,,,
30,25/03/2011,0,70.33,3.473,214.2521573,8.028,431754.01,445358.73,-13604.72,,,,
30,01/04/2011,0,56.36,3.524,214.4886908,7.931,437926.79,437926.79,0,,,,
30,08/04/2011,0,68.62,3.622,214.7252242,7.931,443889.5,443889.5,0,,,,
30,15/04/2011,0,71.01,3.743,214.9420631,7.931,426666.92,426666.92,0,,,,
30,22/04/2011,0,70.79,3.807,215.1096657,7.931,445358.73,445358.73,0,,,,
30,29/04/2011,0,70.19,3.81,215.2772683,7.931,423687.2,423687.2,0,,,,
30,06/05/2011,0,61.87,3.906,215.4448709,7.931,438789.52,438789.52,0,,,,
30,13/05/2011,0,75.04,3.899,215.6124735,7.931,424614.59,424614.59,0,,,,
30,20/05/2011,0,68.36,3.907,215.3834778,7.931,435102.2,423687.2,11415,,,,
30,27/05/2011,0,76.86,3.786,215.1544822,7.931,429305.82,429305.82,0,,,,
30,03/06/2011,0,83.82,3.699,214.9254865,7.931,432808.48,432808.48,0,,,,
30,10/06/2011,0,84.71,3.648,214.6964908,7.931,424697.05,424697.05,0,,,,
30,17/06/2011,0,87.54,3.637,214.6513538,7.931,435481.03,435481.03,0,,,,
30,24/06/2011,0,85.72,3.594,214.7441108,7.931,422715.74,422715.74,0,,,,
30,01/07/2011,0,87.57,3.524,214.8368678,7.852,428782.38,428782.38,0,,,,
30,08/07/2011,0,89.16,3.48,214.9296249,7.852,419764.37,419764.37,0,,,,
30,15/07/2011,0,91.05,3.575,215.0134426,7.852,420515.63,423441.76,-2926.13,,,,
30,22/07/2011,0,90.27,3.651,215.0749122,7.852,423441.76,423441.76,0,,,,
30,29/07/2011,0,91.56,3.682,215.1363819,7.852,414245.96,414245.96,0,,,,
30,05/08/2011,0,94.22,3.684,215.1978515,7.852,431798.64,431798.64,0,,,,
30,12/08/2011,0,92.32,3.638,215.2593211,7.852,412224.67,412224.67,0,,,,
30,19/08/2011,0,90.11,3.554,215.3229307,7.852,414450.61,414450.61,0,,,,
30,26/08/2011,0,92.07,3.523,215.386897,7.852,387944.83,387944.83,0,,,,
30,02/09/2011,0,91.94,3.533,215.4508632,7.852,369722.32,369722.32,0,,,,
30,09/09/2011,1,78.87,3.546,215.5148295,7.852,370897.82,369722.32,1175.5,,,,
30,16/09/2011,0,80.62,3.526,215.6944378,7.852,382914.66,387944.83,-5030.17,,,,
30,23/09/2011,0,75.68,3.467,216.0282356,7.852,391837.56,391837.56,0,,,,
30,30/09/2011,0,78.91,3.355,216.3620333,7.852,387001.13,387001.13,0,,,,
30,07/10/2011,0,71.64,3.285,216.6958311,7.441,417528.26,417528.26,0,,,,
30,14/10/2011,0,69.79,3.274,217.0048261,7.441,410711.99,410711.99,0,,,,
30,21/10/2011,0,65.16,3.353,217.1650042,7.441,428958.53,428958.53,0,,,,
30,28/10/2011,0,65.46,3.372,217.3251824,7.441,426151.88,428958.53,-2806.65,,,,
30,04/11/2011,0,56.01,3.332,217.4853605,7.441,432359.04,432359.04,0,,,,
30,11/11/2011,0,59.8,3.297,217.6455387,7.441,409686.63,409686.63,0,,,,
30,18/11/2011,0,61.9,3.308,217.8670218,7.441,436462.63,436462.63,0,,,,
30,25/11/2011,1,56.43,3.236,218.1130269,7.441,452163.93,452163.93,0,,,,
30,02/12/2011,0,48.72,3.172,218.3590319,7.441,412385.75,412385.75,0,,,,
30,09/12/2011,0,41.44,3.158,218.605037,7.441,436741.02,376777.45,59963.57,,,,
30,16/12/2011,0,50.56,3.159,218.8217928,7.441,441265.08,412385.75,28879.33,,,,
30,23/12/2011,0,46.54,3.112,218.9995495,7.441,492022.68,376777.45,115245.23,,,,
30,30/12/2011,1,45.16,3.129,219.1773063,7.441,376777.45,376777.45,0,,,,
30,06/01/2012,0,48.1,3.157,219.355063,7.057,457030.86,457030.86,0,,,,
30,13/01/2012,0,45,3.261,219.5328198,7.057,447023.91,457030.86,-10006.95,,,,
30,20/01/2012,0,52.21,3.268,219.6258417,7.057,438760.62,438760.62,0,,,,
30,27/01/2012,0,50.79,3.29,219.7188636,7.057,433037.66,438760.62,-5722.96,,,,
30,03/02/2012,0,55.83,3.36,219.8118854,7.057,434080.74,434080.74,0,,,,
30,10/02/2012,1,46.52,3.409,219.9049073,7.057,451365.99,451365.99,0,,,,
30,17/02/2012,0,45.03,3.51,220.0651993,7.057,435109.11,457030.86,-21921.75,,,,
30,24/02/2012,0,54.81,3.555,220.275944,7.057,425215.71,438640.61,-13424.9,,,,
30,02/03/2012,0,59.3,3.63,220.4866886,7.057,438640.61,438640.61,0,,,,
30,09/03/2012,0,57.16,3.669,220.6974332,7.057,446617.89,446617.89,0,,,,
30,16/03/2012,0,63.39,3.734,220.8498468,7.057,413617.45,413617.45,0,,,,
30,23/03/2012,0,62.96,3.787,220.9244858,7.057,430222.97,430222.97,0,,,,
30,30/03/2012,0,67.87,3.845,220.9991248,7.057,449603.91,449603.91,0,,,,
30,06/04/2012,0,69.02,3.891,221.0737638,6.891,461511.92,428784.7,32727.22,,,,
30,13/04/2012,0,69.03,3.891,221.1484028,6.891,428784.7,428784.7,0,,,,
30,20/04/2012,0,66.97,3.877,221.2021074,6.891,462909.41,449603.91,13305.5,,,,
30,27/04/2012,0,69.21,3.814,221.255812,6.891,433744.83,433744.83,0,,,,
30,04/05/2012,0,77.53,3.749,221.3095166,6.891,454477.54,454477.54,0,,,,
30,11/05/2012,0,74.14,3.688,221.3632212,6.891,436070.45,436070.45,0,,,,
30,18/05/2012,0,72.42,3.63,221.380331,6.891,460945.14,438640.61,22304.53,,,,
30,25/05/2012,0,79.49,3.561,221.3828029,6.891,449355.91,449355.91,0,,,,
30,01/06/2012,0,79.24,3.501,221.3852748,6.891,427021.18,427021.18,0,,,,
30,08/06/2012,0,79.47,3.452,221.3877467,6.891,437222.94,437222.94,0,,,,
30,15/06/2012,0,81.51,3.393,221.4009901,6.891,438523.24,438523.24,0,,,,
30,22/06/2012,0,81.78,3.346,221.4411622,6.891,428554.63,428554.63,0,,,,
30,29/06/2012,0,88.05,3.286,221.4813343,6.891,423192.4,423192.4,0,,,,
30,06/07/2012,0,85.26,3.227,221.5215064,6.565,440553.42,440553.42,0,,,,
30,13/07/2012,0,82.51,3.256,221.5616784,6.565,417640.34,440553.42,-22913.08,,,,
30,20/07/2012,0,84.25,3.311,221.5701123,6.565,427491.04,427491.04,0,,,,
30,27/07/2012,0,88.09,3.407,221.5785461,6.565,424581.17,424581.17,0,,,,
30,03/08/2012,0,91.57,3.417,221.5869799,6.565,425136.55,425136.55,0,,,,
30,10/08/2012,0,89.57,3.494,221.5954138,6.565,430878.28,430878.28,0,,,,
30,17/08/2012,0,85.55,3.571,221.6751459,6.565,423351.15,439132.5,-15781.35,,,,
30,24/08/2012,0,77.72,3.62,221.8083518,6.565,425296.65,425296.65,0,,,,
30,31/08/2012,0,83.58,3.638,221.9415576,6.565,439132.5,439132.5,0,,,,
30,07/09/2012,1,88.4,3.73,222.0747635,6.565,433565.77,433565.77,0,,,,
30,14/09/2012,0,76.1,3.717,222.2174395,6.565,437773.31,425296.65,12476.66,,,,
30,21/09/2012,0,71.54,3.721,222.4169362,6.565,443891.64,443891.64,0,,,,
30,28/09/2012,0,80.38,3.666,222.6164329,6.565,425410.04,425410.04,0,,,,
30,05/10/2012,0,70.28,3.617,222.8159296,6.17,446751.45,434593.26,12158.19,,,,
30,12/10/2012,0,61.53,3.601,223.0154263,6.17,434593.26,434593.26,0,,,,
30,19/10/2012,0,68.52,3.594,223.0598077,6.17,437537.29,437537.29,0,,,,
30,26/10/2012,0,70.5,3.506,223.0783366,6.17,439424.5,439424.5,0,,,,
31,05/02/2010,0,39.05,2.572,210.7526053,8.324,1469252.05,1344354.41,124897.64,,,,
31,12/02/2010,1,37.77,2.548,210.8979935,8.324,1543947.23,1198071.6,345875.63,,,,
31,19/02/2010,0,39.75,2.514,210.9451605,8.324,1473386.75,1473386.75,0,,,,
31,26/02/2010,0,45.31,2.561,210.9759573,8.324,1344354.41,1344354.41,0,,,,
31,05/03/2010,0,48.61,2.625,211.0067542,8.324,1384870.51,1384870.51,0,,,,
31,12/03/2010,0,57.1,2.667,211.037551,8.324,1366193.35,1352780.76,13412.59,,,,
31,19/03/2010,0,54.68,2.72,210.8733316,8.324,1332261.01,1405572.93,-73311.92,,,,
31,26/03/2010,0,51.66,2.732,210.6766095,8.324,1229635.7,1229635.7,0,,,,
31,02/04/2010,0,64.12,2.719,210.4798874,8.2,1357600.68,1395710.09,-38109.41,,,,
31,09/04/2010,0,65.74,2.77,210.2831653,8.2,1395710.09,1395710.09,0,,,,
31,16/04/2010,0,67.87,2.808,210.1495463,8.2,1367448.28,1367448.28,0,,,,
31,23/04/2010,0,64.21,2.795,210.1000648,8.2,1280465.8,1280465.8,0,,,,
31,30/04/2010,0,66.93,2.78,210.0505833,8.2,1243200.24,1243200.24,0,,,,
31,07/05/2010,0,70.87,2.835,210.0011018,8.2,1381796.8,1381796.8,0,,,,
31,14/05/2010,0,73.08,2.854,209.9984585,8.2,1287288.59,1337405.6,-50117.01,,,,
31,21/05/2010,0,74.24,2.826,210.2768443,8.2,1337405.6,1337405.6,0,,,,
31,28/05/2010,0,80.94,2.759,210.5552301,8.2,1309437.17,1309437.17,0,,,,
31,04/06/2010,0,82.68,2.705,210.833616,8.2,1427624.5,1427624.5,0,,,,
31,11/06/2010,0,83.51,2.668,211.1120018,8.2,1377092.33,1377092.33,0,,,,
31,18/06/2010,0,86.18,2.637,211.1096543,8.2,1368090.08,1368090.08,0,,,,
31,25/06/2010,0,87.01,2.653,210.9950134,8.2,1303523.73,1303523.73,0,,,,
31,02/07/2010,0,82.29,2.669,210.8803726,8.099,1311704.92,1311704.92,0,,,,
31,09/07/2010,0,81.67,2.642,210.7657317,8.099,1315118.4,1315118.4,0,,,,
31,16/07/2010,0,85.61,2.623,210.7577954,8.099,1335433.72,1303523.73,31909.99,,,,
31,23/07/2010,0,87.17,2.608,210.8921319,8.099,1276031.84,1276031.84,0,,,,
31,30/07/2010,0,83.59,2.64,211.0264684,8.099,1231993.14,1231993.14,0,,,,
31,06/08/2010,0,90.3,2.627,211.1608049,8.099,1352401.08,1352401.08,0,,,,
31,13/08/2010,0,89.65,2.692,211.2951413,8.099,1327719.34,1327719.34,0,,,,
31,20/08/2010,0,89.58,2.664,211.2596586,8.099,1376571.21,1376571.21,0,,,,
31,27/08/2010,0,86.2,2.619,211.2241759,8.099,1326621.98,1326621.98,0,,,,
31,03/09/2010,0,82.57,2.577,211.1886931,8.099,1302047.48,1302047.48,0,,,,
31,10/09/2010,1,79.3,2.565,211.1532104,8.099,1308179.02,1308179.02,0,,,,
31,17/09/2010,0,83.03,2.582,211.1806415,8.099,1294105.01,1294105.01,0,,,,
31,24/09/2010,0,80.79,2.624,211.2552578,8.099,1230250.25,1230250.25,0,,,,
31,01/10/2010,0,70.28,2.603,211.3298742,8.163,1213981.64,1213981.64,0,,,,
31,08/10/2010,0,65.76,2.633,211.4044906,8.163,1300131.68,1300131.68,0,,,,
31,15/10/2010,0,68.61,2.72,211.4713286,8.163,1265852.43,1265852.43,0,,,,
31,22/10/2010,0,70.72,2.725,211.5187208,8.163,1262289.29,1262289.29,0,,,,
31,29/10/2010,0,67.51,2.716,211.5661131,8.163,1257921.28,1257921.28,0,,,,
31,05/11/2010,0,58.71,2.689,211.6135053,8.163,1324455.72,1352780.76,-28325.04,,,,
31,12/11/2010,0,60.95,2.728,211.6608975,8.163,1352780.76,1352780.76,0,,,,
31,19/11/2010,0,51.71,2.771,211.5470304,8.163,1359158.57,1229635.7,129522.87,,,,
31,26/11/2010,1,62.96,2.735,211.4062867,8.163,1858856.06,1858856.06,0,,,,
31,03/12/2010,0,50.43,2.708,211.265543,8.163,1338716.37,1338716.37,0,,,,
31,10/12/2010,0,46.35,2.843,211.1247993,8.163,1475685.1,1475685.1,0,,,,
31,17/12/2010,0,48.63,2.869,211.0645458,8.163,1714667,1714667,0,,,,
31,24/12/2010,0,51.29,2.886,211.0646599,8.163,2068942.97,2068942.97,0,,,,
31,31/12/2010,1,47.19,2.943,211.064774,8.163,1198071.6,1198071.6,0,,,,
31,07/01/2011,0,44.24,2.976,211.0648881,8.028,1311986.87,1344354.41,-32367.54,,,,
31,14/01/2011,0,34.14,2.983,211.1176713,8.028,1350730.31,1350730.31,0,,,,
31,21/01/2011,0,42.72,3.016,211.4864691,8.028,1344167.13,1344167.13,0,,,,
31,28/01/2011,0,44.04,3.01,211.8552668,8.028,1254955.68,1344167.13,-89211.45,,,,
31,04/02/2011,0,36.33,2.989,212.2240646,8.028,1443206.46,1350730.31,92476.15,,,,
31,11/02/2011,1,34.61,3.022,212.5928624,8.028,1539230.32,1539230.32,0,,,,
31,18/02/2011,0,59.87,3.045,212.9033115,8.028,1539063.91,1539063.91,0,,,,
31,25/02/2011,0,61.27,3.065,213.190421,8.028,1365678.22,1365678.22,0,,,,
31,04/03/2011,0,59.52,3.288,213.4775305,8.028,1412721.18,1412721.18,0,,,,
31,11/03/2011,0,54.69,3.459,213.7646401,8.028,1405572.93,1405572.93,0,,,,
31,18/03/2011,0,63.26,3.488,214.0156238,8.028,1425559.02,1425559.02,0,,,,
31,25/03/2011,0,70.33,3.473,214.2521573,8.028,1357036.1,1357036.1,0,,,,
31,01/04/2011,0,56.36,3.524,214.4886908,7.931,1344890.73,1344890.73,0,,,,
31,08/04/2011,0,68.62,3.622,214.7252242,7.931,1416790.17,1331137.96,85652.21,,,,
31,15/04/2011,0,71.01,3.743,214.9420631,7.931,1408464.08,1408464.08,0,,,,
31,22/04/2011,0,70.79,3.807,215.1096657,7.931,1461393.91,1408464.08,52929.83,,,,
31,29/04/2011,0,70.19,3.81,215.2772683,7.931,1331137.96,1331137.96,0,,,,
31,06/05/2011,0,61.87,3.906,215.4448709,7.931,1388755.61,1388755.61,0,,,,
31,13/05/2011,0,75.04,3.899,215.6124735,7.931,1408118.22,1408118.22,0,,,,
31,20/05/2011,0,68.36,3.907,215.3834778,7.931,1387365.19,1387365.19,0,,,,
31,27/05/2011,0,76.86,3.786,215.1544822,7.931,1342273.64,1342273.64,0,,,,
31,03/06/2011,0,83.82,3.699,214.9254865,7.931,1430348.1,1375962.46,54385.64,,,,
31,10/06/2011,0,84.71,3.648,214.6964908,7.931,1425299.37,1425299.37,0,,,,
31,17/06/2011,0,87.54,3.637,214.6513538,7.931,1491039.14,1425299.37,65739.77,,,,
31,24/06/2011,0,85.72,3.594,214.7441108,7.931,1375962.46,1375962.46,0,,,,
31,01/07/2011,0,87.57,3.524,214.8368678,7.852,1371889.27,1371889.27,0,,,,
31,08/07/2011,0,89.16,3.48,214.9296249,7.852,1423144.47,1423144.47,0,,,,
31,15/07/2011,0,91.05,3.575,215.0134426,7.852,1415473.91,1415473.91,0,,,,
31,22/07/2011,0,90.27,3.651,215.0749122,7.852,1401944.8,1428993.33,-27048.53,,,,
31,29/07/2011,0,91.56,3.682,215.1363819,7.852,1308122.15,1428993.33,-120871.18,,,,
31,05/08/2011,0,94.22,3.684,215.1978515,7.852,1428993.33,1428993.33,0,,,,
31,12/08/2011,0,92.32,3.638,215.2593211,7.852,1443311.49,1443311.49,0,,,,
31,19/08/2011,0,90.11,3.554,215.3229307,7.852,1487542.53,1487542.53,0,,,,
31,26/08/2011,0,92.07,3.523,215.386897,7.852,1417267.07,1487542.53,-70275.46,,,,
31,02/09/2011,0,91.94,3.533,215.4508632,7.852,1385769.03,1385769.03,0,,,,
31,09/09/2011,1,78.87,3.546,215.5148295,7.852,1376670.27,1376670.27,0,,,,
31,16/09/2011,0,80.62,3.526,215.6944378,7.852,1363460.86,1397094.26,-33633.4,,,,
31,23/09/2011,0,75.68,3.467,216.0282356,7.852,1347607.74,1443285.79,-95678.05,,,,
31,30/09/2011,0,78.91,3.355,216.3620333,7.852,1285534.74,1285534.74,0,,,,
31,07/10/2011,0,71.64,3.285,216.6958311,7.441,1427383.24,1378340.18,49043.06,,,,
31,14/10/2011,0,69.79,3.274,217.0048261,7.441,1378340.18,1378340.18,0,,,,
31,21/10/2011,0,65.16,3.353,217.1650042,7.441,1409310.4,1409310.4,0,,,,
31,28/10/2011,0,65.46,3.372,217.3251824,7.441,1346862.72,1346862.72,0,,,,
31,04/11/2011,0,56.01,3.332,217.4853605,7.441,1426405.46,1426405.46,0,,,,
31,11/11/2011,0,59.8,3.297,217.6455387,7.441,1444783.64,1444783.64,0,,,,
31,18/11/2011,0,61.9,3.308,217.8670218,7.441,1445174.79,1445174.79,0,,,,
31,25/11/2011,1,56.43,3.236,218.1130269,7.441,1934099.65,1934099.65,0,,,,
31,02/12/2011,0,48.72,3.172,218.3590319,7.441,1388809.43,1556798.94,-167989.51,,,,
31,09/12/2011,0,41.44,3.158,218.605037,7.441,1556798.94,1556798.94,0,,,,
31,16/12/2011,0,50.56,3.159,218.8217928,7.441,1611196.61,1556798.94,54397.67,,,,
31,23/12/2011,0,46.54,3.112,218.9995495,7.441,2026176.14,1475685.1,550491.04,,,,
31,30/12/2011,1,45.16,3.129,219.1773063,7.441,1355405.95,1539230.32,-183824.37,,,,
31,06/01/2012,0,48.1,3.157,219.355063,7.057,1401232.52,1401232.52,0,,,,
31,13/01/2012,0,45,3.261,219.5328198,7.057,1377485.12,1570813.52,-193328.4,,,,
31,20/01/2012,0,52.21,3.268,219.6258417,7.057,1372504.9,1372504.9,0,,,,
31,27/01/2012,0,50.79,3.29,219.7188636,7.057,1259941.48,1570813.52,-310872.04,,,,
31,03/02/2012,0,55.83,3.36,219.8118854,7.057,1391479.91,1391479.91,0,,,,
31,10/02/2012,1,46.52,3.409,219.9049073,7.057,1527688.58,1539230.32,-11541.74,,,,
31,17/02/2012,0,45.03,3.51,220.0651993,7.057,1570813.52,1570813.52,0,,,,
31,24/02/2012,0,54.81,3.555,220.275944,7.057,1392543.37,1392543.37,0,,,,
31,02/03/2012,0,59.3,3.63,220.4866886,7.057,1427881.22,1427881.22,0,,,,
31,09/03/2012,0,57.16,3.669,220.6974332,7.057,1439034.86,1439034.86,0,,,,
31,16/03/2012,0,63.39,3.734,220.8498468,7.057,1481728.13,1481728.13,0,,,,
31,23/03/2012,0,62.96,3.787,220.9244858,7.057,1365824.97,1481728.13,-115903.16,,,,
31,30/03/2012,0,67.87,3.845,220.9991248,7.057,1318854.22,1318854.22,0,,,,
31,06/04/2012,0,69.02,3.891,221.0737638,6.891,1496169.81,1496169.81,0,,,,
31,13/04/2012,0,69.03,3.891,221.1484028,6.891,1407842.91,1407842.91,0,,,,
31,20/04/2012,0,66.97,3.877,221.2021074,6.891,1407036.59,1407036.59,0,,,,
31,27/04/2012,0,69.21,3.814,221.255812,6.891,1311352.25,1407842.91,-96490.66,,,,
31,04/05/2012,0,77.53,3.749,221.3095166,6.891,1391257.28,1391257.28,0,,,,
31,11/05/2012,0,74.14,3.688,221.3632212,6.891,1392938.06,1392938.06,0,,,,
31,18/05/2012,0,72.42,3.63,221.380331,6.891,1441473.82,1441473.82,0,,,,
31,25/05/2012,0,79.49,3.561,221.3828029,6.891,1397094.26,1397094.26,0,,,,
31,01/06/2012,0,79.24,3.501,221.3852748,6.891,1404516.29,1404516.29,0,,,,
31,08/06/2012,0,79.47,3.452,221.3877467,6.891,1443285.79,1443285.79,0,,,,
31,15/06/2012,0,81.51,3.393,221.4009901,6.891,1431003.43,1303732.36,127271.07,,,,
31,22/06/2012,0,81.78,3.346,221.4411622,6.891,1394065.76,1349202.25,44863.51,,,,
31,29/06/2012,0,88.05,3.286,221.4813343,6.891,1349202.25,1349202.25,0,,,,
31,06/07/2012,0,85.26,3.227,221.5215064,6.565,1458059.42,1458059.42,0,,,,
31,13/07/2012,0,82.51,3.256,221.5616784,6.565,1374301.34,1374301.34,0,,,,
31,20/07/2012,0,84.25,3.311,221.5701123,6.565,1392395.2,1392395.2,0,,,,
31,27/07/2012,0,88.09,3.407,221.5785461,6.565,1303732.36,1303732.36,0,,,,
31,03/08/2012,0,91.57,3.417,221.5869799,6.565,1390174.63,1390174.63,0,,,,
31,10/08/2012,0,89.57,3.494,221.5954138,6.565,1386472.59,1386472.59,0,,,,
31,17/08/2012,0,85.55,3.571,221.6751459,6.565,1410181.7,1410181.7,0,,,,
31,24/08/2012,0,77.72,3.62,221.8083518,6.565,1379783.21,1379783.21,0,,,,
31,31/08/2012,0,83.58,3.638,221.9415576,6.565,1373651.49,1410181.7,-36530.21,,,,
31,07/09/2012,1,88.4,3.73,222.0747635,6.565,1358111.62,1279080.58,79031.04,,,,
31,14/09/2012,0,76.1,3.717,222.2174395,6.565,1327705.44,1327705.44,0,,,,
31,21/09/2012,0,71.54,3.721,222.4169362,6.565,1373064.87,1373064.87,0,,,,
31,28/09/2012,0,80.38,3.666,222.6164329,6.565,1279080.58,1279080.58,0,,,,
31,05/10/2012,0,70.28,3.617,222.8159296,6.17,1363365.05,1363365.05,0,,,,
31,12/10/2012,0,61.53,3.601,223.0154263,6.17,1401113.42,1401113.42,0,,,,
31,19/10/2012,0,68.52,3.594,223.0598077,6.17,1378730.45,1363365.05,15365.4,,,,
31,26/10/2012,0,70.5,3.506,223.0783366,6.17,1340232.55,1340232.55,0,,,,
32,05/02/2010,0,34.43,2.58,189.3816974,9.014,1087616.19,1087616.19,0,,,,
32,12/02/2010,1,28.09,2.572,189.4642725,9.014,1123566.12,1087616.19,35949.93,,,,
32,19/02/2010,0,29.16,2.55,189.5340998,9.014,1082559.06,1082559.06,0,,,,
32,26/02/2010,0,26.64,2.586,189.6018023,9.014,1053247.1,1053247.1,0,,,,
32,05/03/2010,0,37.72,2.62,189.6695049,9.014,1066566.74,1066566.74,0,,,,
32,12/03/2010,0,39.88,2.684,189.7372075,9.014,1093319.37,1093319.37,0,,,,
32,19/03/2010,0,42.43,2.692,189.734262,9.014,1059781.78,1059781.78,0,,,,
32,26/03/2010,0,36.59,2.717,189.7195417,9.014,1076021.58,1076021.58,0,,,,
32,02/04/2010,0,48.28,2.725,189.7048215,8.963,1131732.94,1095889.22,35843.72,,,,
32,09/04/2010,0,44.88,2.75,189.6901012,8.963,1095889.22,1095889.22,0,,,,
32,16/04/2010,0,53.49,2.765,189.6628845,8.963,1082763.27,1082763.27,0,,,,
32,23/04/2010,0,50.06,2.776,189.6190057,8.963,1072474.8,1072474.8,0,,,,
32,30/04/2010,0,47.51,2.766,189.575127,8.963,1066792.63,1066792.63,0,,,,
32,07/05/2010,0,48.94,2.771,189.5312483,8.963,1133657.58,1133657.58,0,,,,
32,14/05/2010,0,46.42,2.788,189.4904116,8.963,1079314.52,1079314.52,0,,,,
32,21/05/2010,0,55.89,2.776,189.467827,8.963,1143819.35,1143819.35,0,,,,
32,28/05/2010,0,64.69,2.737,189.4452425,8.963,1205662.85,1205662.85,0,,,,
32,04/06/2010,0,66.69,2.7,189.422658,8.963,1149234.96,1205662.85,-56427.89,,,,
32,11/06/2010,0,70.86,2.684,189.4000734,8.963,1192074.09,1192074.09,0,,,,
32,18/06/2010,0,60.94,2.674,189.4185259,8.963,1150191.72,1150191.72,0,,,,
32,25/06/2010,0,72.42,2.715,189.4533931,8.963,1124763.74,1124763.74,0,,,,
32,02/07/2010,0,74.74,2.728,189.4882603,9.017,1187988.64,1187988.64,0,,,,
32,09/07/2010,0,67.55,2.711,189.5231276,9.017,1077253.67,1077253.67,0,,,,
32,16/07/2010,0,76.2,2.699,189.6125456,9.017,1120172.24,1120172.24,0,,,,
32,23/07/2010,0,75.69,2.691,189.774698,9.017,1109574.11,1109574.11,0,,,,
32,30/07/2010,0,75.62,2.69,189.9368504,9.017,1065350.56,1065350.56,0,,,,
32,06/08/2010,0,72.95,2.69,190.0990028,9.017,1144552.09,1144552.09,0,,,,
32,13/08/2010,0,74.97,2.723,190.2611552,9.017,1157975.68,1157975.68,0,,,,
32,20/08/2010,0,71.46,2.732,190.2948237,9.017,1189887.86,1189887.86,0,,,,
32,27/08/2010,0,74.95,2.731,190.3284922,9.017,1140501.03,1140501.03,0,,,,
32,03/09/2010,0,70.2,2.773,190.3621607,9.017,1095932.51,1189887.86,-93955.35,,,,
32,10/09/2010,1,68.44,2.78,190.3958293,9.017,1028635.39,1028635.39,0,,,,
32,17/09/2010,0,67.17,2.8,190.4688287,9.017,1043962.36,1043962.36,0,,,,
32,24/09/2010,0,64.19,2.793,190.5713264,9.017,1067432.1,1067432.1,0,,,,
32,01/10/2010,0,66.14,2.759,190.6738241,9.137,1061089.56,1061089.56,0,,,,
32,08/10/2010,0,61.81,2.745,190.7763218,9.137,1085483.44,1085483.44,0,,,,
32,15/10/2010,0,52.96,2.762,190.8623087,9.137,1096692.88,1096692.88,0,,,,
32,22/10/2010,0,52.3,2.762,190.9070184,9.137,1102185,1096692.88,5492.12,,,,
32,29/10/2010,0,45.45,2.748,190.951728,9.137,1115138.51,1115138.51,0,,,,
32,05/11/2010,0,49.2,2.729,190.9964377,9.137,1063056.21,1063056.21,0,,,,
32,12/11/2010,0,42.3,2.737,191.0411474,9.137,1141019.11,1141019.11,0,,,,
32,19/11/2010,0,36.24,2.758,191.0312172,9.137,1150729.89,1150729.89,0,,,,
32,26/11/2010,1,29.97,2.742,191.0121805,9.137,1634635.86,1634635.86,0,,,,
32,03/12/2010,0,35.18,2.712,190.9931437,9.137,1200892.56,1200892.56,0,,,,
32,10/12/2010,0,36.62,2.728,190.9741069,9.137,1377322.73,1115138.51,262184.22,,,,
32,17/12/2010,0,36.07,2.778,191.0303376,9.137,1557776.1,1557776.1,0,,,,
32,24/12/2010,0,30.72,2.781,191.1430189,9.137,1949183.14,1634635.86,314547.28,,,,
32,31/12/2010,1,27.7,2.829,191.2557002,9.137,955463.84,955463.84,0,,,,
32,07/01/2011,0,23.78,2.882,191.3683815,8.818,1046416.17,1046416.17,0,,,,
32,14/01/2011,0,21.69,2.911,191.4784939,8.818,1028206.51,1046416.17,-18209.66,,,,
32,21/01/2011,0,34.54,2.973,191.5731924,8.818,1078348.91,1006814.85,71534.06,,,,
32,28/01/2011,0,34.86,3.008,191.667891,8.818,1006814.85,1006814.85,0,,,,
32,04/02/2011,0,15.47,3.011,191.7625895,8.818,1070457.8,1070457.8,0,,,,
32,11/02/2011,1,18.51,3.037,191.8572881,8.818,1124357.2,1124357.2,0,,,,
32,18/02/2011,0,42.09,3.051,191.9178331,8.818,1183528.58,1183528.58,0,,,,
32,25/02/2011,0,33,3.101,191.9647167,8.818,1054754.67,1054754.67,0,,,,
32,04/03/2011,0,39.17,3.232,192.0116004,8.818,1106847.62,1106847.62,0,,,,
32,11/03/2011,0,36.51,3.372,192.058484,8.818,1101458.21,1101458.21,0,,,,
32,18/03/2011,0,45.25,3.406,192.1237981,8.818,1100765.5,1100765.5,0,,,,
32,25/03/2011,0,46.7,3.414,192.1964844,8.818,1068719.22,1068719.22,0,,,,
32,01/04/2011,0,44.83,3.461,192.2691707,8.595,1051121.02,1051121.02,0,,,,
32,08/04/2011,0,48.81,3.532,192.3418571,8.595,1102975.59,1102975.59,0,,,,
32,15/04/2011,0,45.97,3.611,192.4225954,8.595,1120508.14,1120508.14,0,,,,
32,22/04/2011,0,48.69,3.636,192.5234638,8.595,1210602.91,1107494.55,103108.36,,,,
32,29/04/2011,0,44.86,3.663,192.6243322,8.595,1107494.55,1107494.55,0,,,,
32,06/05/2011,0,46.65,3.735,192.7252006,8.595,1181793.55,1181793.55,0,,,,
32,13/05/2011,0,56.09,3.767,192.826069,8.595,1138162.76,1175447.49,-37284.73,,,,
32,20/05/2011,0,45.71,3.828,192.831317,8.595,1145084.76,1145084.76,0,,,,
32,27/05/2011,0,55.13,3.795,192.8365651,8.595,1175447.49,1175447.49,0,,,,
32,03/06/2011,0,61.25,3.763,192.8418131,8.595,1167757,1167757,0,,,,
32,10/06/2011,0,65.49,3.735,192.8470612,8.595,1239741.34,1167757,71984.34,,,,
32,17/06/2011,0,67.38,3.697,192.9034759,8.595,1192031.38,1192031.38,0,,,,
32,24/06/2011,0,65.06,3.661,192.9982655,8.595,1163869.52,1163869.52,0,,,,
32,01/07/2011,0,72.86,3.597,193.0930552,8.622,1199845.29,1110244.52,89600.77,,,,
32,08/07/2011,0,72.56,3.54,193.1878448,8.622,1110244.52,1110244.52,0,,,,
32,15/07/2011,0,70.55,3.532,193.3125484,8.622,1144254.26,1192031.38,-47777.12,,,,
32,22/07/2011,0,76,3.545,193.5120367,8.622,1185674.48,1185674.48,0,,,,
32,29/07/2011,0,75.91,3.547,193.711525,8.622,1169988.62,1169988.62,0,,,,
32,05/08/2011,0,74.83,3.554,193.9110133,8.622,1201694.14,1201694.14,0,,,,
32,12/08/2011,0,74.2,3.542,194.1105017,8.622,1206795.74,1206795.74,0,,,,
32,19/08/2011,0,73.72,3.499,194.2500634,8.622,1221318.17,1221318.17,0,,,,
32,26/08/2011,0,75.64,3.485,194.3796374,8.622,1183740.91,1227469.2,-43728.29,,,,
32,02/09/2011,0,74.6,3.511,194.5092113,8.622,1152117.5,1152117.5,0,,,,
32,09/09/2011,1,61.24,3.566,194.6387853,8.622,1128237.3,1128237.3,0,,,,
32,16/09/2011,0,60.88,3.596,194.7419707,8.622,1142499.25,1142499.25,0,,,,
32,23/09/2011,0,58.66,3.581,194.8099713,8.622,1116140.29,1116140.29,0,,,,
32,30/09/2011,0,65.04,3.538,194.8779718,8.622,1088943.98,1088943.98,0,,,,
32,07/10/2011,0,62.62,3.498,194.9459724,8.513,1149448.02,1149448.02,0,,,,
32,14/10/2011,0,50.15,3.491,195.0261012,8.513,1175420.26,1138101.18,37319.08,,,,
32,21/10/2011,0,48.87,3.548,195.1789994,8.513,1151258.74,1151258.74,0,,,,
32,28/10/2011,0,42.76,3.55,195.3318977,8.513,1185391.96,1185391.96,0,,,,
32,04/11/2011,0,37.95,3.527,195.4847959,8.513,1204628.28,1182733,21895.28,,,,
32,11/11/2011,0,38.1,3.505,195.6376941,8.513,1182733,1182733,0,,,,
32,18/11/2011,0,42.61,3.479,195.7184713,8.513,1181651.55,1181651.55,0,,,,
32,25/11/2011,1,40.22,3.424,195.7704,8.513,1684468.66,1684468.66,0,,,,
32,02/12/2011,0,33.8,3.378,195.8223287,8.513,1179773.88,1091822.72,87951.16,,,,
32,09/12/2011,0,17.94,3.331,195.8742575,8.513,1415746.91,1415746.91,0,,,,
32,16/12/2011,0,26.23,3.266,195.9841685,8.513,1556017.91,1959526.96,-403509.05,,,,
32,23/12/2011,0,25.97,3.173,196.1713893,8.513,1959526.96,1959526.96,0,,,,
32,30/12/2011,1,32.99,3.119,196.3586101,8.513,1102367.65,1102367.65,0,,,,
32,06/01/2012,0,36.75,3.095,196.5458309,8.256,1099937.25,1099937.25,0,,,,
32,13/01/2012,0,28.99,3.077,196.7330517,8.256,1071598.36,1071598.36,0,,,,
32,20/01/2012,0,36.86,3.055,196.7796652,8.256,1080012.04,1080012.04,0,,,,
32,27/01/2012,0,36.67,3.038,196.8262786,8.256,1051864.6,1051864.6,0,,,,
32,03/02/2012,0,35.89,3.031,196.8728921,8.256,1156826.31,1156826.31,0,,,,
32,10/02/2012,1,23.34,3.103,196.9195056,8.256,1129422.86,1129422.86,0,,,,
32,17/02/2012,0,24.26,3.113,196.9432711,8.256,1243812.59,1243812.59,0,,,,
32,24/02/2012,0,33.41,3.129,196.9499007,8.256,1091822.72,1091822.72,0,,,,
32,02/03/2012,0,33.4,3.191,196.9565303,8.256,1153332.89,1091822.72,61510.17,,,,
32,09/03/2012,0,39.9,3.286,196.9631599,8.256,1124537.97,1124537.97,0,,,,
32,16/03/2012,0,51.51,3.486,197.0457208,8.256,1138101.18,1138101.18,0,,,,
32,23/03/2012,0,47.64,3.664,197.2295234,8.256,1146632.46,1146632.46,0,,,,
32,30/03/2012,0,56.09,3.75,197.4133259,8.256,1108686.87,1108686.87,0,,,,
32,06/04/2012,0,51.49,3.854,197.5971285,8.09,1270577.01,1270577.01,0,,,,
32,13/04/2012,0,52.1,3.901,197.780931,8.09,1171834.47,1270577.01,-98742.54,,,,
32,20/04/2012,0,49.15,3.936,197.7227385,8.09,1121405.91,1121405.91,0,,,,
32,27/04/2012,0,61.76,3.927,197.664546,8.09,1126962.44,1126962.44,0,,,,
32,04/05/2012,0,58.29,3.903,197.6063534,8.09,1187384.53,1187384.53,0,,,,
32,11/05/2012,0,55.4,3.87,197.5481609,8.09,1187051.07,1187051.07,0,,,,
32,18/05/2012,0,57.46,3.837,197.5553137,8.09,1177539.71,1177539.71,0,,,,
32,25/05/2012,0,59.74,3.804,197.5886046,8.09,1232784.22,1157111.15,75673.07,,,,
32,01/06/2012,0,62.84,3.764,197.6218954,8.09,1157557.79,1157557.79,0,,,,
32,08/06/2012,0,71.14,3.741,197.6551863,8.09,1246322.44,1246322.44,0,,,,
32,15/06/2012,0,70.91,3.723,197.692292,8.09,1234759.54,1234759.54,0,,,,
32,22/06/2012,0,74.85,3.735,197.7389345,8.09,1196880.11,1178211.81,18668.3,,,,
32,29/06/2012,0,81.95,3.693,197.785577,8.09,1178211.81,1178211.81,0,,,,
32,06/07/2012,0,78.68,3.646,197.8322195,7.872,1214183.97,1214183.97,0,,,,
32,13/07/2012,0,71.57,3.613,197.8788621,7.872,1141184.66,1141184.66,0,,,,
32,20/07/2012,0,77.76,3.585,197.9290378,7.872,1167829.33,1167829.33,0,,,,
32,27/07/2012,0,77.56,3.57,197.9792136,7.872,1144901.52,1144901.52,0,,,,
32,03/08/2012,0,75.09,3.528,198.0293893,7.872,1183571.35,1183571.35,0,,,,
32,10/08/2012,0,75.93,3.509,198.0795651,7.872,1227469.2,1227469.2,0,,,,
32,17/08/2012,0,70.75,3.545,198.1001057,7.872,1261306.37,1261306.37,0,,,,
32,24/08/2012,0,70.12,3.558,198.0984199,7.872,1272809.11,1272809.11,0,,,,
32,31/08/2012,0,76.12,3.556,198.0967341,7.872,1183979.27,1183979.27,0,,,,
32,07/09/2012,1,72.56,3.596,198.0950484,7.872,1126685.95,1684468.66,-557782.71,,,,
32,14/09/2012,0,64.05,3.659,198.1267184,7.872,1156377.47,1156377.47,0,,,,
32,21/09/2012,0,63.49,3.765,198.358523,7.872,1159119.6,1159119.6,0,,,,
32,28/09/2012,0,60.62,3.789,198.5903276,7.872,1157111.15,1157111.15,0,,,,
32,05/10/2012,0,55.34,3.779,198.8221322,7.557,1202775.24,1202775.24,0,,,,
32,12/10/2012,0,43.49,3.76,199.0539368,7.557,1176681.31,1202775.24,-26093.93,,,,
32,19/10/2012,0,53.57,3.75,199.1481963,7.557,1199292.06,1202775.24,-3483.18,,,,
32,26/10/2012,0,47.22,3.686,199.2195317,7.557,1219979.29,1219979.29,0,,,,
33,05/02/2010,0,58.4,2.962,126.4420645,10.115,274593.43,274593.43,0,,,,
33,12/02/2010,1,55.47,2.828,126.4962581,10.115,294882.83,294882.83,0,,,,
33,19/02/2010,0,62.16,2.915,126.5262857,10.115,296850.83,296850.83,0,,,,
33,26/02/2010,0,56.5,2.825,126.5522857,10.115,284052.77,294882.83,-10830.06,,,,
33,05/03/2010,0,59.17,2.877,126.5782857,10.115,291484.89,291484.89,0,,,,
33,12/03/2010,0,55.61,3.034,126.6042857,10.115,312161,312161,0,,,,
33,19/03/2010,0,64.6,3.054,126.6066452,10.115,282235.73,274634.52,7601.21,,,,
33,26/03/2010,0,64.09,2.98,126.6050645,10.115,262893.76,312161,-49267.24,,,,
33,02/04/2010,0,66.79,3.086,126.6034839,9.849,274634.52,274634.52,0,,,,
33,09/04/2010,0,68.43,3.004,126.6019032,9.849,325201.05,325201.05,0,,,,
33,16/04/2010,0,72.44,3.109,126.5621,9.849,307779.64,325201.05,-17421.41,,,,
33,23/04/2010,0,71.59,3.05,126.4713333,9.849,263263.02,263263.02,0,,,,
33,30/04/2010,0,73.29,3.105,126.3805667,9.849,275883.23,275883.23,0,,,,
33,07/05/2010,0,75.4,3.127,126.2898,9.849,326870.13,294264.2,32605.93,,,,
33,14/05/2010,0,76.8,3.145,126.2085484,9.849,331173.51,294264.2,36909.31,,,,
33,21/05/2010,0,82.8,3.12,126.1843871,9.849,294264.2,294264.2,0,,,,
33,28/05/2010,0,78.47,3.058,126.1602258,9.849,279246.33,279246.33,0,,,,
33,04/06/2010,0,86.06,2.941,126.1360645,9.849,285100,285100,0,,,,
33,11/06/2010,0,93.52,3.057,126.1119032,9.849,310800.79,310800.79,0,,,,
33,18/06/2010,0,87.69,2.935,126.114,9.849,272399.08,310800.79,-38401.71,,,,
33,25/06/2010,0,93.66,3.084,126.1266,9.849,259419.91,259419.91,0,,,,
33,02/07/2010,0,97.66,2.978,126.1392,9.495,267495.76,267495.76,0,,,,
33,09/07/2010,0,95.88,3.1,126.1518,9.495,302423.93,302423.93,0,,,,
33,16/07/2010,0,100.14,2.971,126.1498065,9.495,280937.84,280937.84,0,,,,
33,23/07/2010,0,97.04,3.112,126.1283548,9.495,252734.31,252734.31,0,,,,
33,30/07/2010,0,92.71,3.017,126.1069032,9.495,242047.03,224031.19,18015.84,,,,
33,06/08/2010,0,92.51,3.123,126.0854516,9.495,262789.95,262789.95,0,,,,
33,13/08/2010,0,95.57,3.049,126.064,9.495,265367.51,265367.51,0,,,,
33,20/08/2010,0,96.46,3.041,126.0766452,9.495,230519.49,230519.49,0,,,,
33,27/08/2010,0,94,3.022,126.0892903,9.495,224031.19,224031.19,0,,,,
33,03/09/2010,0,90.82,3.087,126.1019355,9.495,237405.82,237405.82,0,,,,
33,10/09/2010,1,91.77,2.961,126.1145806,9.495,272834.88,272834.88,0,,,,
33,17/09/2010,0,89.43,3.028,126.1454667,9.495,246277.18,246277.18,0,,,,
33,24/09/2010,0,91.18,2.939,126.1900333,9.495,231976.84,231976.84,0,,,,
33,01/10/2010,0,91.45,3.001,126.2346,9.265,224294.39,224294.39,0,,,,
33,08/10/2010,0,79.02,2.924,126.2791667,9.265,266484.19,266484.19,0,,,,
33,15/10/2010,0,80.49,3.08,126.3266774,9.265,251732.92,251732.92,0,,,,
33,22/10/2010,0,74.2,3.014,126.3815484,9.265,234175.92,251732.92,-17557,,,,
33,29/10/2010,0,71.34,3.13,126.4364194,9.265,213538.32,213538.32,0,,,,
33,05/11/2010,0,74.23,3.009,126.4912903,9.265,246124.61,246124.61,0,,,,
33,12/11/2010,0,65.21,3.13,126.5461613,9.265,272803.94,272803.94,0,,,,
33,19/11/2010,0,61.95,3.047,126.6072,9.265,224639.76,224639.76,0,,,,
33,26/11/2010,1,56.87,3.162,126.6692667,9.265,240044.57,240044.57,0,,,,
33,03/12/2010,0,52.82,3.041,126.7313333,9.265,209986.25,209986.25,0,,,,
33,10/12/2010,0,60.72,3.091,126.7934,9.265,253050.1,238875.26,14174.84,,,,
33,17/12/2010,0,61.12,3.125,126.8794839,9.265,238875.26,238875.26,0,,,,
33,24/12/2010,0,60.43,3.236,126.9835806,9.265,249246.8,249246.8,0,,,,
33,31/12/2010,1,52.91,3.148,127.0876774,9.265,219804.85,219804.85,0,,,,
33,07/01/2011,0,46.25,3.287,127.1917742,8.951,243948.82,243948.82,0,,,,
33,14/01/2011,0,53.63,3.312,127.3009355,8.951,259527.75,259527.75,0,,,,
33,21/01/2011,0,59.46,3.336,127.4404839,8.951,244856.44,244856.44,0,,,,
33,28/01/2011,0,56.62,3.231,127.5800323,8.951,231155.9,231155.9,0,,,,
33,04/02/2011,0,49.26,3.348,127.7195806,8.951,234218.03,234218.03,0,,,,
33,11/02/2011,1,53.35,3.381,127.859129,8.951,276198.74,276198.74,0,,,,
33,18/02/2011,0,62.03,3.43,127.99525,8.951,252349.6,252349.6,0,,,,
33,25/02/2011,0,54.89,3.398,128.13,8.951,242901.21,242901.21,0,,,,
33,04/03/2011,0,59.51,3.674,128.26475,8.951,245435.8,245435.8,0,,,,
33,11/03/2011,0,66.51,3.63,128.3995,8.951,270921.44,270921.44,0,,,,
33,18/03/2011,0,72.72,3.892,128.5121935,8.951,247234.47,271924.73,-24690.26,,,,
33,25/03/2011,0,63.34,3.716,128.6160645,8.951,238084.08,238084.08,0,,,,
33,01/04/2011,0,71.41,3.772,128.7199355,8.687,232769.09,232769.09,0,,,,
33,08/04/2011,0,75.11,3.818,128.8238065,8.687,271924.73,271924.73,0,,,,
33,15/04/2011,0,64.64,4.089,128.9107333,8.687,275749.56,275749.56,0,,,,
33,22/04/2011,0,79.46,3.917,128.9553,8.687,248603.3,248603.3,0,,,,
33,29/04/2011,0,77.44,4.151,128.9998667,8.687,248561.86,248561.86,0,,,,
33,06/05/2011,0,77.92,4.193,129.0444333,8.687,257031.19,257031.19,0,,,,
33,13/05/2011,0,78.24,4.202,129.089,8.687,279466.87,279466.87,0,,,,
33,20/05/2011,0,76.07,3.99,129.0756774,8.687,239206.26,239206.26,0,,,,
33,27/05/2011,0,82.32,3.933,129.0623548,8.687,239431.85,239206.26,225.59,,,,
33,03/06/2011,0,82.93,3.893,129.0490323,8.687,243477.03,243477.03,0,,,,
33,10/06/2011,0,87.02,3.981,129.0357097,8.687,258427.39,258427.39,0,,,,
33,17/06/2011,0,91.11,3.935,129.0432,8.687,238172.66,238172.66,0,,,,
33,24/06/2011,0,94.11,3.807,129.0663,8.687,238433.53,238433.53,0,,,,
33,01/07/2011,0,98.43,3.842,129.0894,8.442,226702.36,226702.36,0,,,,
33,08/07/2011,0,96.44,3.793,129.1125,8.442,262717.71,262717.71,0,,,,
33,15/07/2011,0,92.83,3.779,129.1338387,8.442,265003.47,265003.47,0,,,,
33,22/07/2011,0,97.17,3.697,129.1507742,8.442,238915.05,238915.05,0,,,,
33,29/07/2011,0,95.28,3.694,129.1677097,8.442,224806.96,224806.96,0,,,,
33,05/08/2011,0,96.93,3.803,129.1846452,8.442,242456.39,242456.39,0,,,,
33,12/08/2011,0,96,3.794,129.2015806,8.442,274721.85,274721.85,0,,,,
33,19/08/2011,0,95.89,3.743,129.2405806,8.442,242771.37,237095.82,5675.55,,,,
33,26/08/2011,0,99.66,3.663,129.2832581,8.442,237095.82,237095.82,0,,,,
33,02/09/2011,0,99.2,3.798,129.3259355,8.442,239198.36,239198.36,0,,,,
33,09/09/2011,1,96.22,3.771,129.3686129,8.442,281842.28,281842.28,0,,,,
33,16/09/2011,0,85.79,3.784,129.4306,8.442,262407.57,262407.57,0,,,,
33,23/09/2011,0,88.93,3.789,129.5183333,8.442,234793.12,234793.12,0,,,,
33,30/09/2011,0,89.1,3.877,129.6060667,8.442,229731.98,229731.98,0,,,,
33,07/10/2011,0,81.16,3.827,129.6938,8.01,262159.13,262159.13,0,,,,
33,14/10/2011,0,76.49,3.698,129.7706452,8.01,272487.33,272487.33,0,,,,
33,21/10/2011,0,81.74,3.842,129.7821613,8.01,233543.08,233543.08,0,,,,
33,28/10/2011,0,76.73,3.843,129.7936774,8.01,231319.96,262159.13,-30839.17,,,,
33,04/11/2011,0,71.91,3.828,129.8051935,8.01,236157.12,236157.12,0,,,,
33,11/11/2011,0,58.75,3.677,129.8167097,8.01,271961.04,270373.05,1587.99,,,,
33,18/11/2011,0,63.35,3.669,129.8268333,8.01,251294.5,270373.05,-19078.55,,,,
33,25/11/2011,1,62.35,3.76,129.8364,8.01,255996.47,255996.47,0,,,,
33,02/12/2011,0,59.12,3.701,129.8459667,8.01,220060.35,270373.05,-50312.7,,,,
33,09/12/2011,0,47.7,3.644,129.8555333,8.01,270373.05,270373.05,0,,,,
33,16/12/2011,0,53.18,3.489,129.8980645,8.01,259638.35,259638.35,0,,,,
33,23/12/2011,0,53.39,3.541,129.9845484,8.01,256235.19,256235.19,0,,,,
33,30/12/2011,1,51.6,3.428,130.0710323,8.01,215359.21,255996.47,-40637.26,,,,
33,06/01/2012,0,60.92,3.443,130.1575161,7.603,267058.08,267058.08,0,,,,
33,13/01/2012,0,54.61,3.477,130.244,7.603,279447.22,279447.22,0,,,,
33,20/01/2012,0,55.99,3.66,130.2792258,7.603,244899.2,279447.22,-34548.02,,,,
33,27/01/2012,0,56.33,3.675,130.3144516,7.603,236920.49,236920.49,0,,,,
33,03/02/2012,0,59.53,3.543,130.3496774,7.603,256091.32,256091.32,0,,,,
33,10/02/2012,1,59.94,3.722,130.3849032,7.603,282552.58,282552.58,0,,,,
33,17/02/2012,0,57.8,3.781,130.4546207,7.603,266300.98,266300.98,0,,,,
33,24/02/2012,0,59.41,3.95,130.5502069,7.603,242526.7,242526.7,0,,,,
33,02/03/2012,0,60.91,3.882,130.6457931,7.603,248051.53,248051.53,0,,,,
33,09/03/2012,0,62.2,3.963,130.7413793,7.603,287346.29,287346.29,0,,,,
33,16/03/2012,0,65.99,4.273,130.8261935,7.603,278067.73,278067.73,0,,,,
33,23/03/2012,0,60.82,4.288,130.8966452,7.603,246970.97,246970.97,0,,,,
33,30/03/2012,0,71.34,4.294,130.9670968,7.603,251327.67,246970.97,4356.7,,,,
33,06/04/2012,0,70.75,4.282,131.0375484,7.396,275911.97,275911.97,0,,,,
33,13/04/2012,0,73.17,4.254,131.108,7.396,312698.67,312698.67,0,,,,
33,20/04/2012,0,72.94,4.111,131.1173333,7.396,261837.2,312698.67,-50861.47,,,,
33,27/04/2012,0,83.07,4.088,131.1266667,7.396,249798.75,249798.75,0,,,,
33,04/05/2012,0,82.43,4.058,131.136,7.396,270497.51,270497.51,0,,,,
33,11/05/2012,0,81.02,4.186,131.1453333,7.396,295841.84,295841.84,0,,,,
33,18/05/2012,0,89.81,4.308,131.0983226,7.396,276899.95,276899.95,0,,,,
33,25/05/2012,0,88.89,4.127,131.0287742,7.396,261851.74,261851.74,0,,,,
33,01/06/2012,0,83.57,4.277,130.9592258,7.396,261131.09,261131.09,0,,,,
33,08/06/2012,0,90.94,4.103,130.8896774,7.396,286082.76,286082.76,0,,,,
33,15/06/2012,0,92.44,4.144,130.8295333,7.396,290444.31,290444.31,0,,,,
33,22/06/2012,0,95.75,4.014,130.7929,7.396,261666.29,261666.29,0,,,,
33,29/06/2012,0,98.15,3.875,130.7562667,7.396,244338.31,244338.31,0,,,,
33,06/07/2012,0,93.21,3.666,130.7196333,7.147,273690.37,258533.12,15157.25,,,,
33,13/07/2012,0,97.6,3.723,130.683,7.147,287033.64,249134.32,37899.32,,,,
33,20/07/2012,0,91.49,3.589,130.7012903,7.147,253205.89,258533.12,-5327.23,,,,
33,27/07/2012,0,93.95,3.769,130.7195806,7.147,249134.32,249134.32,0,,,,
33,03/08/2012,0,92.13,3.595,130.737871,7.147,258533.12,258533.12,0,,,,
33,10/08/2012,0,100.07,3.811,130.7561613,7.147,297753.49,239198.36,58555.13,,,,
33,17/08/2012,0,96.79,4.002,130.7909677,7.147,270097.76,270097.76,0,,,,
33,24/08/2012,0,89.62,4.055,130.8381613,7.147,247672.56,247672.56,0,,,,
33,31/08/2012,0,94.55,3.886,130.8853548,7.147,237129.81,237129.81,0,,,,
33,07/09/2012,1,92.02,4.124,130.9325484,7.147,286428.78,286428.78,0,,,,
33,14/09/2012,0,83.4,3.966,130.9776667,7.147,277417.53,242813.51,34604.02,,,,
33,21/09/2012,0,86.53,4.125,131.0103333,7.147,252709.58,252709.58,0,,,,
33,28/09/2012,0,86.42,3.966,131.043,7.147,242813.51,242813.51,0,,,,
33,05/10/2012,0,85.18,4.132,131.0756667,6.895,265444.9,265444.9,0,,,,
33,12/10/2012,0,79.64,4.468,131.1083333,6.895,291781.15,253731.13,38050.02,,,,
33,19/10/2012,0,75.55,4.449,131.1499677,6.895,254412.34,253731.13,681.21,,,,
33,26/10/2012,0,73.7,4.301,131.1930968,6.895,253731.13,253731.13,0,,,,
34,05/02/2010,0,35.44,2.598,126.4420645,9.521,956228.96,983963.07,-27734.11,,,,
34,12/02/2010,1,36.13,2.573,126.4962581,9.521,994610.99,983963.07,10647.92,,,,
34,19/02/2010,0,38.36,2.54,126.5262857,9.521,983963.07,983963.07,0,,,,
34,26/02/2010,0,37.28,2.59,126.5522857,9.521,905756.13,983963.07,-78206.94,,,,
34,05/03/2010,0,42.65,2.654,126.5782857,9.521,918295.79,918295.79,0,,,,
34,12/03/2010,0,42.26,2.704,126.6042857,9.521,921247.88,921247.88,0,,,,
34,19/03/2010,0,45.86,2.743,126.6066452,9.521,892070.82,892070.82,0,,,,
34,26/03/2010,0,42.91,2.752,126.6050645,9.521,880742.35,880742.35,0,,,,
34,02/04/2010,0,50.07,2.74,126.6034839,9.593,979428.66,979428.66,0,,,,
34,09/04/2010,0,51.26,2.773,126.6019032,9.593,950684.2,958063.87,-7379.67,,,,
34,16/04/2010,0,59.18,2.81,126.5621,9.593,923344.54,923344.54,0,,,,
34,23/04/2010,0,55.04,2.805,126.4713333,9.593,910240.68,910240.68,0,,,,
34,30/04/2010,0,56.58,2.787,126.3805667,9.593,859922.19,859922.19,0,,,,
34,07/05/2010,0,57.39,2.836,126.2898,9.593,953495.48,953495.48,0,,,,
34,14/05/2010,0,60.74,2.845,126.2085484,9.593,933924.44,933924.44,0,,,,
34,21/05/2010,0,63.99,2.82,126.1843871,9.593,913616.32,913616.32,0,,,,
34,28/05/2010,0,68.68,2.756,126.1602258,9.593,942868.38,942868.38,0,,,,
34,04/06/2010,0,72.17,2.701,126.1360645,9.593,966187.51,966187.51,0,,,,
34,11/06/2010,0,80.84,2.668,126.1119032,9.593,954681.56,954681.56,0,,,,
34,18/06/2010,0,73.48,2.635,126.114,9.593,941612.04,941612.04,0,,,,
34,25/06/2010,0,78.47,2.654,126.1266,9.593,895800.07,875976.83,19823.24,,,,
34,02/07/2010,0,73.66,2.668,126.1392,9.816,919229.36,919229.36,0,,,,
34,09/07/2010,0,75,2.637,126.1518,9.816,911210.81,911210.81,0,,,,
34,16/07/2010,0,78.53,2.621,126.1498065,9.816,930269.79,930269.79,0,,,,
34,23/07/2010,0,79.58,2.612,126.1283548,9.816,902050.95,932240.96,-30190.01,,,,
34,30/07/2010,0,72.26,2.65,126.1069032,9.816,875976.83,875976.83,0,,,,
34,06/08/2010,0,73.8,2.64,126.0854516,9.816,987435.35,987435.35,0,,,,
34,13/08/2010,0,76.72,2.698,126.064,9.816,951208.65,951208.65,0,,,,
34,20/08/2010,0,76.45,2.671,126.0766452,9.816,985152.94,985152.94,0,,,,
34,27/08/2010,0,72.87,2.621,126.0892903,9.816,855421.39,855421.39,0,,,,
34,03/09/2010,0,72.59,2.584,126.1019355,9.816,964356.74,964356.74,0,,,,
34,10/09/2010,1,72.61,2.574,126.1145806,9.816,932240.96,932240.96,0,,,,
34,17/09/2010,0,70.71,2.594,126.1454667,9.816,885445.47,885445.47,0,,,,
34,24/09/2010,0,69.78,2.642,126.1900333,9.816,867539.07,867539.07,0,,,,
34,01/10/2010,0,70.13,2.619,126.2346,10.21,865709.11,865709.11,0,,,,
34,08/10/2010,0,65.21,2.645,126.2791667,10.21,931710.67,902852.73,28857.94,,,,
34,15/10/2010,0,59.57,2.732,126.3266774,10.21,888703.62,888703.62,0,,,,
34,22/10/2010,0,58.11,2.736,126.3815484,10.21,936293.6,936293.6,0,,,,
34,29/10/2010,0,50.78,2.718,126.4364194,10.21,926294.02,926294.02,0,,,,
34,05/11/2010,0,52.43,2.699,126.4912903,10.21,972292.31,926294.02,45998.29,,,,
34,12/11/2010,0,47.2,2.741,126.5461613,10.21,979730.78,979730.78,0,,,,
34,19/11/2010,0,40.93,2.78,126.6072,10.21,955766.33,1309476.68,-353710.35,,,,
34,26/11/2010,1,41.13,2.752,126.6692667,10.21,1309476.68,1309476.68,0,,,,
34,03/12/2010,0,34.7,2.727,126.7313333,10.21,1001512.21,1001512.21,0,,,,
34,10/12/2010,0,41.93,2.86,126.7934,10.21,1086661.02,1086661.02,0,,,,
34,17/12/2010,0,42.64,2.884,126.8794839,10.21,1227148.13,1227148.13,0,,,,
34,24/12/2010,0,42.74,2.887,126.9835806,10.21,1620748.25,979730.78,641017.47,,,,
34,31/12/2010,1,34.11,2.955,127.0876774,10.21,902109.69,902109.69,0,,,,
34,07/01/2011,0,24.5,2.98,127.1917742,10.398,900646.94,900646.94,0,,,,
34,14/01/2011,0,30.75,2.992,127.3009355,10.398,898610.33,898610.33,0,,,,
34,21/01/2011,0,39.57,3.017,127.4404839,10.398,891025.39,891025.39,0,,,,
34,28/01/2011,0,34.68,3.022,127.5800323,10.398,836717.75,836717.75,0,,,,
34,04/02/2011,0,23.82,2.996,127.7195806,10.398,971932.87,971932.87,0,,,,
34,11/02/2011,1,28.66,3.033,127.859129,10.398,1015654.6,1015654.6,0,,,,
34,18/02/2011,0,45.12,3.058,127.99525,10.398,1062629.3,953331.45,109297.85,,,,
34,25/02/2011,0,44.57,3.087,128.13,10.398,953331.45,953331.45,0,,,,
34,04/03/2011,0,46.21,3.305,128.26475,10.398,963910.81,963910.81,0,,,,
34,11/03/2011,0,45.87,3.461,128.3995,10.398,943951.67,943951.67,0,,,,
34,18/03/2011,0,55.58,3.495,128.5121935,10.398,1014218.8,884233.67,129985.13,,,,
34,25/03/2011,0,53.11,3.48,128.6160645,10.398,922898.38,922898.38,0,,,,
34,01/04/2011,0,55.46,3.521,128.7199355,10.581,884233.67,884233.67,0,,,,
34,08/04/2011,0,58.59,3.605,128.8238065,10.581,975479.83,975479.83,0,,,,
34,15/04/2011,0,53.3,3.724,128.9107333,10.581,941829,941829,0,,,,
34,22/04/2011,0,63.83,3.781,128.9553,10.581,1051518.45,1051518.45,0,,,,
34,29/04/2011,0,57.73,3.781,128.9998667,10.581,895973.02,895973.02,0,,,,
34,06/05/2011,0,54.4,3.866,129.0444333,10.581,965853.58,965853.58,0,,,,
34,13/05/2011,0,63.05,3.872,129.089,10.581,966232.69,945018.83,21213.86,,,,
34,20/05/2011,0,61.47,3.881,129.0756774,10.581,945018.83,945018.83,0,,,,
34,27/05/2011,0,65.99,3.771,129.0623548,10.581,941311.83,945018.83,-3707,,,,
34,03/06/2011,0,74.64,3.683,129.0490323,10.581,947229.24,947229.24,0,,,,
34,10/06/2011,0,74.57,3.64,129.0357097,10.581,943912.77,943912.77,0,,,,
34,17/06/2011,0,76.58,3.618,129.0432,10.581,968258.09,968258.09,0,,,,
34,24/06/2011,0,77.16,3.57,129.0663,10.581,923795.04,923795.04,0,,,,
34,01/07/2011,0,81.96,3.504,129.0894,10.641,911106.22,871404.6,39701.62,,,,
34,08/07/2011,0,80.84,3.469,129.1125,10.641,926934.57,871404.6,55529.97,,,,
34,15/07/2011,0,78.09,3.563,129.1338387,10.641,903882.96,903882.96,0,,,,
34,22/07/2011,0,80.75,3.627,129.1507742,10.641,913236.62,942236.45,-28999.83,,,,
34,29/07/2011,0,78.04,3.659,129.1677097,10.641,851461.9,942236.45,-90774.55,,,,
34,05/08/2011,0,76.71,3.662,129.1846452,10.641,942236.45,942236.45,0,,,,
34,12/08/2011,0,80.23,3.617,129.2015806,10.641,956251.18,942236.45,14014.73,,,,
34,19/08/2011,0,77.08,3.55,129.2405806,10.641,960418.54,960418.54,0,,,,
34,26/08/2011,0,77.27,3.523,129.2832581,10.641,871404.6,871404.6,0,,,,
34,02/09/2011,0,78.24,3.533,129.3259355,10.641,926455.64,903882.96,22572.68,,,,
34,09/09/2011,1,70.05,3.554,129.3686129,10.641,930506.14,930506.14,0,,,,
34,16/09/2011,0,64.94,3.532,129.4306,10.641,927249.61,927249.61,0,,,,
34,23/09/2011,0,66.23,3.473,129.5183333,10.641,902852.73,902852.73,0,,,,
34,30/09/2011,0,69.44,3.371,129.6060667,10.641,871847.85,871847.85,0,,,,
34,07/10/2011,0,60.42,3.299,129.6938,10.148,954069.45,954069.45,0,,,,
34,14/10/2011,0,54.72,3.283,129.7706452,10.148,911788.79,911788.79,0,,,,
34,21/10/2011,0,58.93,3.361,129.7821613,10.148,953693.23,953693.23,0,,,,
34,28/10/2011,0,54.56,3.362,129.7936774,10.148,958063.87,958063.87,0,,,,
34,04/11/2011,0,48.04,3.322,129.8051935,10.148,992621.93,992621.93,0,,,,
34,11/11/2011,0,41.04,3.286,129.8167097,10.148,991570.02,991570.02,0,,,,
34,18/11/2011,0,46,3.294,129.8268333,10.148,947552.44,947552.44,0,,,,
34,25/11/2011,1,45.99,3.225,129.8364,10.148,1345595.82,1345595.82,0,,,,
34,02/12/2011,0,39.75,3.176,129.8459667,10.148,988742.08,1084243.91,-95501.83,,,,
34,09/12/2011,0,24.69,3.153,129.8555333,10.148,1084243.91,1084243.91,0,,,,
34,16/12/2011,0,32.31,3.149,129.8980645,10.148,1151052.86,1084243.91,66808.95,,,,
34,23/12/2011,0,32.45,3.103,129.9845484,10.148,1593655.96,1593655.96,0,,,,
34,30/12/2011,1,28.84,3.119,130.0710323,10.148,965512.36,965512.36,0,,,,
34,06/01/2012,0,36.39,3.158,130.1575161,9.653,953844.85,953844.85,0,,,,
34,13/01/2012,0,33.99,3.263,130.244,9.653,913755.12,913755.12,0,,,,
34,20/01/2012,0,39.28,3.273,130.2792258,9.653,910899.05,910899.05,0,,,,
34,27/01/2012,0,39.81,3.29,130.3144516,9.653,872450.37,872450.37,0,,,,
34,03/02/2012,0,38.64,3.354,130.3496774,9.653,939367.14,939367.14,0,,,,
34,10/02/2012,1,36.7,3.411,130.3849032,9.653,1047658.09,1047658.09,0,,,,
34,17/02/2012,0,37.25,3.493,130.4546207,9.653,1123446.51,1123446.51,0,,,,
34,24/02/2012,0,39.89,3.541,130.5502069,9.653,950154.24,950154.24,0,,,,
34,02/03/2012,0,42.74,3.619,130.6457931,9.653,990263.7,950154.24,40109.46,,,,
34,09/03/2012,0,42.7,3.667,130.7413793,9.653,976393.43,950154.24,26239.19,,,,
34,16/03/2012,0,48.09,3.707,130.8261935,9.653,999298.43,999298.43,0,,,,
34,23/03/2012,0,47.93,3.759,130.8966452,9.653,945143.33,945143.33,0,,,,
34,30/03/2012,0,59.29,3.82,130.9670968,9.653,938861.77,938861.77,0,,,,
34,06/04/2012,0,54.42,3.864,131.0375484,9.575,1091020.37,1091020.37,0,,,,
34,13/04/2012,0,59.12,3.881,131.108,9.575,987353.65,987353.65,0,,,,
34,20/04/2012,0,55.34,3.864,131.1173333,9.575,977628.78,987353.65,-9724.87,,,,
34,27/04/2012,0,66.49,3.81,131.1266667,9.575,940299.87,940299.87,0,,,,
34,04/05/2012,0,65.04,3.747,131.136,9.575,991104.4,991104.4,0,,,,
34,11/05/2012,0,61.92,3.685,131.1453333,9.575,949625.52,949625.52,0,,,,
34,18/05/2012,0,64.97,3.62,131.0983226,9.575,998672.85,998672.85,0,,,,
34,25/05/2012,0,72.42,3.551,131.0287742,9.575,1015737.61,1015737.61,0,,,,
34,01/06/2012,0,70.41,3.483,130.9592258,9.575,977062.44,999511.29,-22448.85,,,,
34,08/06/2012,0,75.35,3.433,130.8896774,9.575,999511.29,999511.29,0,,,,
34,15/06/2012,0,76.48,3.372,130.8295333,9.575,982345.51,982345.51,0,,,,
34,22/06/2012,0,78.85,3.329,130.7929,9.575,1000285.1,1000285.1,0,,,,
34,29/06/2012,0,81.91,3.257,130.7562667,9.575,942970.63,942970.63,0,,,,
34,06/07/2012,0,77.95,3.187,130.7196333,9.285,1007867.68,1007867.68,0,,,,
34,13/07/2012,0,74.02,3.224,130.683,9.285,954677.75,926250.21,28427.54,,,,
34,20/07/2012,0,77.7,3.263,130.7012903,9.285,950929.59,1013820.86,-62891.27,,,,
34,27/07/2012,0,77.3,3.356,130.7195806,9.285,917883.79,917883.79,0,,,,
34,03/08/2012,0,78.93,3.374,130.737871,9.285,973250.41,973250.41,0,,,,
34,10/08/2012,0,78.26,3.476,130.7561613,9.285,1004523.59,1004523.59,0,,,,
34,17/08/2012,0,77.78,3.552,130.7909677,9.285,1013820.86,1013820.86,0,,,,
34,24/08/2012,0,72.44,3.61,130.8381613,9.285,926250.21,926250.21,0,,,,
34,31/08/2012,0,75.89,3.646,130.8853548,9.285,933487.71,917883.79,15603.92,,,,
34,07/09/2012,1,78.26,3.709,130.9325484,9.285,976415.56,976415.56,0,,,,
34,14/09/2012,0,64.28,3.706,130.9776667,9.285,955211.7,943047.78,12163.92,,,,
34,21/09/2012,0,66.08,3.721,131.0103333,9.285,943047.78,943047.78,0,,,,
34,28/09/2012,0,67.06,3.666,131.043,9.285,928629.31,928629.31,0,,,,
34,05/10/2012,0,65.41,3.62,131.0756667,8.839,968896.68,968896.68,0,,,,
34,12/10/2012,0,59.94,3.603,131.1083333,8.839,948613.39,948613.39,0,,,,
34,19/10/2012,0,58.47,3.61,131.1499677,8.839,963516.28,948613.39,14902.89,,,,
34,26/10/2012,0,57.95,3.514,131.1930968,8.839,956987.81,956987.81,0,,,,
35,05/02/2010,0,27.19,2.784,135.3524608,9.262,1230613.5,1168815.31,61798.19,,,,
35,12/02/2010,1,29.81,2.773,135.4113076,9.262,1168815.31,1168815.31,0,,,,
35,19/02/2010,0,32.44,2.745,135.4657781,9.262,1270658.64,1270658.64,0,,,,
35,26/02/2010,0,36,2.754,135.5195191,9.262,1020651.74,1020651.74,0,,,,
35,05/03/2010,0,38.07,2.777,135.5732602,9.262,1162610.27,1162610.27,0,,,,
35,12/03/2010,0,45.98,2.818,135.6270013,9.262,1150344.39,1162610.27,-12265.88,,,,
35,19/03/2010,0,49.04,2.844,135.6682247,9.262,1117536.09,1117536.09,0,,,,
35,26/03/2010,0,52.34,2.854,135.7073618,9.262,1078900.44,1078900.44,0,,,,
35,02/04/2010,0,46.9,2.85,135.7464988,9.051,1189556.47,1189556.47,0,,,,
35,09/04/2010,0,62.62,2.869,135.7856359,9.051,1198014.97,1198014.97,0,,,,
35,16/04/2010,0,54.95,2.899,135.82725,9.051,1084487.55,1110827.48,-26339.93,,,,
35,23/04/2010,0,53.91,2.902,135.8721667,9.051,1110827.48,1110827.48,0,,,,
35,30/04/2010,0,53.55,2.921,135.9170833,9.051,1096930.65,1096930.65,0,,,,
35,07/05/2010,0,69.02,2.966,135.962,9.051,1182099.88,1182099.88,0,,,,
35,14/05/2010,0,53.82,2.982,136.010394,9.051,1104277.57,1096930.65,7346.92,,,,
35,21/05/2010,0,63.31,2.958,136.0796521,9.051,1078182.18,1078182.18,0,,,,
35,28/05/2010,0,67.88,2.899,136.1489101,9.051,1223777.48,1223777.48,0,,,,
35,04/06/2010,0,74.29,2.847,136.2181682,9.051,1282378.71,1282378.71,0,,,,
35,11/06/2010,0,68.9,2.809,136.2874263,9.051,1160412.71,1160412.71,0,,,,
35,18/06/2010,0,70,2.78,136.3243393,9.051,1198025.76,1198025.76,0,,,,
35,25/06/2010,0,78.02,2.808,136.3483143,9.051,1230245.74,1230245.74,0,,,,
35,02/07/2010,0,76.25,2.815,136.3722893,8.861,1245827.08,1245827.08,0,,,,
35,09/07/2010,0,82.69,2.793,136.3962643,8.861,1268766.76,1268766.76,0,,,,
35,16/07/2010,0,78.26,2.783,136.4179827,8.861,1124414.87,1124414.87,0,,,,
35,23/07/2010,0,81.56,2.771,136.4366924,8.861,1121756.43,1121756.43,0,,,,
35,30/07/2010,0,79.78,2.781,136.4554021,8.861,1139131.78,1139131.78,0,,,,
35,06/08/2010,0,77.45,2.784,136.4741118,8.861,1180183.39,1180183.39,0,,,,
35,13/08/2010,0,77.36,2.805,136.4928214,8.861,1090587.5,1090587.5,0,,,,
35,20/08/2010,0,75.16,2.779,136.5249182,8.861,1033719.5,1033719.5,0,,,,
35,27/08/2010,0,70.31,2.755,136.557015,8.861,917693.06,917693.06,0,,,,
35,03/09/2010,0,78.52,2.715,136.5891118,8.861,948660.79,948660.79,0,,,,
35,10/09/2010,1,70.38,2.699,136.6212085,8.861,961685.98,984833.35,-23147.37,,,,
35,17/09/2010,0,64.5,2.706,136.6338071,8.861,831443.61,831443.61,0,,,,
35,24/09/2010,0,67.08,2.713,136.6317821,8.861,758069.78,831443.61,-73373.83,,,,
35,01/10/2010,0,70.19,2.707,136.6297571,8.763,771065.21,771065.21,0,,,,
35,08/10/2010,0,57.78,2.764,136.6277321,8.763,874615.32,874615.32,0,,,,
35,15/10/2010,0,58.38,2.868,136.6401935,8.763,798376.99,798376.99,0,,,,
35,22/10/2010,0,52.82,2.917,136.688871,8.763,827705.82,827705.82,0,,,,
35,29/10/2010,0,61.02,2.921,136.7375484,8.763,857797.33,857797.33,0,,,,
35,05/11/2010,0,45.91,2.917,136.7862258,8.763,843755.12,843755.12,0,,,,
35,12/11/2010,0,45.9,2.931,136.8349032,8.763,870914.69,870914.69,0,,,,
35,19/11/2010,0,50.81,3,136.7715714,8.763,846850.35,903606.03,-56755.68,,,,
35,26/11/2010,1,46.67,3.039,136.6895714,8.763,1781866.98,1781866.98,0,,,,
35,03/12/2010,0,41.81,3.046,136.6075714,8.763,982598.88,982598.88,0,,,,
35,10/12/2010,0,30.83,3.109,136.5255714,8.763,1108580.19,1108580.19,0,,,,
35,17/12/2010,0,31.62,3.14,136.5292811,8.763,1314987.4,1314987.4,0,,,,
35,24/12/2010,0,31.34,3.141,136.597273,8.763,1779236.54,1779236.54,0,,,,
35,31/12/2010,1,29.59,3.179,136.665265,8.763,576332.05,576332.05,0,,,,
35,07/01/2011,0,34.42,3.193,136.7332569,8.549,649289.75,649289.75,0,,,,
35,14/01/2011,0,25.7,3.205,136.803477,8.549,687670.78,687670.78,0,,,,
35,21/01/2011,0,30.13,3.229,136.8870657,8.549,659902.07,659902.07,0,,,,
35,28/01/2011,0,23.64,3.237,136.9706544,8.549,633289.78,633289.78,0,,,,
35,04/02/2011,0,28.7,3.231,137.0542431,8.549,747577.05,747577.05,0,,,,
35,11/02/2011,1,30.45,3.239,137.1378318,8.549,859258.17,859258.17,0,,,,
35,18/02/2011,0,39.32,3.245,137.2511849,8.549,865305.88,865305.88,0,,,,
35,25/02/2011,0,33.05,3.274,137.3764439,8.549,841129.26,669850.04,171279.22,,,,
35,04/03/2011,0,36.99,3.433,137.5017028,8.549,850448.54,850448.54,0,,,,
35,11/03/2011,0,43.64,3.582,137.6269617,8.549,830601.39,830601.39,0,,,,
35,18/03/2011,0,46.65,3.631,137.7398929,8.549,800662.82,800662.82,0,,,,
35,25/03/2011,0,40.11,3.625,137.8478929,8.549,762184.1,762184.1,0,,,,
35,01/04/2011,0,37.27,3.638,137.9558929,8.512,762620.94,762620.94,0,,,,
35,08/04/2011,0,46.87,3.72,138.0638929,8.512,813352.41,800662.82,12689.59,,,,
35,15/04/2011,0,52.24,3.821,138.1646952,8.512,795157.2,795157.2,0,,,,
35,22/04/2011,0,50.02,3.892,138.2475036,8.512,841778.34,841778.34,0,,,,
35,29/04/2011,0,61.71,3.962,138.3303119,8.512,811824.06,811824.06,0,,,,
35,06/05/2011,0,56.48,4.046,138.4131202,8.512,835181.18,835181.18,0,,,,
35,13/05/2011,0,60.07,4.066,138.4959286,8.512,826155.95,776838.56,49317.39,,,,
35,20/05/2011,0,60.22,4.062,138.587106,8.512,776838.56,776838.56,0,,,,
35,27/05/2011,0,66.43,3.985,138.6782834,8.512,850708.6,850708.6,0,,,,
35,03/06/2011,0,74.17,3.922,138.7694608,8.512,955466.84,955466.84,0,,,,
35,10/06/2011,0,73.26,3.881,138.8606382,8.512,855130.21,855130.21,0,,,,
35,17/06/2011,0,67.03,3.842,139.0028333,8.512,828594.86,795157.2,33437.66,,,,
35,24/06/2011,0,72.02,3.804,139.1832917,8.512,849397.57,849397.57,0,,,,
35,01/07/2011,0,73.76,3.748,139.36375,8.684,874453.88,874453.88,0,,,,
35,08/07/2011,0,76.87,3.711,139.5442083,8.684,827717.85,827717.85,0,,,,
35,15/07/2011,0,77.83,3.76,139.7006325,8.684,813845.5,813845.5,0,,,,
35,22/07/2011,0,82.28,3.811,139.7969712,8.684,820188.42,820188.42,0,,,,
35,29/07/2011,0,79.41,3.829,139.8933099,8.684,770820.27,770820.27,0,,,,
35,05/08/2011,0,78.14,3.842,139.9896486,8.684,826820.71,826820.71,0,,,,
35,12/08/2011,0,76.67,3.812,140.0859873,8.684,819911.89,819911.89,0,,,,
35,19/08/2011,0,72.97,3.747,140.1289205,8.684,820288.35,897037.25,-76748.9,,,,
35,26/08/2011,0,72.88,3.704,140.1629528,8.684,897037.25,897037.25,0,,,,
35,02/09/2011,0,71.44,3.703,140.196985,8.684,813486.55,813486.55,0,,,,
35,09/09/2011,1,70.93,3.738,140.2310173,8.684,922440.64,922440.64,0,,,,
35,16/09/2011,0,69.65,3.742,140.2735,8.684,738792.11,738792.11,0,,,,
35,23/09/2011,0,63.61,3.711,140.32725,8.684,705802.45,705802.45,0,,,,
35,30/09/2011,0,70.92,3.645,140.381,8.684,749676.95,738792.11,10884.84,,,,
35,07/10/2011,0,56.91,3.583,140.43475,8.745,791637.53,791637.53,0,,,,
35,14/10/2011,0,64.78,3.541,140.4784194,8.745,772859.25,772859.25,0,,,,
35,21/10/2011,0,59.62,3.57,140.4616048,8.745,811328.4,811328.4,0,,,,
35,28/10/2011,0,51.81,3.569,140.4447903,8.745,808821.5,808821.5,0,,,,
35,04/11/2011,0,44.46,3.551,140.4279758,8.745,653468.75,653468.75,0,,,,
35,11/11/2011,0,49.69,3.53,140.4111613,8.745,880576.33,880576.33,0,,,,
35,18/11/2011,0,51.42,3.53,140.4127857,8.745,820964.1,820964.1,0,,,,
35,25/11/2011,1,47.88,3.492,140.4217857,8.745,1733822.4,1733822.4,0,,,,
35,02/12/2011,0,50.55,3.452,140.4307857,8.745,903606.03,903606.03,0,,,,
35,09/12/2011,0,46.28,3.415,140.4397857,8.745,948964.99,948964.99,0,,,,
35,16/12/2011,0,40.68,3.413,140.4700795,8.745,1115255.65,1115255.65,0,,,,
35,23/12/2011,0,41.59,3.389,140.528765,8.745,1550214.02,1550214.02,0,,,,
35,30/12/2011,1,37.85,3.389,140.5874505,8.745,904650.55,904650.55,0,,,,
35,06/01/2012,0,35.8,3.422,140.6461359,8.744,671708.09,671708.09,0,,,,
35,13/01/2012,0,41.3,3.513,140.7048214,8.744,625135.11,625135.11,0,,,,
35,20/01/2012,0,30.35,3.533,140.8086118,8.744,669850.04,669850.04,0,,,,
35,27/01/2012,0,36.96,3.567,140.9124021,8.744,588722.99,588722.99,0,,,,
35,03/02/2012,0,42.52,3.617,141.0161924,8.744,746901.03,746901.03,0,,,,
35,10/02/2012,1,37.86,3.64,141.1199827,8.744,849779.14,849779.14,0,,,,
35,17/02/2012,0,37.24,3.695,141.2140357,8.744,824568.39,824568.39,0,,,,
35,24/02/2012,0,41.74,3.739,141.3007857,8.744,805028.74,805028.74,0,,,,
35,02/03/2012,0,40.07,3.816,141.3875357,8.744,766571.1,766571.1,0,,,,
35,09/03/2012,0,44.32,3.848,141.4742857,8.744,796351.35,796351.35,0,,,,
35,16/03/2012,0,49.6,3.862,141.55478,8.744,793045.82,793045.82,0,,,,
35,23/03/2012,0,57.3,3.9,141.6269332,8.744,760671.1,793045.82,-32374.72,,,,
35,30/03/2012,0,49.4,3.953,141.6990864,8.744,744525.69,744525.69,0,,,,
35,06/04/2012,0,48.73,3.996,141.7712396,8.876,860293.46,721212.45,139081.01,,,,
35,13/04/2012,0,52.22,4.044,141.8433929,8.876,788633.42,721212.45,67420.97,,,,
35,20/04/2012,0,62.62,4.027,141.9015262,8.876,794660.24,794660.24,0,,,,
35,27/04/2012,0,52.33,4.004,141.9596595,8.876,721212.45,721212.45,0,,,,
35,04/05/2012,0,53.68,3.951,142.0177929,8.876,772036.6,772036.6,0,,,,
35,11/05/2012,0,58.97,3.889,142.0759262,8.876,802383.63,802383.63,0,,,,
35,18/05/2012,0,65.15,3.848,142.0970115,8.876,819196.68,819196.68,0,,,,
35,25/05/2012,0,64.77,3.798,142.1032776,8.876,822167.17,822167.17,0,,,,
35,01/06/2012,0,73.4,3.742,142.1095438,8.876,932195.52,932195.52,0,,,,
35,08/06/2012,0,64.05,3.689,142.1158099,8.876,873415.01,873415.01,0,,,,
35,15/06/2012,0,69.52,3.62,142.1292548,8.876,848289.41,822167.17,26122.24,,,,
35,22/06/2012,0,73.23,3.564,142.1606464,8.876,911696,866216.36,45479.64,,,,
35,29/06/2012,0,73.94,3.506,142.1920381,8.876,892133.41,892133.41,0,,,,
35,06/07/2012,0,82.08,3.475,142.2234298,8.839,985479.64,985479.64,0,,,,
35,13/07/2012,0,78.95,3.523,142.2548214,8.839,825763.48,825763.48,0,,,,
35,20/07/2012,0,78.64,3.567,142.2337569,8.839,841224.74,841224.74,0,,,,
35,27/07/2012,0,76.01,3.647,142.2126924,8.839,808030.15,808030.15,0,,,,
35,03/08/2012,0,75.22,3.654,142.1916279,8.839,866216.36,866216.36,0,,,,
35,10/08/2012,0,78.44,3.722,142.1705634,8.839,888368.8,808030.15,80338.65,,,,
35,17/08/2012,0,76.51,3.807,142.2157385,8.839,887979.47,887979.47,0,,,,
35,24/08/2012,0,72.93,3.834,142.3105933,8.839,895274.72,895274.72,0,,,,
35,31/08/2012,0,75,3.867,142.4054482,8.839,931278.97,931278.97,0,,,,
35,07/09/2012,1,76,3.911,142.500303,8.839,984833.35,984833.35,0,,,,
35,14/09/2012,0,68.72,3.948,142.5938833,8.839,821568.64,821568.64,0,,,,
35,21/09/2012,0,66.1,4.038,142.6798167,8.839,772302.94,821568.64,-49265.7,,,,
35,28/09/2012,0,64.92,3.997,142.76575,8.839,814099.86,814099.86,0,,,,
35,05/10/2012,0,64.5,3.985,142.8516833,8.665,866064.4,866064.4,0,,,,
35,12/10/2012,0,55.4,4,142.9376167,8.665,873643.14,873643.14,0,,,,
35,19/10/2012,0,56.53,3.969,142.8633629,8.665,829284.67,829284.67,0,,,,
35,26/10/2012,0,58.99,3.882,142.7624113,8.665,865137.6,829284.67,35852.93,,,,
36,05/02/2010,0,45.97,2.545,209.8529663,8.554,467546.74,467546.74,0,,,,
36,12/02/2010,1,46.11,2.539,209.9970208,8.554,469563.7,470281.03,-717.33,,,,
36,19/02/2010,0,45.66,2.472,210.0451024,8.554,470281.03,470281.03,0,,,,
36,26/02/2010,0,50.87,2.52,210.0771885,8.554,447519.44,447519.44,0,,,,
36,05/03/2010,0,51.33,2.574,210.1092746,8.554,480203.43,480203.43,0,,,,
36,12/03/2010,0,61.96,2.619,210.1413607,8.554,441434.2,441434.2,0,,,,
36,19/03/2010,0,59.56,2.701,209.9803208,8.554,428851.99,435972.82,-7120.83,,,,
36,26/03/2010,0,55.76,2.711,209.7870932,8.554,404438.51,404438.51,0,,,,
36,02/04/2010,0,63.43,2.708,209.5938656,8.464,435972.82,435972.82,0,,,,
36,09/04/2010,0,68.54,2.743,209.400638,8.464,453016.91,453016.91,0,,,,
36,16/04/2010,0,66.74,2.769,209.2691428,8.464,483699.56,483699.56,0,,,,
36,23/04/2010,0,68.03,2.762,209.2199574,8.464,434116.8,434116.8,0,,,,
36,30/04/2010,0,70.9,2.725,209.170772,8.464,457899.64,457899.64,0,,,,
36,07/05/2010,0,75.56,2.786,209.1215867,8.464,489372.02,489372.02,0,,,,
36,14/05/2010,0,77.53,2.805,209.118536,8.464,476733.74,359310.65,117423.09,,,,
36,21/05/2010,0,77.34,2.767,209.3922937,8.464,474917.98,474917.98,0,,,,
36,28/05/2010,0,80.87,2.716,209.6660514,8.464,447050.42,447050.42,0,,,,
36,04/06/2010,0,79.93,2.664,209.9398091,8.464,471088.88,471088.88,0,,,,
36,11/06/2010,0,82.3,2.615,210.2135668,8.464,467711.18,432451.91,35259.27,,,,
36,18/06/2010,0,84.37,2.572,210.2108417,8.464,485694.72,485694.72,0,,,,
36,25/06/2010,0,84.14,2.601,210.0975233,8.464,434879.87,434879.87,0,,,,
36,02/07/2010,0,81.85,2.606,209.984205,8.36,434252.15,434252.15,0,,,,
36,09/07/2010,0,81.74,2.596,209.8708867,8.36,471713.59,471713.59,0,,,,
36,16/07/2010,0,84.43,2.561,209.8630532,8.36,466962.04,480203.43,-13241.39,,,,
36,23/07/2010,0,82.6,2.542,209.9958663,8.36,452021.2,452021.2,0,,,,
36,30/07/2010,0,81.88,2.602,210.1286794,8.36,432451.91,432451.91,0,,,,
36,06/08/2010,0,85.49,2.573,210.2614925,8.36,467442.94,485694.72,-18251.78,,,,
36,13/08/2010,0,86.06,2.644,210.3943056,8.36,470436.8,470436.8,0,,,,
36,20/08/2010,0,85.54,2.604,210.3617581,8.36,437949.9,437949.9,0,,,,
36,27/08/2010,0,84.62,2.562,210.3292106,8.36,412050.73,412050.73,0,,,,
36,03/09/2010,0,82.29,2.533,210.2966631,8.36,431294.45,452021.2,-20726.75,,,,
36,10/09/2010,1,80.58,2.513,210.2641156,8.36,434471.38,434471.38,0,,,,
36,17/09/2010,0,82.1,2.55,210.2924504,8.36,454694.21,454694.21,0,,,,
36,24/09/2010,0,79.17,2.578,210.3664469,8.36,419348.59,419348.59,0,,,,
36,01/10/2010,0,74.66,2.567,210.4404433,8.476,422169.47,422169.47,0,,,,
36,08/10/2010,0,66.34,2.595,210.5144398,8.476,444351.61,424956.3,19395.31,,,,
36,15/10/2010,0,71.57,2.705,210.5805944,8.476,453308.15,453308.15,0,,,,
36,22/10/2010,0,72.24,2.698,210.6271444,8.476,424956.3,424956.3,0,,,,
36,29/10/2010,0,76.22,2.68,210.6736944,8.476,392654.26,392654.26,0,,,,
36,05/11/2010,0,62.72,2.655,210.7202444,8.476,405860.37,405860.37,0,,,,
36,12/11/2010,0,61.97,2.705,210.7667944,8.476,425804.8,425804.8,0,,,,
36,19/11/2010,0,56.73,2.741,210.65429,8.476,411615.71,360266.09,51349.62,,,,
36,26/11/2010,1,67.73,2.725,210.5152765,8.476,408891.49,453308.15,-44416.66,,,,
36,03/12/2010,0,54.44,2.694,210.376263,8.476,360266.09,360266.09,0,,,,
36,10/12/2010,0,51.83,2.813,210.2372494,8.476,404545.03,404545.03,0,,,,
36,17/12/2010,0,56.73,2.852,210.1787224,8.476,410214.7,359310.65,50904.05,,,,
36,24/12/2010,0,59.1,2.863,210.1805602,8.476,422093.59,359310.65,62782.94,,,,
36,31/12/2010,1,52.88,2.949,210.182398,8.476,359310.65,359310.65,0,,,,
36,07/01/2011,0,54.11,2.942,210.1842358,8.395,384659.85,384659.85,0,,,,
36,14/01/2011,0,42.87,2.971,210.2379731,8.395,410497.73,410497.73,0,,,,
36,21/01/2011,0,51.18,2.98,210.6031072,8.395,399191.05,399191.05,0,,,,
36,28/01/2011,0,48.74,2.995,210.9682412,8.395,372174.12,372174.12,0,,,,
36,04/02/2011,0,46.68,2.98,211.3333753,8.395,417521.7,417521.7,0,,,,
36,11/02/2011,1,41.16,3.009,211.6985093,8.395,401501.2,401501.2,0,,,,
36,18/02/2011,0,57.48,3.017,212.0063522,8.395,427175.03,427175.03,0,,,,
36,25/02/2011,0,67.73,3.053,212.2912786,8.395,380279.44,380279.44,0,,,,
36,04/03/2011,0,64.55,3.282,212.576205,8.395,402579.84,407506.78,-4926.94,,,,
36,11/03/2011,0,59.15,3.448,212.8611313,8.395,407506.78,407506.78,0,,,,
36,18/03/2011,0,64.9,3.487,213.1096787,8.395,431412.22,431412.22,0,,,,
36,25/03/2011,0,71.07,3.488,213.3436744,8.395,390732.02,390732.02,0,,,,
36,01/04/2011,0,67.31,3.529,213.5776701,8.3,385672.11,385672.11,0,,,,
36,08/04/2011,0,69.39,3.645,213.8116658,8.3,428727.61,376183.44,52544.17,,,,
36,15/04/2011,0,73.25,3.763,214.026217,8.3,414986.54,414986.54,0,,,,
36,22/04/2011,0,74.57,3.805,214.1921572,8.3,374574.72,414986.54,-40411.82,,,,
36,29/04/2011,0,76.1,3.837,214.3580974,8.3,340708.78,340708.78,0,,,,
36,06/05/2011,0,69.56,3.917,214.5240376,8.3,393401.4,393401.4,0,,,,
36,13/05/2011,0,76.73,3.92,214.6899778,8.3,395316.65,395316.65,0,,,,
36,20/05/2011,0,73.02,3.925,214.465412,8.3,376183.44,376183.44,0,,,,
36,27/05/2011,0,81.28,3.786,214.2408462,8.3,348655.2,348655.2,0,,,,
36,03/06/2011,0,82.96,3.69,214.0162805,8.3,373703.95,373703.95,0,,,,
36,10/06/2011,0,82.41,3.633,213.7917147,8.3,374182.04,360009.94,14172.1,,,,
36,17/06/2011,0,84.43,3.599,213.7481256,8.3,394645.25,360009.94,34635.31,,,,
36,24/06/2011,0,83.95,3.569,213.8402689,8.3,360009.94,360009.94,0,,,,
36,01/07/2011,0,85.33,3.502,213.9324122,8.177,354270.77,354270.77,0,,,,
36,08/07/2011,0,84.71,3.44,214.0245556,8.177,377464.62,377464.62,0,,,,
36,15/07/2011,0,85.63,3.55,214.1083654,8.177,385631.48,377464.62,8166.86,,,,
36,22/07/2011,0,83.31,3.637,214.1713416,8.177,361311.41,354361.08,6950.33,,,,
36,29/07/2011,0,84.99,3.66,214.2343177,8.177,354361.08,354361.08,0,,,,
36,05/08/2011,0,86.71,3.652,214.2972939,8.177,381017.75,381017.75,0,,,,
36,12/08/2011,0,87.64,3.608,214.3602701,8.177,380188.69,380188.69,0,,,,
36,19/08/2011,0,87.24,3.534,214.4239935,8.177,373267.58,373267.58,0,,,,
36,26/08/2011,0,86.02,3.501,214.4878416,8.177,344964.2,344964.2,0,,,,
36,02/09/2011,0,87.5,3.481,214.5516896,8.177,350276.29,373267.58,-22991.29,,,,
36,09/09/2011,1,77.94,3.499,214.6155376,8.177,352960.64,352960.64,0,,,,
36,16/09/2011,0,82.06,3.473,214.7934111,8.177,343108.12,343108.12,0,,,,
36,23/09/2011,0,78.35,3.441,215.1233185,8.177,322405.13,322405.13,0,,,,
36,30/09/2011,0,81.52,3.328,215.4532259,8.177,314910.37,314910.37,0,,,,
36,07/10/2011,0,71.2,3.262,215.7831333,7.716,346137.87,346137.87,0,,,,
36,14/10/2011,0,74.16,3.234,216.0885258,7.716,342076.99,342076.99,0,,,,
36,21/10/2011,0,67.89,3.308,216.2468287,7.716,328633.34,328633.34,0,,,,
36,28/10/2011,0,71.31,3.306,216.4051315,7.716,306193.81,314910.37,-8716.56,,,,
36,04/11/2011,0,58.97,3.287,216.5634344,7.716,313387.11,313387.11,0,,,,
36,11/11/2011,0,63.5,3.254,216.7217373,7.716,328498.92,328498.92,0,,,,
36,18/11/2011,0,66.28,3.26,216.9395861,7.716,332901.94,332901.94,0,,,,
36,25/11/2011,1,66.41,3.181,217.1812533,7.716,332811.55,332811.55,0,,,,
36,02/12/2011,0,53.57,3.164,217.4229206,7.716,293350.51,312298.37,-18947.86,,,,
36,09/12/2011,0,50.64,3.147,217.6645878,7.716,312298.37,312298.37,0,,,,
36,16/12/2011,0,58.31,3.133,217.8781339,7.716,341503.92,341503.92,0,,,,
36,23/12/2011,0,55.41,3.098,218.0541851,7.716,325262.46,325262.46,0,,,,
36,30/12/2011,1,48.26,3.132,218.2302364,7.716,287425.22,287425.22,0,,,,
36,06/01/2012,0,57.18,3.129,218.4062876,7.244,329467.82,325976.34,3491.48,,,,
36,13/01/2012,0,56.28,3.254,218.5823389,7.244,325976.34,325976.34,0,,,,
36,20/01/2012,0,58.9,3.275,218.6755292,7.244,330927.21,330927.21,0,,,,
36,27/01/2012,0,62.73,3.313,218.7687195,7.244,301444.94,315396.72,-13951.78,,,,
36,03/02/2012,0,61.33,3.421,218.8619099,7.244,310982.87,310982.87,0,,,,
36,10/02/2012,1,54.49,3.462,218.9551002,7.244,335741.9,335741.9,0,,,,
36,17/02/2012,0,54.38,3.503,219.1148297,7.244,326316.73,326316.73,0,,,,
36,24/02/2012,0,62.21,3.55,219.3244636,7.244,313270.45,313270.45,0,,,,
36,02/03/2012,0,64.54,3.619,219.5340975,7.244,315396.72,315396.72,0,,,,
36,09/03/2012,0,63.19,3.647,219.7437314,7.244,318674.93,318674.93,0,,,,
36,16/03/2012,0,67.48,3.779,219.8956335,7.244,335345.82,335345.82,0,,,,
36,23/03/2012,0,69.18,3.845,219.9705599,7.244,317872.51,317872.51,0,,,,
36,30/03/2012,0,70.48,3.891,220.0454862,7.244,304144.9,304144.9,0,,,,
36,06/04/2012,0,73.95,3.934,220.1204125,6.989,331026.11,331026.11,0,,,,
36,13/04/2012,0,72.54,3.919,220.1953389,6.989,339407.94,339407.94,0,,,,
36,20/04/2012,0,70.87,3.918,220.2483937,6.989,323915.32,323915.32,0,,,,
36,27/04/2012,0,70.06,3.888,220.3014485,6.989,308389.82,308389.82,0,,,,
36,04/05/2012,0,77.17,3.835,220.3545033,6.989,312467.52,324801.13,-12333.61,,,,
36,11/05/2012,0,76.55,3.764,220.4075581,6.989,330518.34,324801.13,5717.21,,,,
36,18/05/2012,0,73.7,3.713,220.4252149,6.989,324801.13,324801.13,0,,,,
36,25/05/2012,0,78.94,3.636,220.4287124,6.989,306098.17,306098.17,0,,,,
36,01/06/2012,0,80.74,3.567,220.4322099,6.989,306005.53,306005.53,0,,,,
36,08/06/2012,0,81.5,3.513,220.4357073,6.989,338273.38,338273.38,0,,,,
36,15/06/2012,0,82.15,3.407,220.4494148,6.989,333146.88,333146.88,0,,,,
36,22/06/2012,0,80.4,3.358,220.4886472,6.989,306411.01,306411.01,0,,,,
36,29/06/2012,0,86.68,3.273,220.5278796,6.989,291530.43,291530.43,0,,,,
36,06/07/2012,0,81.52,3.232,220.567112,6.623,306578.89,298337.41,8241.48,,,,
36,13/07/2012,0,78.15,3.245,220.6063444,6.623,298337.41,298337.41,0,,,,
36,20/07/2012,0,81.76,3.301,220.6148749,6.623,303289.55,303289.55,0,,,,
36,27/07/2012,0,84,3.392,220.6234054,6.623,279643.43,303289.55,-23646.12,,,,
36,03/08/2012,0,85.56,3.404,220.6319358,6.623,304989.97,291530.43,13459.54,,,,
36,10/08/2012,0,84.41,3.49,220.6404663,6.623,298947.51,298947.51,0,,,,
36,17/08/2012,0,85.89,3.571,220.7199609,6.623,314607.22,314607.22,0,,,,
36,24/08/2012,0,81.26,3.574,220.8526787,6.623,282545.55,282545.55,0,,,,
36,31/08/2012,0,84.79,3.608,220.9853964,6.623,282647.48,282647.48,0,,,,
36,07/09/2012,1,84.19,3.697,221.1181142,6.623,293728.57,293728.57,0,,,,
36,14/09/2012,0,78.16,3.692,221.2601207,6.623,301893.63,301893.63,0,,,,
36,21/09/2012,0,75.98,3.709,221.4578604,6.623,293804.45,293804.45,0,,,,
36,28/09/2012,0,79.49,3.66,221.6556,6.623,270677.98,270677.98,0,,,,
36,05/10/2012,0,73.57,3.611,221.8533396,6.228,277137.86,277137.86,0,,,,
36,12/10/2012,0,71.28,3.576,222.0510793,6.228,300236.85,300236.85,0,,,,
36,19/10/2012,0,74.06,3.57,222.0951719,6.228,287360.05,277137.86,10222.19,,,,
36,26/10/2012,0,74.39,3.494,222.1136566,6.228,272489.41,277137.86,-4648.45,,,,
37,05/02/2010,0,45.97,2.572,209.8529663,8.554,536006.73,536006.73,0,,,,
37,12/02/2010,1,46.11,2.548,209.9970208,8.554,529852.7,529852.7,0,,,,
37,19/02/2010,0,45.66,2.514,210.0451024,8.554,510382.5,510382.5,0,,,,
37,26/02/2010,0,50.87,2.561,210.0771885,8.554,513615.82,513615.82,0,,,,
37,05/03/2010,0,51.33,2.625,210.1092746,8.554,519255.68,519255.68,0,,,,
37,12/03/2010,0,61.96,2.667,210.1413607,8.554,513015.35,513015.35,0,,,,
37,19/03/2010,0,59.56,2.72,209.9803208,8.554,460020.74,498925.86,-38905.12,,,,
37,26/03/2010,0,55.76,2.732,209.7870932,8.554,515777.97,515777.97,0,,,,
37,02/04/2010,0,63.43,2.719,209.5938656,8.464,540189.7,540189.7,0,,,,
37,09/04/2010,0,68.54,2.77,209.400638,8.464,513327.55,513327.55,0,,,,
37,16/04/2010,0,66.74,2.808,209.2691428,8.464,524544.83,513327.55,11217.28,,,,
37,23/04/2010,0,68.03,2.795,209.2199574,8.464,527019.78,513327.55,13692.23,,,,
37,30/04/2010,0,70.9,2.78,209.170772,8.464,517850.83,517850.83,0,,,,
37,07/05/2010,0,75.56,2.835,209.1215867,8.464,543234.77,543234.77,0,,,,
37,14/05/2010,0,77.53,2.854,209.118536,8.464,505196.08,505196.08,0,,,,
37,21/05/2010,0,77.34,2.826,209.3922937,8.464,510494.7,510494.7,0,,,,
37,28/05/2010,0,80.87,2.759,209.6660514,8.464,532241.22,532241.22,0,,,,
37,04/06/2010,0,79.93,2.705,209.9398091,8.464,479195.02,479195.02,0,,,,
37,11/06/2010,0,82.3,2.668,210.2135668,8.464,481915.11,485419.39,-3504.28,,,,
37,18/06/2010,0,84.37,2.637,210.2108417,8.464,505761.62,505761.62,0,,,,
37,25/06/2010,0,84.14,2.653,210.0975233,8.464,485419.39,485419.39,0,,,,
37,02/07/2010,0,81.85,2.669,209.984205,8.36,498292.53,498292.53,0,,,,
37,09/07/2010,0,81.74,2.642,209.8708867,8.36,502456.04,502456.04,0,,,,
37,16/07/2010,0,84.43,2.623,209.8630532,8.36,485150.01,491998.12,-6848.11,,,,
37,23/07/2010,0,82.6,2.608,209.9958663,8.36,491998.12,491998.12,0,,,,
37,30/07/2010,0,81.88,2.64,210.1286794,8.36,487912.95,487912.95,0,,,,
37,06/08/2010,0,85.49,2.627,210.2614925,8.36,508576.62,508576.62,0,,,,
37,13/08/2010,0,86.06,2.692,210.3943056,8.36,491815.83,491815.83,0,,,,
37,20/08/2010,0,85.54,2.664,210.3617581,8.36,486930.72,486930.72,0,,,,
37,27/08/2010,0,84.62,2.619,210.3292106,8.36,512157.25,512157.25,0,,,,
37,03/09/2010,0,82.29,2.577,210.2966631,8.36,510427.53,512157.25,-1729.72,,,,
37,10/09/2010,1,80.58,2.565,210.2641156,8.36,510296.07,510296.07,0,,,,
37,17/09/2010,0,82.1,2.582,210.2924504,8.36,501251.4,512157.25,-10905.85,,,,
37,24/09/2010,0,79.17,2.624,210.3664469,8.36,494265.48,494265.48,0,,,,
37,01/10/2010,0,74.66,2.603,210.4404433,8.476,529877.93,529877.93,0,,,,
37,08/10/2010,0,66.34,2.633,210.5144398,8.476,524483.65,524483.65,0,,,,
37,15/10/2010,0,71.57,2.72,210.5805944,8.476,498925.86,498925.86,0,,,,
37,22/10/2010,0,72.24,2.725,210.6271444,8.476,510425.4,510425.4,0,,,,
37,29/10/2010,0,76.22,2.716,210.6736944,8.476,514485.9,514485.9,0,,,,
37,05/11/2010,0,62.72,2.689,210.7202444,8.476,539683.42,539683.42,0,,,,
37,12/11/2010,0,61.97,2.728,210.7667944,8.476,517546.69,517546.69,0,,,,
37,19/11/2010,0,56.73,2.771,210.65429,8.476,518124.16,518124.16,0,,,,
37,26/11/2010,1,67.73,2.735,210.5152765,8.476,518220.72,518220.72,0,,,,
37,03/12/2010,0,54.44,2.708,210.376263,8.476,508213.14,508213.14,0,,,,
37,10/12/2010,0,51.83,2.843,210.2372494,8.476,511207.52,525616.9,-14409.38,,,,
37,17/12/2010,0,56.73,2.869,210.1787224,8.476,534285.21,576809.92,-42524.71,,,,
37,24/12/2010,0,59.1,2.886,210.1805602,8.476,576809.92,576809.92,0,,,,
37,31/12/2010,1,52.88,2.943,210.182398,8.476,460331.7,460331.7,0,,,,
37,07/01/2011,0,54.11,2.976,210.1842358,8.395,542464.02,542464.02,0,,,,
37,14/01/2011,0,42.87,2.983,210.2379731,8.395,525616.9,525616.9,0,,,,
37,21/01/2011,0,51.18,3.016,210.6031072,8.395,526486.82,526486.82,0,,,,
37,28/01/2011,0,48.74,3.01,210.9682412,8.395,513672.36,513672.36,0,,,,
37,04/02/2011,0,46.68,2.989,211.3333753,8.395,583835.18,583835.18,0,,,,
37,11/02/2011,1,41.16,3.022,211.6985093,8.395,522514.32,522514.32,0,,,,
37,18/02/2011,0,57.48,3.045,212.0063522,8.395,536840.69,536840.69,0,,,,
37,25/02/2011,0,67.73,3.065,212.2912786,8.395,514758.19,514758.19,0,,,,
37,04/03/2011,0,64.55,3.288,212.576205,8.395,527572.25,527572.25,0,,,,
37,11/03/2011,0,59.15,3.459,212.8611313,8.395,505610.4,505610.4,0,,,,
37,18/03/2011,0,64.9,3.488,213.1096787,8.395,478503.06,478503.06,0,,,,
37,25/03/2011,0,71.07,3.473,213.3436744,8.395,522105.93,522105.93,0,,,,
37,01/04/2011,0,67.31,3.524,213.5776701,8.3,534578.78,534578.78,0,,,,
37,08/04/2011,0,69.39,3.622,213.8116658,8.3,543703.16,534578.78,9124.38,,,,
37,15/04/2011,0,73.25,3.743,214.026217,8.3,543775.87,543775.87,0,,,,
37,22/04/2011,0,74.57,3.807,214.1921572,8.3,526434.37,526434.37,0,,,,
37,29/04/2011,0,76.1,3.81,214.3580974,8.3,502918.18,502918.18,0,,,,
37,06/05/2011,0,69.56,3.906,214.5240376,8.3,547513.3,547513.3,0,,,,
37,13/05/2011,0,76.73,3.899,214.6899778,8.3,511871.63,511871.63,0,,,,
37,20/05/2011,0,73.02,3.907,214.465412,8.3,533564.42,547513.3,-13948.88,,,,
37,27/05/2011,0,81.28,3.786,214.2408462,8.3,507086.75,507086.75,0,,,,
37,03/06/2011,0,82.96,3.699,214.0162805,8.3,500381.23,500381.23,0,,,,
37,10/06/2011,0,82.41,3.648,213.7917147,8.3,509647.25,509647.25,0,,,,
37,17/06/2011,0,84.43,3.637,213.7481256,8.3,525132.36,525132.36,0,,,,
37,24/06/2011,0,83.95,3.594,213.8402689,8.3,509276.22,509276.22,0,,,,
37,01/07/2011,0,85.33,3.524,213.9324122,8.177,517021.3,517021.3,0,,,,
37,08/07/2011,0,84.71,3.48,214.0245556,8.177,489059.93,489059.93,0,,,,
37,15/07/2011,0,85.63,3.575,214.1083654,8.177,498749.62,498749.62,0,,,,
37,22/07/2011,0,83.31,3.651,214.1713416,8.177,505543.53,505543.53,0,,,,
37,29/07/2011,0,84.99,3.682,214.2343177,8.177,504974.95,510787.46,-5812.51,,,,
37,05/08/2011,0,86.71,3.684,214.2972939,8.177,510787.46,510787.46,0,,,,
37,12/08/2011,0,87.64,3.638,214.3602701,8.177,502504.39,502504.39,0,,,,
37,19/08/2011,0,87.24,3.554,214.4239935,8.177,506897.98,506897.98,0,,,,
37,26/08/2011,0,86.02,3.523,214.4878416,8.177,527947.21,506897.98,21049.23,,,,
37,02/09/2011,0,87.5,3.533,214.5516896,8.177,530367.83,530367.83,0,,,,
37,09/09/2011,1,77.94,3.546,214.6155376,8.177,506273.74,516556.94,-10283.2,,,,
37,16/09/2011,0,82.06,3.526,214.7934111,8.177,513341.94,513341.94,0,,,,
37,23/09/2011,0,78.35,3.467,215.1233185,8.177,516556.94,516556.94,0,,,,
37,30/09/2011,0,81.52,3.355,215.4532259,8.177,516402.1,516402.1,0,,,,
37,07/10/2011,0,71.2,3.285,215.7831333,7.716,522816.85,522816.85,0,,,,
37,14/10/2011,0,74.16,3.274,216.0885258,7.716,513636.01,513636.01,0,,,,
37,21/10/2011,0,67.89,3.353,216.2468287,7.716,522784.33,522784.33,0,,,,
37,28/10/2011,0,71.31,3.372,216.4051315,7.716,517355.44,517355.44,0,,,,
37,04/11/2011,0,58.97,3.332,216.5634344,7.716,555925.6,555925.6,0,,,,
37,11/11/2011,0,63.5,3.297,216.7217373,7.716,501268.78,527495.09,-26226.31,,,,
37,18/11/2011,0,66.28,3.308,216.9395861,7.716,527495.09,527495.09,0,,,,
37,25/11/2011,1,66.41,3.236,217.1812533,7.716,522554.04,522554.04,0,,,,
37,02/12/2011,0,53.57,3.172,217.4229206,7.716,527117.81,527117.81,0,,,,
37,09/12/2011,0,50.64,3.158,217.6645878,7.716,537224.52,537224.52,0,,,,
37,16/12/2011,0,58.31,3.159,217.8781339,7.716,533905.67,533905.67,0,,,,
37,23/12/2011,0,55.41,3.112,218.0541851,7.716,605791.46,605791.46,0,,,,
37,30/12/2011,1,48.26,3.129,218.2302364,7.716,451327.61,451327.61,0,,,,
37,06/01/2012,0,57.18,3.157,218.4062876,7.244,558343.57,558343.57,0,,,,
37,13/01/2012,0,56.28,3.261,218.5823389,7.244,546221.4,605791.46,-59570.06,,,,
37,20/01/2012,0,58.9,3.268,218.6755292,7.244,543894.07,543894.07,0,,,,
37,27/01/2012,0,62.73,3.29,218.7687195,7.244,514116.58,514116.58,0,,,,
37,03/02/2012,0,61.33,3.36,218.8619099,7.244,555424.24,555424.24,0,,,,
37,10/02/2012,1,54.49,3.409,218.9551002,7.244,527041.46,527041.46,0,,,,
37,17/02/2012,0,54.38,3.51,219.1148297,7.244,541071.29,541071.29,0,,,,
37,24/02/2012,0,62.21,3.555,219.3244636,7.244,518696.89,535937.25,-17240.36,,,,
37,02/03/2012,0,64.54,3.63,219.5340975,7.244,525559.17,525559.17,0,,,,
37,09/03/2012,0,63.19,3.669,219.7437314,7.244,535937.25,535937.25,0,,,,
37,16/03/2012,0,67.48,3.734,219.8956335,7.244,484588.34,484588.34,0,,,,
37,23/03/2012,0,69.18,3.787,219.9705599,7.244,520887.23,520887.23,0,,,,
37,30/03/2012,0,70.48,3.845,220.0454862,7.244,533734.94,533734.94,0,,,,
37,06/04/2012,0,73.95,3.891,220.1204125,6.989,564848.78,564848.78,0,,,,
37,13/04/2012,0,72.54,3.891,220.1953389,6.989,506973.17,506973.17,0,,,,
37,20/04/2012,0,70.87,3.877,220.2483937,6.989,523483.19,523483.19,0,,,,
37,27/04/2012,0,70.06,3.814,220.3014485,6.989,528807.45,528807.45,0,,,,
37,04/05/2012,0,77.17,3.749,220.3545033,6.989,535311.64,535311.64,0,,,,
37,11/05/2012,0,76.55,3.688,220.4075581,6.989,527983.04,527983.04,0,,,,
37,18/05/2012,0,73.7,3.63,220.4252149,6.989,534847.96,564848.78,-30000.82,,,,
37,25/05/2012,0,78.94,3.561,220.4287124,6.989,540625.79,540625.79,0,,,,
37,01/06/2012,0,80.74,3.501,220.4322099,6.989,531811.85,528940.78,2871.07,,,,
37,08/06/2012,0,81.5,3.452,220.4357073,6.989,528940.78,528940.78,0,,,,
37,15/06/2012,0,82.15,3.393,220.4494148,6.989,508573.16,514489.17,-5916.01,,,,
37,22/06/2012,0,80.4,3.346,220.4886472,6.989,484032.75,484032.75,0,,,,
37,29/06/2012,0,86.68,3.286,220.5278796,6.989,508309.81,508309.81,0,,,,
37,06/07/2012,0,81.52,3.227,220.567112,6.623,519498.32,506005.47,13492.85,,,,
37,13/07/2012,0,78.15,3.256,220.6063444,6.623,506005.47,506005.47,0,,,,
37,20/07/2012,0,81.76,3.311,220.6148749,6.623,503744.56,503744.56,0,,,,
37,27/07/2012,0,84,3.407,220.6234054,6.623,514489.17,514489.17,0,,,,
37,03/08/2012,0,85.56,3.417,220.6319358,6.623,521959.28,521959.28,0,,,,
37,10/08/2012,0,84.41,3.494,220.6404663,6.623,500964.59,509633.71,-8669.12,,,,
37,17/08/2012,0,85.89,3.571,220.7199609,6.623,509633.71,509633.71,0,,,,
37,24/08/2012,0,81.26,3.62,220.8526787,6.623,522665.04,522665.04,0,,,,
37,31/08/2012,0,84.79,3.638,220.9853964,6.623,538344.1,538344.1,0,,,,
37,07/09/2012,1,84.19,3.73,221.1181142,6.623,526838.14,526838.14,0,,,,
37,14/09/2012,0,78.16,3.717,221.2601207,6.623,514651.74,522665.04,-8013.3,,,,
37,21/09/2012,0,75.98,3.721,221.4578604,6.623,521320.98,521320.98,0,,,,
37,28/09/2012,0,79.49,3.666,221.6556,6.623,527953.14,522665.04,5288.1,,,,
37,05/10/2012,0,73.57,3.617,221.8533396,6.228,546122.37,546122.37,0,,,,
37,12/10/2012,0,71.28,3.601,222.0510793,6.228,521810.75,521810.75,0,,,,
37,19/10/2012,0,74.06,3.594,222.0951719,6.228,551969.1,551969.1,0,,,,
37,26/10/2012,0,74.39,3.506,222.1136566,6.228,534738.43,534738.43,0,,,,
38,05/02/2010,0,49.47,2.962,126.4420645,13.975,358496.14,372239.89,-13743.75,,,,
38,12/02/2010,1,47.87,2.946,126.4962581,13.975,342214.9,372239.89,-30024.99,,,,
38,19/02/2010,0,54.83,2.915,126.5262857,13.975,327237.92,327237.92,0,,,,
38,26/02/2010,0,50.23,2.825,126.5522857,13.975,334222.73,334222.73,0,,,,
38,05/03/2010,0,53.77,2.987,126.5782857,13.975,372239.89,372239.89,0,,,,
38,12/03/2010,0,50.11,2.925,126.6042857,13.975,342023.92,342023.92,0,,,,
38,19/03/2010,0,59.57,3.054,126.6066452,13.975,333025.47,333025.47,0,,,,
38,26/03/2010,0,60.06,3.083,126.6050645,13.975,335858.11,335858.11,0,,,,
38,02/04/2010,0,59.84,3.086,126.6034839,14.099,368929.55,368929.55,0,,,,
38,09/04/2010,0,59.25,3.09,126.6019032,14.099,341630.46,341630.46,0,,,,
38,16/04/2010,0,64.95,3.109,126.5621,14.099,337723.49,337979.65,-256.16,,,,
38,23/04/2010,0,64.55,3.05,126.4713333,14.099,335121.82,335121.82,0,,,,
38,30/04/2010,0,67.38,3.105,126.3805667,14.099,337979.65,337979.65,0,,,,
38,07/05/2010,0,70.15,3.127,126.2898,14.099,383657.44,383657.44,0,,,,
38,14/05/2010,0,68.44,3.145,126.2085484,14.099,346174.3,346174.3,0,,,,
38,21/05/2010,0,76.2,3.12,126.1843871,14.099,340497.08,340497.08,0,,,,
38,28/05/2010,0,67.84,3.058,126.1602258,14.099,326469.43,326469.43,0,,,,
38,04/06/2010,0,81.39,2.941,126.1360645,14.099,376184.88,376184.88,0,,,,
38,11/06/2010,0,90.84,2.949,126.1119032,14.099,354828.65,354828.65,0,,,,
38,18/06/2010,0,81.06,3.043,126.114,14.099,335691.85,335691.85,0,,,,
38,25/06/2010,0,87.27,3.084,126.1266,14.099,322046.76,326469.43,-4422.67,,,,
38,02/07/2010,0,91.98,3.105,126.1392,14.18,361181.48,361181.48,0,,,,
38,09/07/2010,0,90.37,3.1,126.1518,14.18,343850.34,343850.34,0,,,,
38,16/07/2010,0,97.18,3.094,126.1498065,14.18,338277.71,328336.85,9940.86,,,,
38,23/07/2010,0,99.22,3.112,126.1283548,14.18,328336.85,328336.85,0,,,,
38,30/07/2010,0,96.31,3.017,126.1069032,14.18,336378.38,336378.38,0,,,,
38,06/08/2010,0,92.95,3.123,126.0854516,14.18,378574.44,322868.56,55705.88,,,,
38,13/08/2010,0,87.01,3.159,126.064,14.18,341400.72,341400.72,0,,,,
38,20/08/2010,0,92.81,3.041,126.0766452,14.18,329139.73,329139.73,0,,,,
38,27/08/2010,0,93.19,3.129,126.0892903,14.18,322868.56,322868.56,0,,,,
38,03/09/2010,0,83.12,3.087,126.1019355,14.18,377096.55,377096.55,0,,,,
38,10/09/2010,1,83.63,3.044,126.1145806,14.18,336227.69,336227.69,0,,,,
38,17/09/2010,0,82.45,3.028,126.1454667,14.18,336253.19,336253.19,0,,,,
38,24/09/2010,0,81.77,2.939,126.1900333,14.18,330604.9,376184.88,-45579.98,,,,
38,01/10/2010,0,85.2,3.001,126.2346,14.313,360256.58,360256.58,0,,,,
38,08/10/2010,0,71.82,3.013,126.2791667,14.313,351271.36,351271.36,0,,,,
38,15/10/2010,0,75,2.976,126.3266774,14.313,337743.26,337743.26,0,,,,
38,22/10/2010,0,68.85,3.014,126.3815484,14.313,339042.18,339042.18,0,,,,
38,29/10/2010,0,61.09,3.016,126.4364194,14.313,341219.63,341219.63,0,,,,
38,05/11/2010,0,65.49,3.129,126.4912903,14.313,380870.09,380870.09,0,,,,
38,12/11/2010,0,57.79,3.13,126.5461613,14.313,340147.2,340147.2,0,,,,
38,19/11/2010,0,58.18,3.161,126.6072,14.313,348593.99,348593.99,0,,,,
38,26/11/2010,1,47.66,3.162,126.6692667,14.313,360857.98,355965.23,4892.75,,,,
38,03/12/2010,0,43.33,3.041,126.7313333,14.313,351925.36,351925.36,0,,,,
38,10/12/2010,0,50.01,3.203,126.7934,14.313,355965.23,355965.23,0,,,,
38,17/12/2010,0,52.77,3.236,126.8794839,14.313,334441.15,334441.15,0,,,,
38,24/12/2010,0,52.02,3.236,126.9835806,14.313,369106.72,369106.72,0,,,,
38,31/12/2010,1,45.64,3.148,127.0876774,14.313,303908.81,303908.81,0,,,,
38,07/01/2011,0,37.64,3.287,127.1917742,14.021,386344.54,386344.54,0,,,,
38,14/01/2011,0,43.15,3.312,127.3009355,14.021,356138.79,356138.79,0,,,,
38,21/01/2011,0,53.53,3.223,127.4404839,14.021,341098.08,364606.7,-23508.62,,,,
38,28/01/2011,0,50.74,3.342,127.5800323,14.021,357557.16,357557.16,0,,,,
38,04/02/2011,0,45.14,3.348,127.7195806,14.021,402341.76,402341.76,0,,,,
38,11/02/2011,1,51.3,3.381,127.859129,14.021,377672.46,377672.46,0,,,,
38,18/02/2011,0,53.35,3.43,127.99525,14.021,364606.7,364606.7,0,,,,
38,25/02/2011,0,48.45,3.53,128.13,14.021,354232.34,354232.34,0,,,,
38,04/03/2011,0,51.72,3.674,128.26475,14.021,405429.43,357557.16,47872.27,,,,
38,11/03/2011,0,57.75,3.818,128.3995,14.021,357897.18,357897.18,0,,,,
38,18/03/2011,0,64.21,3.692,128.5121935,14.021,349459.95,382098.13,-32638.18,,,,
38,25/03/2011,0,54.4,3.909,128.6160645,14.021,351541.62,351541.62,0,,,,
38,01/04/2011,0,63.63,3.772,128.7199355,13.736,382098.13,382098.13,0,,,,
38,08/04/2011,0,64.47,4.003,128.8238065,13.736,392152.3,392152.3,0,,,,
38,15/04/2011,0,57.63,3.868,128.9107333,13.736,362758.94,362758.94,0,,,,
38,22/04/2011,0,72.12,4.134,128.9553,13.736,362952.34,362952.34,0,,,,
38,29/04/2011,0,68.27,4.151,128.9998667,13.736,344225.99,344225.99,0,,,,
38,06/05/2011,0,68.4,4.193,129.0444333,13.736,422186.65,422186.65,0,,,,
38,13/05/2011,0,70.93,4.202,129.089,13.736,366977.79,366977.79,0,,,,
38,20/05/2011,0,66.59,4.169,129.0756774,13.736,365730.76,365730.76,0,,,,
38,27/05/2011,0,76.67,4.087,129.0623548,13.736,356886.1,356886.1,0,,,,
38,03/06/2011,0,71.81,4.031,129.0490323,13.736,396826.06,396826.06,0,,,,
38,10/06/2011,0,78.72,3.981,129.0357097,13.736,381763.02,356797,24966.02,,,,
38,17/06/2011,0,86.84,3.935,129.0432,13.736,356797,356797,0,,,,
38,24/06/2011,0,88.95,3.898,129.0663,13.736,354078.95,354078.95,0,,,,
38,01/07/2011,0,89.85,3.842,129.0894,13.503,387334.04,387334.04,0,,,,
38,08/07/2011,0,89.9,3.705,129.1125,13.503,399699.17,399699.17,0,,,,
38,15/07/2011,0,88.1,3.692,129.1338387,13.503,367181.71,399699.17,-32517.46,,,,
38,22/07/2011,0,91.17,3.794,129.1507742,13.503,365562.67,365562.67,0,,,,
38,29/07/2011,0,93.29,3.805,129.1677097,13.503,355131.33,355131.33,0,,,,
38,05/08/2011,0,90.61,3.803,129.1846452,13.503,437631.44,437631.44,0,,,,
38,12/08/2011,0,91.04,3.701,129.2015806,13.503,387844.05,387844.05,0,,,,
38,19/08/2011,0,91.74,3.743,129.2405806,13.503,362224.7,362224.7,0,,,,
38,26/08/2011,0,94.61,3.74,129.2832581,13.503,365672.55,365672.55,0,,,,
38,02/09/2011,0,93.66,3.798,129.3259355,13.503,416953.51,416953.51,0,,,,
38,09/09/2011,1,88,3.913,129.3686129,13.503,397771.68,408188.88,-10417.2,,,,
38,16/09/2011,0,76.36,3.918,129.4306,13.503,408188.88,408188.88,0,,,,
38,23/09/2011,0,82.95,3.789,129.5183333,13.503,394665.28,394665.28,0,,,,
38,30/09/2011,0,83.26,3.877,129.6060667,13.503,366819.84,408188.88,-41369.04,,,,
38,07/10/2011,0,70.44,3.827,129.6938,12.89,449516.29,449516.29,0,,,,
38,14/10/2011,0,67.31,3.805,129.7706452,12.89,400430.78,400430.78,0,,,,
38,21/10/2011,0,73.05,3.842,129.7821613,12.89,402709.17,402709.17,0,,,,
38,28/10/2011,0,67.41,3.727,129.7936774,12.89,378539.17,378539.17,0,,,,
38,04/11/2011,0,59.77,3.828,129.8051935,12.89,436970.1,436970.1,0,,,,
38,11/11/2011,0,48.76,3.824,129.8167097,12.89,411116.95,411116.95,0,,,,
38,18/11/2011,0,54.2,3.813,129.8268333,12.89,392003.13,400430.78,-8427.65,,,,
38,25/11/2011,1,53.25,3.622,129.8364,12.89,393715.71,393715.71,0,,,,
38,02/12/2011,0,52.5,3.701,129.8459667,12.89,411252.02,411252.02,0,,,,
38,09/12/2011,0,42.17,3.644,129.8555333,12.89,435401.64,435401.64,0,,,,
38,16/12/2011,0,43.29,3.6,129.8980645,12.89,404283.84,404283.84,0,,,,
38,23/12/2011,0,45.4,3.541,129.9845484,12.89,419717.41,419717.41,0,,,,
38,30/12/2011,1,44.64,3.428,130.0710323,12.89,342667.35,342667.35,0,,,,
38,06/01/2012,0,50.43,3.599,130.1575161,12.187,478483.2,478483.2,0,,,,
38,13/01/2012,0,48.07,3.657,130.244,12.187,423260.82,423260.82,0,,,,
38,20/01/2012,0,46.2,3.66,130.2792258,12.187,405215.91,423260.82,-18044.91,,,,
38,27/01/2012,0,50.43,3.675,130.3144516,12.187,412882.31,457711.68,-44829.37,,,,
38,03/02/2012,0,50.58,3.702,130.3496774,12.187,457711.68,457711.68,0,,,,
38,10/02/2012,1,52.27,3.722,130.3849032,12.187,469787.38,469787.38,0,,,,
38,17/02/2012,0,51.8,3.781,130.4546207,12.187,415513.97,409411.61,6102.36,,,,
38,24/02/2012,0,53.13,3.95,130.5502069,12.187,409411.61,409411.61,0,,,,
38,02/03/2012,0,52.27,4.178,130.6457931,12.187,471115.38,471115.38,0,,,,
38,09/03/2012,0,54.54,4.25,130.7413793,12.187,452792.53,452792.53,0,,,,
38,16/03/2012,0,64.44,4.273,130.8261935,12.187,428465.11,428465.11,0,,,,
38,23/03/2012,0,56.26,4.038,130.8966452,12.187,412456.48,412456.48,0,,,,
38,30/03/2012,0,64.36,4.294,130.9670968,12.187,408679.36,408679.36,0,,,,
38,06/04/2012,0,64.05,4.121,131.0375484,11.627,499267.66,499267.66,0,,,,
38,13/04/2012,0,64.28,4.254,131.108,11.627,435790.74,435790.74,0,,,,
38,20/04/2012,0,66.73,4.222,131.1173333,11.627,401615.8,401615.8,0,,,,
38,27/04/2012,0,77.99,4.193,131.1266667,11.627,419964.77,419964.77,0,,,,
38,04/05/2012,0,76.03,4.171,131.136,11.627,491755.69,491755.69,0,,,,
38,11/05/2012,0,77.27,4.186,131.1453333,11.627,429914.6,429914.6,0,,,,
38,18/05/2012,0,84.51,4.11,131.0983226,11.627,412314.71,430944.39,-18629.68,,,,
38,25/05/2012,0,83.84,4.293,131.0287742,11.627,422810.12,422810.12,0,,,,
38,01/06/2012,0,78.11,4.277,130.9592258,11.627,435579.7,435579.7,0,,,,
38,08/06/2012,0,84.83,4.103,130.8896774,11.627,448110.25,448110.25,0,,,,
38,15/06/2012,0,85.94,4.144,130.8295333,11.627,430222.07,430222.07,0,,,,
38,22/06/2012,0,91.61,4.014,130.7929,11.627,405938.35,404634.36,1303.99,,,,
38,29/06/2012,0,90.47,3.875,130.7562667,11.627,404634.36,404634.36,0,,,,
38,06/07/2012,0,89.13,3.765,130.7196333,10.926,471086.22,469311.17,1775.05,,,,
38,13/07/2012,0,95.61,3.723,130.683,10.926,416036.75,416036.75,0,,,,
38,20/07/2012,0,85.53,3.726,130.7012903,10.926,441683.74,441683.74,0,,,,
38,27/07/2012,0,93.47,3.769,130.7195806,10.926,407186.47,407186.47,0,,,,
38,03/08/2012,0,88.16,3.76,130.737871,10.926,469311.17,469311.17,0,,,,
38,10/08/2012,0,95.91,3.811,130.7561613,10.926,436690.13,404634.36,32055.77,,,,
38,17/08/2012,0,94.87,4.002,130.7909677,10.926,411866.46,404634.36,7232.1,,,,
38,24/08/2012,0,85.32,4.055,130.8381613,10.926,397428.22,397428.22,0,,,,
38,31/08/2012,0,89.78,4.093,130.8853548,10.926,424904.95,424904.95,0,,,,
38,07/09/2012,1,88.52,4.124,130.9325484,10.926,490274.82,490274.82,0,,,,
38,14/09/2012,0,83.64,4.133,130.9776667,10.926,430944.39,430944.39,0,,,,
38,21/09/2012,0,82.97,4.125,131.0103333,10.926,409600.98,409600.98,0,,,,
38,28/09/2012,0,81.22,3.966,131.043,10.926,398468.08,398468.08,0,,,,
38,05/10/2012,0,81.61,3.966,131.0756667,10.199,458479.01,458479.01,0,,,,
38,12/10/2012,0,71.74,4.468,131.1083333,10.199,437320.66,458479.01,-21158.35,,,,
38,19/10/2012,0,68.66,4.449,131.1499677,10.199,428806.46,428806.46,0,,,,
38,26/10/2012,0,65.95,4.301,131.1930968,10.199,417290.38,417290.38,0,,,,
39,05/02/2010,0,44.3,2.572,209.8529663,8.554,1230596.8,1230596.8,0,,,,
39,12/02/2010,1,44.58,2.548,209.9970208,8.554,1266229.07,1266229.07,0,,,,
39,19/02/2010,0,43.96,2.514,210.0451024,8.554,1230591.97,1266229.07,-35637.1,,,,
39,26/02/2010,0,49.79,2.561,210.0771885,8.554,1168582.02,1168582.02,0,,,,
39,05/03/2010,0,50.93,2.625,210.1092746,8.554,1266254.21,1266254.21,0,,,,
39,12/03/2010,0,61.88,2.667,210.1413607,8.554,1244391.83,1244391.83,0,,,,
39,19/03/2010,0,58.62,2.72,209.9803208,8.554,1301590.13,1301590.13,0,,,,
39,26/03/2010,0,54.83,2.732,209.7870932,8.554,1235094.66,1235094.66,0,,,,
39,02/04/2010,0,63.31,2.719,209.5938656,8.464,1463942.62,1463942.62,0,,,,
39,09/04/2010,0,68.15,2.77,209.400638,8.464,1327035.27,1242874.98,84160.29,,,,
39,16/04/2010,0,66.33,2.808,209.2691428,8.464,1242874.98,1242874.98,0,,,,
39,23/04/2010,0,67.64,2.795,209.2199574,8.464,1280231.85,1280231.85,0,,,,
39,30/04/2010,0,70.03,2.78,209.170772,8.464,1263836.59,1263836.59,0,,,,
39,07/05/2010,0,74.86,2.835,209.1215867,8.464,1355704.21,1355704.21,0,,,,
39,14/05/2010,0,77.49,2.854,209.118536,8.464,1226997.7,1226997.7,0,,,,
39,21/05/2010,0,76.67,2.826,209.3922937,8.464,1350673.98,1350673.98,0,,,,
39,28/05/2010,0,80.22,2.759,209.6660514,8.464,1365541.59,1365541.59,0,,,,
39,04/06/2010,0,79.83,2.705,209.9398091,8.464,1512207.95,1512207.95,0,,,,
39,11/06/2010,0,81.78,2.668,210.2135668,8.464,1371405.33,1512207.95,-140802.62,,,,
39,18/06/2010,0,83.96,2.637,210.2108417,8.464,1368312.45,1308222.24,60090.21,,,,
39,25/06/2010,0,83.24,2.653,210.0975233,8.464,1280414.8,1280414.8,0,,,,
39,02/07/2010,0,81.35,2.669,209.984205,8.36,1352547.7,1352547.7,0,,,,
39,09/07/2010,0,81.1,2.642,209.8708867,8.36,1330473.47,1330473.47,0,,,,
39,16/07/2010,0,83.86,2.623,209.8630532,8.36,1339811.68,1339811.68,0,,,,
39,23/07/2010,0,82.2,2.608,209.9958663,8.36,1314651.83,1280414.8,34237.03,,,,
39,30/07/2010,0,80.99,2.64,210.1286794,8.36,1308222.24,1308222.24,0,,,,
39,06/08/2010,0,84.92,2.627,210.2614925,8.36,1409989.67,1308222.24,101767.43,,,,
39,13/08/2010,0,85.66,2.692,210.3943056,8.36,1371465.66,1371465.66,0,,,,
39,20/08/2010,0,85.73,2.664,210.3617581,8.36,1471816.52,1471816.52,0,,,,
39,27/08/2010,0,84.31,2.619,210.3292106,8.36,1417515.93,1345167.61,72348.32,,,,
39,03/09/2010,0,82.13,2.577,210.2966631,8.36,1345167.61,1345167.61,0,,,,
39,10/09/2010,1,79.94,2.565,210.2641156,8.36,1279666.47,1279666.47,0,,,,
39,17/09/2010,0,81.83,2.582,210.2924504,8.36,1252915.43,1252915.43,0,,,,
39,24/09/2010,0,78.5,2.624,210.3664469,8.36,1199449.54,1199449.54,0,,,,
39,01/10/2010,0,72.74,2.603,210.4404433,8.476,1219583.91,1219583.91,0,,,,
39,08/10/2010,0,64.8,2.633,210.5144398,8.476,1286598.59,1286598.59,0,,,,
39,15/10/2010,0,69.96,2.72,210.5805944,8.476,1238742,1238742,0,,,,
39,22/10/2010,0,71.73,2.725,210.6271444,8.476,1261109.01,1261109.01,0,,,,
39,29/10/2010,0,75.14,2.716,210.6736944,8.476,1294769.08,1294769.08,0,,,,
39,05/11/2010,0,61.62,2.689,210.7202444,8.476,1293707.19,1293707.19,0,,,,
39,12/11/2010,0,62.21,2.728,210.7667944,8.476,1291398.71,1293707.19,-2308.48,,,,
39,19/11/2010,0,55.5,2.771,210.65429,8.476,1370659.54,1370659.54,0,,,,
39,26/11/2010,1,67.75,2.735,210.5152765,8.476,2149355.2,2149355.2,0,,,,
39,03/12/2010,0,53.55,2.708,210.376263,8.476,1431910.98,1244391.83,187519.15,,,,
39,10/12/2010,0,50.81,2.843,210.2372494,8.476,1630564.48,1630564.48,0,,,,
39,17/12/2010,0,55.31,2.869,210.1787224,8.476,1842172.46,1842172.46,0,,,,
39,24/12/2010,0,58.86,2.886,210.1805602,8.476,2495489.25,2495489.25,0,,,,
39,31/12/2010,1,52.45,2.943,210.182398,8.476,1230012.16,1630564.48,-400552.32,,,,
39,07/01/2011,0,52.74,2.976,210.1842358,8.395,1224475.12,1224475.12,0,,,,
39,14/01/2011,0,41.74,2.983,210.2379731,8.395,1193199.39,1193199.39,0,,,,
39,21/01/2011,0,50.25,3.016,210.6031072,8.395,1243370.74,1243370.74,0,,,,
39,28/01/2011,0,47.94,3.01,210.9682412,8.395,1158698.44,1158698.44,0,,,,
39,04/02/2011,0,45.96,2.989,211.3333753,8.395,1343773.94,1158698.44,185075.5,,,,
39,11/02/2011,1,40.34,3.022,211.6985093,8.395,1227893.89,1158698.44,69195.45,,,,
39,18/02/2011,0,58.2,3.045,212.0063522,8.395,1335233.74,1335233.74,0,,,,
39,25/02/2011,0,67.77,3.065,212.2912786,8.395,1240921.19,1240921.19,0,,,,
39,04/03/2011,0,63.56,3.288,212.576205,8.395,1316385.43,1316385.43,0,,,,
39,11/03/2011,0,58.35,3.459,212.8611313,8.395,1283716.81,1283716.81,0,,,,
39,18/03/2011,0,65.28,3.488,213.1096787,8.395,1348410.05,1348410.05,0,,,,
39,25/03/2011,0,71.17,3.473,213.3436744,8.395,1284334.79,1284334.79,0,,,,
39,01/04/2011,0,66.57,3.524,213.5776701,8.3,1316849.36,1316849.36,0,,,,
39,08/04/2011,0,69.45,3.622,213.8116658,8.3,1350646.16,1316849.36,33796.8,,,,
39,15/04/2011,0,73.19,3.743,214.026217,8.3,1348031.55,1348031.55,0,,,,
39,22/04/2011,0,74.98,3.807,214.1921572,8.3,1563140.85,1563140.85,0,,,,
39,29/04/2011,0,76.47,3.81,214.3580974,8.3,1379651.87,1379651.87,0,,,,
39,06/05/2011,0,68.75,3.906,214.5240376,8.3,1370920.87,1370920.87,0,,,,
39,13/05/2011,0,77.39,3.899,214.6899778,8.3,1325022.77,1325022.77,0,,,,
39,20/05/2011,0,73.31,3.907,214.465412,8.3,1373907.21,1373907.21,0,,,,
39,27/05/2011,0,82.1,3.786,214.2408462,8.3,1406124.14,1429345.86,-23221.72,,,,
39,03/06/2011,0,83.59,3.699,214.0162805,8.3,1541745.59,1541745.59,0,,,,
39,10/06/2011,0,82.75,3.648,213.7917147,8.3,1442092.08,1442092.08,0,,,,
39,17/06/2011,0,85.21,3.637,213.7481256,8.3,1451392.67,1451392.67,0,,,,
39,24/06/2011,0,84.06,3.594,213.8402689,8.3,1363167.95,1363167.95,0,,,,
39,01/07/2011,0,84.93,3.524,213.9324122,8.177,1429829.36,1429829.36,0,,,,
39,08/07/2011,0,84.33,3.48,214.0245556,8.177,1414564.53,1414564.53,0,,,,
39,15/07/2011,0,85.96,3.575,214.1083654,8.177,1380257.12,1380257.12,0,,,,
39,22/07/2011,0,84.6,3.651,214.1713416,8.177,1416005.59,1416005.59,0,,,,
39,29/07/2011,0,86.24,3.682,214.2343177,8.177,1426418.53,1426418.53,0,,,,
39,05/08/2011,0,87.73,3.684,214.2972939,8.177,1518790.89,1518790.89,0,,,,
39,12/08/2011,0,88.27,3.638,214.3602701,8.177,1514055.97,1514055.97,0,,,,
39,19/08/2011,0,87.93,3.554,214.4239935,8.177,1629066.9,1629066.9,0,,,,
39,26/08/2011,0,86.49,3.523,214.4878416,8.177,1573898.63,1573898.63,0,,,,
39,02/09/2011,0,88.65,3.533,214.5516896,8.177,1465089.85,1465089.85,0,,,,
39,09/09/2011,1,79.15,3.546,214.6155376,8.177,1429345.86,1429345.86,0,,,,
39,16/09/2011,0,83.11,3.526,214.7934111,8.177,1372500.63,1311775.83,60724.8,,,,
39,23/09/2011,0,78.75,3.467,215.1233185,8.177,1338657.95,1311775.83,26882.12,,,,
39,30/09/2011,0,81.51,3.355,215.4532259,8.177,1311775.83,1311775.83,0,,,,
39,07/10/2011,0,71.68,3.285,215.7831333,7.716,1443884.39,1384721.84,59162.55,,,,
39,14/10/2011,0,73.79,3.274,216.0885258,7.716,1384721.84,1384721.84,0,,,,
39,21/10/2011,0,67.65,3.353,216.2468287,7.716,1465283.29,1465283.29,0,,,,
39,28/10/2011,0,71.05,3.372,216.4051315,7.716,1472663.1,1465283.29,7379.81,,,,
39,04/11/2011,0,58.04,3.332,216.5634344,7.716,1553629.59,1553629.59,0,,,,
39,11/11/2011,0,63.11,3.297,216.7217373,7.716,1456957.38,1456957.38,0,,,,
39,18/11/2011,0,66.09,3.308,216.9395861,7.716,1510397.27,1510397.27,0,,,,
39,25/11/2011,1,66.36,3.236,217.1812533,7.716,2338832.4,1384721.84,954110.56,,,,
39,02/12/2011,0,53.14,3.172,217.4229206,7.716,1632894.58,1632894.58,0,,,,
39,09/12/2011,0,49.36,3.158,217.6645878,7.716,1781528.77,1478537.93,302990.84,,,,
39,16/12/2011,0,58.58,3.159,217.8781339,7.716,1991824.05,1991824.05,0,,,,
39,23/12/2011,0,54.62,3.112,218.0541851,7.716,2554482.84,2554482.84,0,,,,
39,30/12/2011,1,47.6,3.129,218.2302364,7.716,1537139.56,1537139.56,0,,,,
39,06/01/2012,0,55.83,3.157,218.4062876,7.244,1478537.93,1478537.93,0,,,,
39,13/01/2012,0,54.66,3.261,218.5823389,7.244,1369125.37,1394841.03,-25715.66,,,,
39,20/01/2012,0,58.04,3.268,218.6755292,7.244,1394841.03,1394841.03,0,,,,
39,27/01/2012,0,60.65,3.29,218.7687195,7.244,1320301.61,1320301.61,0,,,,
39,03/02/2012,0,60.69,3.36,218.8619099,7.244,1396150.15,1396150.15,0,,,,
39,10/02/2012,1,52.89,3.409,218.9551002,7.244,1442988.44,1396150.15,46838.29,,,,
39,17/02/2012,0,52.75,3.51,219.1148297,7.244,1511041.69,1412065.04,98976.65,,,,
39,24/02/2012,0,61.1,3.555,219.3244636,7.244,1412065.04,1412065.04,0,,,,
39,02/03/2012,0,64.05,3.63,219.5340975,7.244,1453047.02,1453047.02,0,,,,
39,09/03/2012,0,61.64,3.669,219.7437314,7.244,1470764.35,1470764.35,0,,,,
39,16/03/2012,0,65.81,3.734,219.8956335,7.244,1522421.07,1522421.07,0,,,,
39,23/03/2012,0,67.91,3.787,219.9705599,7.244,1469593.37,1469593.37,0,,,,
39,30/03/2012,0,69.11,3.845,220.0454862,7.244,1499727.02,1499727.02,0,,,,
39,06/04/2012,0,73.49,3.891,220.1204125,6.989,1764847.94,1764847.94,0,,,,
39,13/04/2012,0,71.59,3.891,220.1953389,6.989,1580732.73,1764847.94,-184115.21,,,,
39,20/04/2012,0,70.04,3.877,220.2483937,6.989,1433391.04,1433391.04,0,,,,
39,27/04/2012,0,69.11,3.814,220.3014485,6.989,1456997.2,1433391.04,23606.16,,,,
39,04/05/2012,0,77.15,3.749,220.3545033,6.989,1512227.34,1512227.34,0,,,,
39,11/05/2012,0,75.52,3.688,220.4075581,6.989,1470792.41,1470792.41,0,,,,
39,18/05/2012,0,72.36,3.63,220.4252149,6.989,1522978.54,1574408.67,-51430.13,,,,
39,25/05/2012,0,78.31,3.561,220.4287124,6.989,1596036.66,1596036.66,0,,,,
39,01/06/2012,0,80.33,3.501,220.4322099,6.989,1640476.77,1640476.77,0,,,,
39,08/06/2012,0,81.12,3.452,220.4357073,6.989,1623442.24,1623442.24,0,,,,
39,15/06/2012,0,81.33,3.393,220.4494148,6.989,1587499.82,1582168.27,5331.55,,,,
39,22/06/2012,0,79.84,3.346,220.4886472,6.989,1532316.79,1532316.79,0,,,,
39,29/06/2012,0,85.72,3.286,220.5278796,6.989,1492388.98,1492388.98,0,,,,
39,06/07/2012,0,81.05,3.227,220.567112,6.623,1659221.99,1659221.99,0,,,,
39,13/07/2012,0,78.16,3.256,220.6063444,6.623,1471261.76,1471261.76,0,,,,
39,20/07/2012,0,80.32,3.311,220.6148749,6.623,1582168.27,1582168.27,0,,,,
39,27/07/2012,0,82.89,3.407,220.6234054,6.623,1487797.54,1487797.54,0,,,,
39,03/08/2012,0,84.05,3.417,220.6319358,6.623,1608277.74,1608277.74,0,,,,
39,10/08/2012,0,83.47,3.494,220.6404663,6.623,1641867.92,1641867.92,0,,,,
39,17/08/2012,0,84.72,3.571,220.7199609,6.623,1720221.91,1720221.91,0,,,,
39,24/08/2012,0,80.49,3.62,220.8526787,6.623,1724669.75,1724669.75,0,,,,
39,31/08/2012,0,83.72,3.638,220.9853964,6.623,1710923.94,1710923.94,0,,,,
39,07/09/2012,1,83.71,3.73,221.1181142,6.623,1609811.75,1609811.75,0,,,,
39,14/09/2012,0,76.71,3.717,221.2601207,6.623,1447614.08,1447614.08,0,,,,
39,21/09/2012,0,73.58,3.721,221.4578604,6.623,1555672.51,1555672.51,0,,,,
39,28/09/2012,0,78.04,3.666,221.6556,6.623,1495607.07,1495607.07,0,,,,
39,05/10/2012,0,72.05,3.617,221.8533396,6.228,1574408.67,1574408.67,0,,,,
39,12/10/2012,0,69.88,3.601,222.0510793,6.228,1494417.07,1494417.07,0,,,,
39,19/10/2012,0,71.45,3.594,222.0951719,6.228,1577486.33,1577486.33,0,,,,
39,26/10/2012,0,72.9,3.506,222.1136566,6.228,1569502,1569502,0,,,,
40,05/02/2010,0,14.48,2.788,131.5279032,5.892,1001943.8,1001943.8,0,,,,
40,12/02/2010,1,20.84,2.771,131.5866129,5.892,955338.29,955338.29,0,,,,
40,19/02/2010,0,27.84,2.747,131.637,5.892,916289.2,916289.2,0,,,,
40,26/02/2010,0,33.32,2.753,131.686,5.892,863917.41,990152.28,-126234.87,,,,
40,05/03/2010,0,34.78,2.766,131.735,5.892,990152.28,990152.28,0,,,,
40,12/03/2010,0,35.1,2.805,131.784,5.892,899352.4,899352.4,0,,,,
40,19/03/2010,0,40.54,2.834,131.8242903,5.892,894865.3,894865.3,0,,,,
40,26/03/2010,0,39.51,2.831,131.863129,5.892,873354.58,873354.58,0,,,,
40,02/04/2010,0,41.39,2.826,131.9019677,5.435,1041202.13,1041202.13,0,,,,
40,09/04/2010,0,54.31,2.849,131.9408065,5.435,919839.19,919839.19,0,,,,
40,16/04/2010,0,43.3,2.885,131.9809,5.435,882636.96,882636.96,0,,,,
40,23/04/2010,0,45.85,2.895,132.0226667,5.435,844958.49,844958.49,0,,,,
40,30/04/2010,0,46.5,2.935,132.0644333,5.435,816838.31,816838.31,0,,,,
40,07/05/2010,0,60.05,2.981,132.1062,5.435,1009797.06,1009797.06,0,,,,
40,14/05/2010,0,45.5,2.983,132.152129,5.435,907262.47,907262.47,0,,,,
40,21/05/2010,0,56.75,2.961,132.2230323,5.435,885613.91,885613.91,0,,,,
40,28/05/2010,0,67.88,2.906,132.2939355,5.435,1008483.07,1008483.07,0,,,,
40,04/06/2010,0,65.7,2.857,132.3648387,5.435,1052429.03,1052429.03,0,,,,
40,11/06/2010,0,59.42,2.83,132.4357419,5.435,1007574.67,1007574.67,0,,,,
40,18/06/2010,0,60.97,2.805,132.4733333,5.435,973105.3,973105.3,0,,,,
40,25/06/2010,0,69.72,2.81,132.4976,5.435,940405.03,1058250.91,-117845.88,,,,
40,02/07/2010,0,65.47,2.815,132.5218667,5.326,1087578.78,1087578.78,0,,,,
40,09/07/2010,0,76.67,2.806,132.5461333,5.326,1058250.91,1058250.91,0,,,,
40,16/07/2010,0,74.25,2.796,132.5667742,5.326,959229.09,959229.09,0,,,,
40,23/07/2010,0,71.79,2.784,132.5825806,5.326,922341.82,922341.82,0,,,,
40,30/07/2010,0,71.35,2.792,132.5983871,5.326,953393.02,953393.02,0,,,,
40,06/08/2010,0,69.16,2.792,132.6141935,5.326,1057295.87,1057295.87,0,,,,
40,13/08/2010,0,67.47,2.81,132.63,5.326,924011.76,924011.76,0,,,,
40,20/08/2010,0,67.05,2.796,132.6616129,5.326,932397,932397,0,,,,
40,27/08/2010,0,62.57,2.77,132.6932258,5.326,922328.02,922328.02,0,,,,
40,03/09/2010,0,70.66,2.735,132.7248387,5.326,976453.34,976453.34,0,,,,
40,10/09/2010,1,62.75,2.717,132.7564516,5.326,967310.82,1166142.85,-198832.03,,,,
40,17/09/2010,0,55.34,2.716,132.7670667,5.326,855046.95,855046.95,0,,,,
40,24/09/2010,0,55.63,2.718,132.7619333,5.326,844373.31,844373.31,0,,,,
40,01/10/2010,0,62.01,2.717,132.7568,5.287,891152.33,891152.33,0,,,,
40,08/10/2010,0,52.02,2.776,132.7516667,5.287,972405.38,972405.38,0,,,,
40,15/10/2010,0,44.56,2.878,132.7633548,5.287,917883.17,875038.84,42844.33,,,,
40,22/10/2010,0,41.25,2.919,132.8170968,5.287,882180.91,882180.91,0,,,,
40,29/10/2010,0,47.1,2.938,132.8708387,5.287,875038.84,875038.84,0,,,,
40,05/11/2010,0,36.45,2.938,132.9245806,5.287,968270.66,968270.66,0,,,,
40,12/11/2010,0,38.5,2.961,132.9783226,5.287,935481.32,968270.66,-32789.34,,,,
40,19/11/2010,0,40.52,3.03,132.9172,5.287,852452.93,852452.93,0,,,,
40,26/11/2010,1,32.94,3.07,132.8369333,5.287,1166142.85,1166142.85,0,,,,
40,03/12/2010,0,33.6,3.065,132.7566667,5.287,1000582.06,1000582.06,0,,,,
40,10/12/2010,0,21.64,3.132,132.6764,5.287,1111215.72,811318.3,299897.42,,,,
40,17/12/2010,0,23.01,3.139,132.6804516,5.287,1179036.3,1179036.3,0,,,,
40,24/12/2010,0,24.18,3.15,132.7477419,5.287,1648829.18,916289.2,732539.98,,,,
40,31/12/2010,1,19.29,3.177,132.8150323,5.287,811318.3,811318.3,0,,,,
40,07/01/2011,0,24.05,3.193,132.8823226,5.114,894280.19,916289.2,-22009.01,,,,
40,14/01/2011,0,18.55,3.215,132.9510645,5.114,771315.62,771315.62,0,,,,
40,21/01/2011,0,14.64,3.232,133.0285161,5.114,764014.75,764014.75,0,,,,
40,28/01/2011,0,9.51,3.243,133.1059677,5.114,775910.43,775910.43,0,,,,
40,04/02/2011,0,13.29,3.24,133.1834194,5.114,904261.65,904261.65,0,,,,
40,11/02/2011,1,16.87,3.255,133.260871,5.114,931939.52,931939.52,0,,,,
40,18/02/2011,0,21.82,3.263,133.3701429,5.114,968694.45,968694.45,0,,,,
40,25/02/2011,0,16.5,3.281,133.4921429,5.114,888869.27,888869.27,0,,,,
40,04/03/2011,0,18.49,3.437,133.6141429,5.114,977070.62,888869.27,88201.35,,,,
40,11/03/2011,0,30.53,3.6,133.7361429,5.114,860255.58,834621.39,25634.19,,,,
40,18/03/2011,0,35.76,3.634,133.8492258,5.114,871024.26,871024.26,0,,,,
40,25/03/2011,0,28.89,3.624,133.9587419,5.114,834621.39,834621.39,0,,,,
40,01/04/2011,0,28.6,3.638,134.0682581,4.781,841889.08,841889.08,0,,,,
40,08/04/2011,0,34.77,3.72,134.1777742,4.781,947753.32,947753.32,0,,,,
40,15/04/2011,0,43.69,3.823,134.2784667,4.781,874446.32,874446.32,0,,,,
40,22/04/2011,0,39.32,3.919,134.3571,4.781,965056.4,965056.4,0,,,,
40,29/04/2011,0,52.68,3.988,134.4357333,4.781,847246.5,847246.5,0,,,,
40,06/05/2011,0,50.81,4.078,134.5143667,4.781,1016752.55,847246.5,169506.05,,,,
40,13/05/2011,0,54.09,4.095,134.593,4.781,903864.02,847246.5,56617.52,,,,
40,20/05/2011,0,56.38,4.101,134.6803871,4.781,907110.83,907110.83,0,,,,
40,27/05/2011,0,63.11,4.034,134.7677742,4.781,972373.81,977103.64,-4729.83,,,,
40,03/06/2011,0,66.16,3.973,134.8551613,4.781,1075687.74,1075687.74,0,,,,
40,10/06/2011,0,64.19,3.924,134.9425484,4.781,984336.04,984336.04,0,,,,
40,17/06/2011,0,59.16,3.873,135.0837333,4.781,971422.67,971422.67,0,,,,
40,24/06/2011,0,62.59,3.851,135.2652667,4.781,977103.64,977103.64,0,,,,
40,01/07/2011,0,65.25,3.815,135.4468,4.584,1048866.3,1048866.3,0,,,,
40,08/07/2011,0,67.86,3.784,135.6283333,4.584,1107366.06,1037464.27,69901.79,,,,
40,15/07/2011,0,68.9,3.827,135.7837419,4.584,953252.14,1048866.3,-95614.16,,,,
40,22/07/2011,0,73.34,3.882,135.8738387,4.584,980642.1,980642.1,0,,,,
40,29/07/2011,0,67.45,3.898,135.9639355,4.584,929096.9,929096.9,0,,,,
40,05/08/2011,0,68.1,3.903,136.0540323,4.584,1063818.2,1063818.2,0,,,,
40,12/08/2011,0,68.3,3.88,136.144129,4.584,955506.95,955506.95,0,,,,
40,19/08/2011,0,64.05,3.82,136.183129,4.584,943237.12,943237.12,0,,,,
40,26/08/2011,0,65.01,3.796,136.2136129,4.584,969611.3,1037464.27,-67852.97,,,,
40,02/09/2011,0,63.79,3.784,136.2440968,4.584,957298.26,957298.26,0,,,,
40,09/09/2011,1,64.83,3.809,136.2745806,4.584,1021391.99,1021391.99,0,,,,
40,16/09/2011,0,58.28,3.809,136.3145,4.584,890661.79,890661.79,0,,,,
40,23/09/2011,0,54.09,3.758,136.367,4.584,876583.98,876583.98,0,,,,
40,30/09/2011,0,63.45,3.684,136.4195,4.584,912857.1,912857.1,0,,,,
40,07/10/2011,0,50.21,3.633,136.472,4.42,1070389.98,1070389.98,0,,,,
40,14/10/2011,0,53.9,3.583,136.5150968,4.42,936751.68,936751.68,0,,,,
40,21/10/2011,0,51.61,3.618,136.5017742,4.42,942319.65,942319.65,0,,,,
40,28/10/2011,0,42.09,3.604,136.4884516,4.42,941675.95,941675.95,0,,,,
40,04/11/2011,0,35.4,3.586,136.475129,4.42,1011321.18,1011321.18,0,,,,
40,11/11/2011,0,40.75,3.57,136.4618065,4.42,1037687.07,1037687.07,0,,,,
40,18/11/2011,0,41.85,3.571,136.4666667,4.42,905399.99,905399.99,0,,,,
40,25/11/2011,1,32.76,3.536,136.4788,4.42,1230011.95,1230011.95,0,,,,
40,02/12/2011,0,38.51,3.501,136.4909333,4.42,1059676.62,1059676.62,0,,,,
40,09/12/2011,0,34.48,3.47,136.5030667,4.42,1158708.98,1059676.62,99032.36,,,,
40,16/12/2011,0,29.53,3.445,136.5335161,4.42,1198670.19,1198670.19,0,,,,
40,23/12/2011,0,24.46,3.413,136.5883871,4.42,1601585.7,954576.86,647008.84,,,,
40,30/12/2011,1,18.75,3.402,136.6432581,4.42,908853.15,908853.15,0,,,,
40,06/01/2012,0,23.29,3.439,136.698129,4.261,954576.86,954576.86,0,,,,
40,13/01/2012,0,25.9,3.523,136.753,4.261,780607.52,780607.52,0,,,,
40,20/01/2012,0,14.02,3.542,136.8564194,4.261,811365.42,811365.42,0,,,,
40,27/01/2012,0,22.91,3.568,136.9598387,4.261,770157.29,770157.29,0,,,,
40,03/02/2012,0,27.86,3.633,137.0632581,4.261,979552.34,979552.34,0,,,,
40,10/02/2012,1,23.92,3.655,137.1666774,4.261,999785.48,999785.48,0,,,,
40,17/02/2012,0,25.56,3.703,137.2583103,4.261,975500.87,975500.87,0,,,,
40,24/02/2012,0,29.88,3.751,137.3411034,4.261,919301.81,919301.81,0,,,,
40,02/03/2012,0,23.79,3.827,137.4238966,4.261,927732.02,927732.02,0,,,,
40,09/03/2012,0,30.58,3.876,137.5066897,4.261,954233.87,954233.87,0,,,,
40,16/03/2012,0,37.13,3.867,137.5843871,4.261,891154.18,891154.18,0,,,,
40,23/03/2012,0,52.27,3.889,137.6552903,4.261,844490.86,844490.86,0,,,,
40,30/03/2012,0,36.25,3.921,137.7261935,4.261,871945.64,871945.64,0,,,,
40,06/04/2012,0,36.54,3.957,137.7970968,4.125,1132064.23,1132064.23,0,,,,
40,13/04/2012,0,40.65,4.025,137.868,4.125,857811.17,857811.17,0,,,,
40,20/04/2012,0,55.3,4.046,137.9230667,4.125,896979.93,896979.93,0,,,,
40,27/04/2012,0,47.51,4.023,137.9781333,4.125,875372.91,857811.17,17561.74,,,,
40,04/05/2012,0,44.47,3.991,138.0332,4.125,993311.59,993311.59,0,,,,
40,11/05/2012,0,52.06,3.947,138.0882667,4.125,967729.35,967729.35,0,,,,
40,18/05/2012,0,57.59,3.899,138.1065806,4.125,896295.41,896295.41,0,,,,
40,25/05/2012,0,65.25,3.85,138.1101935,4.125,991054.49,991054.49,0,,,,
40,01/06/2012,0,64.75,3.798,138.1138065,4.125,1037464.27,1037464.27,0,,,,
40,08/06/2012,0,55.78,3.746,138.1174194,4.125,1079386.88,1079386.88,0,,,,
40,15/06/2012,0,63.39,3.683,138.1295333,4.125,977950.28,977950.28,0,,,,
40,22/06/2012,0,69.32,3.629,138.1629,4.125,1033552.18,1033552.18,0,,,,
40,29/06/2012,0,64.42,3.577,138.1962667,4.125,988764.84,988764.84,0,,,,
40,06/07/2012,0,69.08,3.538,138.2296333,4.156,1182901.56,1182901.56,0,,,,
40,13/07/2012,0,67.48,3.561,138.263,4.156,979848.71,979848.71,0,,,,
40,20/07/2012,0,70.45,3.61,138.2331935,4.156,968502.38,968502.38,0,,,,
40,27/07/2012,0,67.88,3.701,138.2033871,4.156,954396.85,954396.85,0,,,,
40,03/08/2012,0,70.15,3.698,138.1735806,4.156,1068346.76,1068346.76,0,,,,
40,10/08/2012,0,70.09,3.772,138.1437742,4.156,1007906.43,1068346.76,-60440.33,,,,
40,17/08/2012,0,69.41,3.84,138.1857097,4.156,969387.48,969387.48,0,,,,
40,24/08/2012,0,63.91,3.874,138.2814516,4.156,945318.47,945318.47,0,,,,
40,31/08/2012,0,66.11,3.884,138.3771935,4.156,987264.67,987264.67,0,,,,
40,07/09/2012,1,65.06,3.921,138.4729355,4.156,1088248.4,1088248.4,0,,,,
40,14/09/2012,0,59.38,3.988,138.5673,4.156,901709.82,901709.82,0,,,,
40,21/09/2012,0,54.12,4.056,138.6534,4.156,899768.4,899768.4,0,,,,
40,28/09/2012,0,50.98,4.018,138.7395,4.156,919595.44,919595.44,0,,,,
40,05/10/2012,0,57.21,4.027,138.8256,4.145,1069112,1069112,0,,,,
40,12/10/2012,0,47.35,4.029,138.9117,4.145,982523.26,982523.26,0,,,,
40,19/10/2012,0,46.33,4,138.8336129,4.145,918170.5,918170.5,0,,,,
40,26/10/2012,0,49.65,3.917,138.7281613,4.145,921264.52,921264.52,0,,,,
41,05/02/2010,0,30.27,2.58,189.3816974,7.541,1086533.18,1086533.18,0,,,,
41,12/02/2010,1,23.04,2.572,189.4642725,7.541,1075656.34,1075656.34,0,,,,
41,19/02/2010,0,24.13,2.55,189.5340998,7.541,1052034.74,1052034.74,0,,,,
41,26/02/2010,0,21.84,2.586,189.6018023,7.541,991941.73,991941.73,0,,,,
41,05/03/2010,0,32.49,2.62,189.6695049,7.541,1063557.49,1063557.49,0,,,,
41,12/03/2010,0,33.4,2.684,189.7372075,7.541,1023997.71,1023997.71,0,,,,
41,19/03/2010,0,36.7,2.692,189.734262,7.541,1006597.69,1006597.69,0,,,,
41,26/03/2010,0,32.3,2.717,189.7195417,7.541,1015196.46,1015196.46,0,,,,
41,02/04/2010,0,41.31,2.725,189.7048215,7.363,1168826.39,1168826.39,0,,,,
41,09/04/2010,0,37.3,2.75,189.6901012,7.363,1082158.21,1082158.21,0,,,,
41,16/04/2010,0,46.79,2.765,189.6628845,7.363,1043388.79,1043388.79,0,,,,
41,23/04/2010,0,45.29,2.776,189.6190057,7.363,1067340.74,1067340.74,0,,,,
41,30/04/2010,0,40.2,2.766,189.575127,7.363,1063960.11,1063960.11,0,,,,
41,07/05/2010,0,41.5,2.771,189.5312483,7.363,1175738.22,1063960.11,111778.11,,,,
41,14/05/2010,0,40.23,2.788,189.4904116,7.363,1116439.02,1063960.11,52478.91,,,,
41,21/05/2010,0,50.59,2.776,189.467827,7.363,1163234.33,1043388.79,119845.54,,,,
41,28/05/2010,0,56.97,2.737,189.4452425,7.363,1246654.24,1246654.24,0,,,,
41,04/06/2010,0,60.13,2.7,189.422658,7.363,1305068.1,1305068.1,0,,,,
41,11/06/2010,0,63.36,2.684,189.4000734,7.363,1217199.39,1176079.59,41119.8,,,,
41,18/06/2010,0,54.9,2.674,189.4185259,7.363,1202963.06,1202963.06,0,,,,
41,25/06/2010,0,66,2.715,189.4533931,7.363,1174209.52,1176079.59,-1870.07,,,,
41,02/07/2010,0,69.39,2.728,189.4882603,7.335,1273279.79,1176079.59,97200.2,,,,
41,09/07/2010,0,60.93,2.711,189.5231276,7.335,1176079.59,1176079.59,0,,,,
41,16/07/2010,0,69.06,2.699,189.6125456,7.335,1179788.38,1179788.38,0,,,,
41,23/07/2010,0,70.77,2.691,189.774698,7.335,1192213.87,1179788.38,12425.49,,,,
41,30/07/2010,0,70.07,2.69,189.9368504,7.335,1211136.63,1211136.63,0,,,,
41,06/08/2010,0,69.21,2.69,190.0990028,7.335,1338132.72,1211136.63,126996.09,,,,
41,13/08/2010,0,70.24,2.723,190.2611552,7.335,1285976.53,1285976.53,0,,,,
41,20/08/2010,0,66.19,2.732,190.2948237,7.335,1353838.39,1353838.39,0,,,,
41,27/08/2010,0,70.59,2.731,190.3284922,7.335,1173131.63,1173131.63,0,,,,
41,03/09/2010,0,64.13,2.773,190.3621607,7.335,1223355.5,1172672.27,50683.23,,,,
41,10/09/2010,1,63.3,2.78,190.3958293,7.335,1172672.27,1172672.27,0,,,,
41,17/09/2010,0,62.4,2.8,190.4688287,7.335,1111170.91,1111170.91,0,,,,
41,24/09/2010,0,60.11,2.793,190.5713264,7.335,1110941.78,1110941.78,0,,,,
41,01/10/2010,0,62.67,2.759,190.6738241,7.508,1109216.35,1133913.33,-24696.98,,,,
41,08/10/2010,0,57.1,2.745,190.7763218,7.508,1162042.24,1133913.33,28128.91,,,,
41,15/10/2010,0,49.91,2.762,190.8623087,7.508,1133913.33,1133913.33,0,,,,
41,22/10/2010,0,48.09,2.762,190.9070184,7.508,1156003.7,1156003.7,0,,,,
41,29/10/2010,0,42.16,2.748,190.951728,7.508,1144854.56,1156003.7,-11149.14,,,,
41,05/11/2010,0,46.74,2.729,190.9964377,7.508,1163878.49,1163878.49,0,,,,
41,12/11/2010,0,38.99,2.737,191.0411474,7.508,1175326.23,1627904.68,-452578.45,,,,
41,19/11/2010,0,31.34,2.758,191.0312172,7.508,1172155.28,1627904.68,-455749.4,,,,
41,26/11/2010,1,25.3,2.742,191.0121805,7.508,1866681.57,1866681.57,0,,,,
41,03/12/2010,0,33,2.712,190.9931437,7.508,1220115.75,1220115.75,0,,,,
41,10/12/2010,0,33.9,2.728,190.9741069,7.508,1434908.13,1434908.13,0,,,,
41,17/12/2010,0,31.51,2.778,191.0303376,7.508,1627904.68,1627904.68,0,,,,
41,24/12/2010,0,29.81,2.781,191.1430189,7.508,2225016.73,2225016.73,0,,,,
41,31/12/2010,1,25.19,2.829,191.2557002,7.508,1001790.16,1001790.16,0,,,,
41,07/01/2011,0,23.76,2.882,191.3683815,7.241,1153596.53,1153596.53,0,,,,
41,14/01/2011,0,22.44,2.911,191.4784939,7.241,1052609.16,1153596.53,-100987.37,,,,
41,21/01/2011,0,32.7,2.973,191.5731924,7.241,1088025.8,1088025.8,0,,,,
41,28/01/2011,0,32.23,3.008,191.667891,7.241,1026439.93,1088025.8,-61585.87,,,,
41,04/02/2011,0,14.56,3.011,191.7625895,7.241,1179420.5,1150003.36,29417.14,,,,
41,11/02/2011,1,16.81,3.037,191.8572881,7.241,1150003.36,1150003.36,0,,,,
41,18/02/2011,0,39.39,3.051,191.9178331,7.241,1203399.64,1203399.64,0,,,,
41,25/02/2011,0,26.1,3.101,191.9647167,7.241,1099714.93,1099714.93,0,,,,
41,04/03/2011,0,34.99,3.232,192.0116004,7.241,1229257.7,1229257.7,0,,,,
41,11/03/2011,0,31.6,3.372,192.058484,7.241,1159089.6,1159089.6,0,,,,
41,18/03/2011,0,40.19,3.406,192.1237981,7.241,1115504.26,1115504.26,0,,,,
41,25/03/2011,0,41.11,3.414,192.1964844,7.241,1140578.16,1140578.16,0,,,,
41,01/04/2011,0,38.16,3.461,192.2691707,6.934,1179125.48,1179125.48,0,,,,
41,08/04/2011,0,42.87,3.532,192.3418571,6.934,1206252.12,1206252.12,0,,,,
41,15/04/2011,0,39.94,3.611,192.4225954,6.934,1192982.07,1192982.07,0,,,,
41,22/04/2011,0,42.86,3.636,192.5234638,6.934,1304481.75,1192982.07,111499.68,,,,
41,29/04/2011,0,39.81,3.663,192.6243322,6.934,1178841.05,1178841.05,0,,,,
41,06/05/2011,0,41.2,3.735,192.7252006,6.934,1244956.91,1244956.91,0,,,,
41,13/05/2011,0,50.29,3.767,192.826069,6.934,1270025.74,1270025.74,0,,,,
41,20/05/2011,0,41.11,3.828,192.831317,6.934,1244542.33,1244542.33,0,,,,
41,27/05/2011,0,50.56,3.795,192.8365651,6.934,1278304.33,1278304.33,0,,,,
41,03/06/2011,0,54.81,3.763,192.8418131,6.934,1297584.95,1297584.95,0,,,,
41,10/06/2011,0,61.1,3.735,192.8470612,6.934,1311690.11,1311690.11,0,,,,
41,17/06/2011,0,62.3,3.697,192.9034759,6.934,1289151.84,1289151.84,0,,,,
41,24/06/2011,0,59.54,3.661,192.9982655,6.934,1244381.98,1244381.98,0,,,,
41,01/07/2011,0,67.01,3.597,193.0930552,6.901,1333347.78,1333347.78,0,,,,
41,08/07/2011,0,68.49,3.54,193.1878448,6.901,1338862.58,1338862.58,0,,,,
41,15/07/2011,0,68.18,3.532,193.3125484,6.901,1245772.7,1245772.7,0,,,,
41,22/07/2011,0,74.11,3.545,193.5120367,6.901,1292830.93,1292830.93,0,,,,
41,29/07/2011,0,71.3,3.547,193.711525,6.901,1248330.1,1248330.1,0,,,,
41,05/08/2011,0,72.19,3.554,193.9110133,6.901,1402233.69,1402233.69,0,,,,
41,12/08/2011,0,67.65,3.542,194.1105017,6.901,1356689.88,1356689.88,0,,,,
41,19/08/2011,0,70.55,3.499,194.2500634,6.901,1412959.97,1412959.97,0,,,,
41,26/08/2011,0,71.61,3.485,194.3796374,6.901,1328740.71,1328740.71,0,,,,
41,02/09/2011,0,70.37,3.511,194.5092113,6.901,1283849.38,1283849.38,0,,,,
41,09/09/2011,1,58.31,3.566,194.6387853,6.901,1280958.97,1160619.61,120339.36,,,,
41,16/09/2011,0,54.82,3.596,194.7419707,6.901,1197019.39,1197019.39,0,,,,
41,23/09/2011,0,55.06,3.581,194.8099713,6.901,1173059.79,1197019.39,-23959.6,,,,
41,30/09/2011,0,61.77,3.538,194.8779718,6.901,1160619.61,1160619.61,0,,,,
41,07/10/2011,0,58.74,3.498,194.9459724,6.759,1277882.77,1277882.77,0,,,,
41,14/10/2011,0,47.43,3.491,195.0261012,6.759,1247130.22,1274463.02,-27332.8,,,,
41,21/10/2011,0,45.62,3.548,195.1789994,6.759,1214944.29,1274463.02,-59518.73,,,,
41,28/10/2011,0,37.02,3.55,195.3318977,6.759,1274463.02,1274463.02,0,,,,
41,04/11/2011,0,35.04,3.527,195.4847959,6.759,1315684.86,1315684.86,0,,,,
41,11/11/2011,0,32.87,3.505,195.6376941,6.759,1302499.23,1302499.23,0,,,,
41,18/11/2011,0,36.64,3.479,195.7184713,6.759,1230118.02,1274463.02,-44345,,,,
41,25/11/2011,1,36.37,3.424,195.7704,6.759,1906713.35,1274463.02,632250.33,,,,
41,02/12/2011,0,34.53,3.378,195.8223287,6.759,1292436.23,1292436.23,0,,,,
41,09/12/2011,0,17.05,3.331,195.8742575,6.759,1548661.45,1548661.45,0,,,,
41,16/12/2011,0,25.01,3.266,195.9841685,6.759,1682368.32,1682368.32,0,,,,
41,23/12/2011,0,25.59,3.173,196.1713893,6.759,2263722.68,2263722.68,0,,,,
41,30/12/2011,1,34.12,3.119,196.3586101,6.759,1264014.16,1264014.16,0,,,,
41,06/01/2012,0,37.21,3.095,196.5458309,6.589,1208191.61,1208191.61,0,,,,
41,13/01/2012,0,27.49,3.077,196.7330517,6.589,1134767.28,1134767.28,0,,,,
41,20/01/2012,0,31.56,3.055,196.7796652,6.589,1116295.24,1116295.24,0,,,,
41,27/01/2012,0,33.15,3.038,196.8262786,6.589,1079398.81,1116295.24,-36896.43,,,,
41,03/02/2012,0,31.65,3.031,196.8728921,6.589,1208825.6,1116295.24,92530.36,,,,
41,10/02/2012,1,22,3.103,196.9195056,6.589,1238844.56,1238844.56,0,,,,
41,17/02/2012,0,22.52,3.113,196.9432711,6.589,1330451.46,1224915.66,105535.8,,,,
41,24/02/2012,0,27.89,3.129,196.9499007,6.589,1224915.66,1224915.66,0,,,,
41,02/03/2012,0,27.39,3.191,196.9565303,6.589,1239813.26,1224915.66,14897.6,,,,
41,09/03/2012,0,35.3,3.286,196.9631599,6.589,1243814.77,1224915.66,18899.11,,,,
41,16/03/2012,0,47.76,3.486,197.0457208,6.589,1201511.62,1201511.62,0,,,,
41,23/03/2012,0,44.04,3.664,197.2295234,6.589,1215354.38,1215354.38,0,,,,
41,30/03/2012,0,51.56,3.75,197.4133259,6.589,1239423.19,1239423.19,0,,,,
41,06/04/2012,0,48.48,3.854,197.5971285,6.547,1460234.31,1460234.31,0,,,,
41,13/04/2012,0,46.84,3.901,197.780931,6.547,1323004.73,1323004.73,0,,,,
41,20/04/2012,0,43.57,3.936,197.7227385,6.547,1220815.33,1220815.33,0,,,,
41,27/04/2012,0,57.66,3.927,197.664546,6.547,1248950.65,1248950.65,0,,,,
41,04/05/2012,0,52.86,3.903,197.6063534,6.547,1359770.73,1359770.73,0,,,,
41,11/05/2012,0,50.22,3.87,197.5481609,6.547,1353285.1,1353285.1,0,,,,
41,18/05/2012,0,55.24,3.837,197.5553137,6.547,1331514.44,1331514.44,0,,,,
41,25/05/2012,0,54.89,3.804,197.5886046,6.547,1424500.47,1374891.36,49609.11,,,,
41,01/06/2012,0,57.29,3.764,197.6218954,6.547,1374891.36,1374891.36,0,,,,
41,08/06/2012,0,65.11,3.741,197.6551863,6.547,1436383.84,1276609.36,159774.48,,,,
41,15/06/2012,0,64.92,3.723,197.692292,6.547,1384584.59,1384584.59,0,,,,
41,22/06/2012,0,66.88,3.735,197.7389345,6.547,1386407.17,1386407.17,0,,,,
41,29/06/2012,0,76.54,3.693,197.785577,6.547,1355600.01,1355600.01,0,,,,
41,06/07/2012,0,74.47,3.646,197.8322195,6.432,1456300.89,1456300.89,0,,,,
41,13/07/2012,0,67.24,3.613,197.8788621,6.432,1332594.07,1332594.07,0,,,,
41,20/07/2012,0,74.06,3.585,197.9290378,6.432,1347175.93,1347175.93,0,,,,
41,27/07/2012,0,73.31,3.57,197.9792136,6.432,1344723.97,1344723.97,0,,,,
41,03/08/2012,0,73.16,3.528,198.0293893,6.432,1439607.35,1439607.35,0,,,,
41,10/08/2012,0,71.73,3.509,198.0795651,6.432,1504545.94,1504545.94,0,,,,
41,17/08/2012,0,65.77,3.545,198.1001057,6.432,1560590.05,1560590.05,0,,,,
41,24/08/2012,0,69.07,3.558,198.0984199,6.432,1464462.85,1464462.85,0,,,,
41,31/08/2012,0,71.56,3.556,198.0967341,6.432,1360517.52,1360517.52,0,,,,
41,07/09/2012,1,67.41,3.596,198.0950484,6.432,1392143.82,1392143.82,0,,,,
41,14/09/2012,0,59.39,3.659,198.1267184,6.432,1306644.25,1464462.85,-157818.6,,,,
41,21/09/2012,0,59.81,3.765,198.358523,6.432,1276609.36,1276609.36,0,,,,
41,28/09/2012,0,56.08,3.789,198.5903276,6.432,1307928.01,1400160.95,-92232.94,,,,
41,05/10/2012,0,50.14,3.779,198.8221322,6.195,1400160.95,1400160.95,0,,,,
41,12/10/2012,0,39.38,3.76,199.0539368,6.195,1409544.97,1409544.97,0,,,,
41,19/10/2012,0,49.56,3.75,199.1481963,6.195,1326197.24,1326197.24,0,,,,
41,26/10/2012,0,41.8,3.686,199.2195317,6.195,1316542.59,1316542.59,0,,,,
42,05/02/2010,0,54.34,2.962,126.4420645,9.765,543384.01,543384.01,0,,,,
42,12/02/2010,1,49.96,2.828,126.4962581,9.765,575709.96,575709.96,0,,,,
42,19/02/2010,0,58.22,2.915,126.5262857,9.765,508794.87,554972.42,-46177.55,,,,
42,26/02/2010,0,52.77,2.825,126.5522857,9.765,491510.58,491510.58,0,,,,
42,05/03/2010,0,55.92,2.877,126.5782857,9.765,554972.42,554972.42,0,,,,
42,12/03/2010,0,52.33,3.034,126.6042857,9.765,588363.62,588363.62,0,,,,
42,19/03/2010,0,61.46,3.054,126.6066452,9.765,519914.1,519914.1,0,,,,
42,26/03/2010,0,60.05,2.98,126.6050645,9.765,478021.68,478021.68,0,,,,
42,02/04/2010,0,63.66,3.086,126.6034839,9.524,505907.41,505907.41,0,,,,
42,09/04/2010,0,65.29,3.004,126.6019032,9.524,582552.26,582552.26,0,,,,
42,16/04/2010,0,69.74,3.109,126.5621,9.524,549528.16,549528.16,0,,,,
42,23/04/2010,0,66.42,3.05,126.4713333,9.524,492364.77,543384.01,-51019.24,,,,
42,30/04/2010,0,69.76,3.105,126.3805667,9.524,477615.87,477615.87,0,,,,
42,07/05/2010,0,71.06,3.127,126.2898,9.524,582846.22,582846.22,0,,,,
42,14/05/2010,0,73.88,3.145,126.2085484,9.524,564345.55,564345.55,0,,,,
42,21/05/2010,0,78.32,3.12,126.1843871,9.524,504403.16,504403.16,0,,,,
42,28/05/2010,0,76.67,3.058,126.1602258,9.524,484097.03,484097.03,0,,,,
42,04/06/2010,0,82.82,2.941,126.1360645,9.524,556046.12,556046.12,0,,,,
42,11/06/2010,0,89.67,3.057,126.1119032,9.524,607218.6,484097.03,123121.57,,,,
42,18/06/2010,0,83.49,2.935,126.114,9.524,529418.64,529418.64,0,,,,
42,25/06/2010,0,90.32,3.084,126.1266,9.524,484327.56,484327.56,0,,,,
42,02/07/2010,0,92.89,2.978,126.1392,9.199,507168.8,507168.8,0,,,,
42,09/07/2010,0,91.03,3.1,126.1518,9.199,570069.48,570069.48,0,,,,
42,16/07/2010,0,91.8,2.971,126.1498065,9.199,558837.27,507168.8,51668.47,,,,
42,23/07/2010,0,88.44,3.112,126.1283548,9.199,491115.86,491115.86,0,,,,
42,30/07/2010,0,85.03,3.017,126.1069032,9.199,469598.57,469598.57,0,,,,
42,06/08/2010,0,86.13,3.123,126.0854516,9.199,579544.21,579544.21,0,,,,
42,13/08/2010,0,88.37,3.049,126.064,9.199,583079.97,583079.97,0,,,,
42,20/08/2010,0,89.88,3.041,126.0766452,9.199,500945.63,500945.63,0,,,,
42,27/08/2010,0,84.99,3.022,126.0892903,9.199,465993.51,465993.51,0,,,,
42,03/09/2010,0,83.8,3.087,126.1019355,9.199,524658.06,524658.06,0,,,,
42,10/09/2010,1,84.04,2.961,126.1145806,9.199,589091.04,589091.04,0,,,,
42,17/09/2010,0,85.52,3.028,126.1454667,9.199,536871.58,536871.58,0,,,,
42,24/09/2010,0,85.75,2.939,126.1900333,9.199,492262.96,492262.96,0,,,,
42,01/10/2010,0,86.01,3.001,126.2346,9.003,481523.93,481523.93,0,,,,
42,08/10/2010,0,77.04,2.924,126.2791667,9.003,599759.45,589091.04,10668.41,,,,
42,15/10/2010,0,75.48,3.08,126.3266774,9.003,559285.35,559285.35,0,,,,
42,22/10/2010,0,68.12,3.014,126.3815484,9.003,522467.51,565390.4,-42922.89,,,,
42,29/10/2010,0,68.76,3.13,126.4364194,9.003,476967.65,588592.61,-111624.96,,,,
42,05/11/2010,0,71.04,3.009,126.4912903,9.003,565390.4,565390.4,0,,,,
42,12/11/2010,0,61.24,3.13,126.5461613,9.003,588592.61,588592.61,0,,,,
42,19/11/2010,0,58.83,3.047,126.6072,9.003,524316.21,524316.21,0,,,,
42,26/11/2010,1,55.33,3.162,126.6692667,9.003,522296.71,537455.65,-15158.94,,,,
42,03/12/2010,0,51.17,3.041,126.7313333,9.003,500250.8,500250.8,0,,,,
42,10/12/2010,0,60.51,3.091,126.7934,9.003,585175.24,585175.24,0,,,,
42,17/12/2010,0,59.15,3.125,126.8794839,9.003,537455.65,537455.65,0,,,,
42,24/12/2010,0,57.06,3.236,126.9835806,9.003,555075.27,555075.27,0,,,,
42,31/12/2010,1,49.67,3.148,127.0876774,9.003,428953.6,428953.6,0,,,,
42,07/01/2011,0,43.43,3.287,127.1917742,8.744,592947.75,592947.75,0,,,,
42,14/01/2011,0,49.98,3.312,127.3009355,8.744,613899.15,613899.15,0,,,,
42,21/01/2011,0,56.75,3.336,127.4404839,8.744,533414.62,533414.62,0,,,,
42,28/01/2011,0,53.03,3.231,127.5800323,8.744,499081.79,499081.79,0,,,,
42,04/02/2011,0,44.88,3.348,127.7195806,8.744,586886.16,586886.16,0,,,,
42,11/02/2011,1,51.51,3.381,127.859129,8.744,628063.88,628063.88,0,,,,
42,18/02/2011,0,61.77,3.43,127.99525,8.744,556485.1,556485.1,0,,,,
42,25/02/2011,0,53.59,3.398,128.13,8.744,526904.08,526904.08,0,,,,
42,04/03/2011,0,56.96,3.674,128.26475,8.744,570879.04,570879.04,0,,,,
42,11/03/2011,0,64.22,3.63,128.3995,8.744,607294.56,522673.62,84620.94,,,,
42,18/03/2011,0,70.12,3.892,128.5121935,8.744,558239.32,558239.32,0,,,,
42,25/03/2011,0,62.53,3.716,128.6160645,8.744,522673.62,522673.62,0,,,,
42,01/04/2011,0,67.64,3.772,128.7199355,8.494,508432.17,508432.17,0,,,,
42,08/04/2011,0,73.03,3.818,128.8238065,8.494,620087.35,620087.35,0,,,,
42,15/04/2011,0,61.05,4.089,128.9107333,8.494,597644.02,597644.02,0,,,,
42,22/04/2011,0,75.93,3.917,128.9553,8.494,534597.69,534597.69,0,,,,
42,29/04/2011,0,73.38,4.151,128.9998667,8.494,496010.17,496010.17,0,,,,
42,06/05/2011,0,73.56,4.193,129.0444333,8.494,612337.35,612337.35,0,,,,
42,13/05/2011,0,74.04,4.202,129.089,8.494,603024.75,603024.75,0,,,,
42,20/05/2011,0,72.62,3.99,129.0756774,8.494,524559.95,524559.95,0,,,,
42,27/05/2011,0,78.62,3.933,129.0623548,8.494,503295.29,503295.29,0,,,,
42,03/06/2011,0,81.87,3.893,129.0490323,8.494,545109.3,545109.3,0,,,,
42,10/06/2011,0,84.57,3.981,129.0357097,8.494,616701.99,616701.99,0,,,,
42,17/06/2011,0,87.96,3.935,129.0432,8.494,546675.65,546675.65,0,,,,
42,24/06/2011,0,90.69,3.807,129.0663,8.494,501780.66,603147.26,-101366.6,,,,
42,01/07/2011,0,95.36,3.842,129.0894,8.257,506343.83,506343.83,0,,,,
42,08/07/2011,0,88.57,3.793,129.1125,8.257,593234.27,603147.26,-9912.99,,,,
42,15/07/2011,0,86.01,3.779,129.1338387,8.257,591703.82,603147.26,-11443.44,,,,
42,22/07/2011,0,88.59,3.697,129.1507742,8.257,511316.29,511316.29,0,,,,
42,29/07/2011,0,86.75,3.694,129.1677097,8.257,479256.8,479256.8,0,,,,
42,05/08/2011,0,89.8,3.803,129.1846452,8.257,572603.33,603147.26,-30543.93,,,,
42,12/08/2011,0,85.61,3.794,129.2015806,8.257,603147.26,603147.26,0,,,,
42,19/08/2011,0,87.4,3.743,129.2405806,8.257,526641.23,526641.23,0,,,,
42,26/08/2011,0,91.59,3.663,129.2832581,8.257,503720.98,503720.98,0,,,,
42,02/09/2011,0,91.61,3.798,129.3259355,8.257,537124.76,537124.76,0,,,,
42,09/09/2011,1,89.06,3.771,129.3686129,8.257,608390.94,608390.94,0,,,,
42,16/09/2011,0,77.49,3.784,129.4306,8.257,576837.09,576837.09,0,,,,
42,23/09/2011,0,82.51,3.789,129.5183333,8.257,528486.45,528486.45,0,,,,
42,30/09/2011,0,82.27,3.877,129.6060667,8.257,510243.79,510243.79,0,,,,
42,07/10/2011,0,75.01,3.827,129.6938,7.874,649111.23,649111.23,0,,,,
42,14/10/2011,0,70.27,3.698,129.7706452,7.874,613531.11,613531.11,0,,,,
42,21/10/2011,0,77.91,3.842,129.7821613,7.874,537276.41,537276.41,0,,,,
42,28/10/2011,0,72.79,3.843,129.7936774,7.874,515599.7,515599.7,0,,,,
42,04/11/2011,0,68.57,3.828,129.8051935,7.874,597667.21,597667.21,0,,,,
42,11/11/2011,0,55.28,3.677,129.8167097,7.874,643125.29,526904.08,116221.21,,,,
42,18/11/2011,0,58.97,3.669,129.8268333,7.874,567673.87,577698.37,-10024.5,,,,
42,25/11/2011,1,60.68,3.76,129.8364,7.874,577698.37,577698.37,0,,,,
42,02/12/2011,0,57.29,3.701,129.8459667,7.874,511883.36,511883.36,0,,,,
42,09/12/2011,0,42.58,3.644,129.8555333,7.874,619133.48,619133.48,0,,,,
42,16/12/2011,0,50.53,3.489,129.8980645,7.874,598437.98,598437.98,0,,,,
42,23/12/2011,0,48.36,3.541,129.9845484,7.874,575676.13,575676.13,0,,,,
42,30/12/2011,1,48.92,3.428,130.0710323,7.874,454412.28,454412.28,0,,,,
42,06/01/2012,0,59.85,3.443,130.1575161,7.545,636372.37,636372.37,0,,,,
42,13/01/2012,0,51,3.477,130.244,7.545,664348.2,664348.2,0,,,,
42,20/01/2012,0,54.51,3.66,130.2792258,7.545,579499.93,664348.2,-84848.27,,,,
42,27/01/2012,0,53.59,3.675,130.3144516,7.545,538978.67,538978.67,0,,,,
42,03/02/2012,0,56.85,3.543,130.3496774,7.545,588448.21,659816.15,-71367.94,,,,
42,10/02/2012,1,55.73,3.722,130.3849032,7.545,674919.45,674919.45,0,,,,
42,17/02/2012,0,54.12,3.781,130.4546207,7.545,606671.5,606671.5,0,,,,
42,24/02/2012,0,56.02,3.95,130.5502069,7.545,564304.15,564304.15,0,,,,
42,02/03/2012,0,57.62,3.882,130.6457931,7.545,585895.34,659816.15,-73920.81,,,,
42,09/03/2012,0,57.65,3.963,130.7413793,7.545,659816.15,659816.15,0,,,,
42,16/03/2012,0,62.11,4.273,130.8261935,7.545,618767.26,618767.26,0,,,,
42,23/03/2012,0,56.54,4.288,130.8966452,7.545,561226.38,561226.38,0,,,,
42,30/03/2012,0,67.92,4.294,130.9670968,7.545,544408.14,544408.14,0,,,,
42,06/04/2012,0,65.99,4.282,131.0375484,7.382,652312.11,652312.11,0,,,,
42,13/04/2012,0,70.28,4.254,131.108,7.382,639123.45,639123.45,0,,,,
42,20/04/2012,0,67.75,4.111,131.1173333,7.382,552529.23,552529.23,0,,,,
42,27/04/2012,0,80.11,4.088,131.1266667,7.382,526625.49,526625.49,0,,,,
42,04/05/2012,0,77.02,4.058,131.136,7.382,609274.89,643603.69,-34328.8,,,,
42,11/05/2012,0,76.03,4.186,131.1453333,7.382,643603.69,643603.69,0,,,,
42,18/05/2012,0,85.19,4.308,131.0983226,7.382,590636.38,590636.38,0,,,,
42,25/05/2012,0,86.03,4.127,131.0287742,7.382,535764.58,642671.48,-106906.9,,,,
42,01/06/2012,0,80.06,4.277,130.9592258,7.382,521953.78,521953.78,0,,,,
42,08/06/2012,0,86.87,4.103,130.8896774,7.382,642671.48,642671.48,0,,,,
42,15/06/2012,0,88.58,4.144,130.8295333,7.382,606309.13,606309.13,0,,,,
42,22/06/2012,0,89.92,4.014,130.7929,7.382,540031.29,540031.29,0,,,,
42,29/06/2012,0,91.36,3.875,130.7562667,7.382,507403.77,510243.79,-2840.02,,,,
42,06/07/2012,0,86.87,3.666,130.7196333,7.17,618702.09,530318.39,88383.7,,,,
42,13/07/2012,0,89.8,3.723,130.683,7.17,628099.08,516352.21,111746.87,,,,
42,20/07/2012,0,84.45,3.589,130.7012903,7.17,530318.39,530318.39,0,,,,
42,27/07/2012,0,83.98,3.769,130.7195806,7.17,516352.21,516352.21,0,,,,
42,03/08/2012,0,84.76,3.595,130.737871,7.17,573084.71,530318.39,42766.32,,,,
42,10/08/2012,0,90.78,3.811,130.7561613,7.17,576620.31,576620.31,0,,,,
42,17/08/2012,0,88.83,4.002,130.7909677,7.17,575997.78,575997.78,0,,,,
42,24/08/2012,0,82.5,4.055,130.8381613,7.17,535537.03,535537.03,0,,,,
42,31/08/2012,0,86.97,3.886,130.8853548,7.17,504760.57,504760.57,0,,,,
42,07/09/2012,1,83.07,4.124,130.9325484,7.17,617405.35,617405.35,0,,,,
42,14/09/2012,0,78.47,3.966,130.9776667,7.17,586737.66,505978.46,80759.2,,,,
42,21/09/2012,0,81.93,4.125,131.0103333,7.17,527165.7,527165.7,0,,,,
42,28/09/2012,0,82.52,3.966,131.043,7.17,505978.46,505978.46,0,,,,
42,05/10/2012,0,80.88,4.132,131.0756667,6.943,593162.53,526625.49,66537.04,,,,
42,12/10/2012,0,76.03,4.468,131.1083333,6.943,612379.9,612379.9,0,,,,
42,19/10/2012,0,72.71,4.449,131.1499677,6.943,541406.98,612379.9,-70972.92,,,,
42,26/10/2012,0,70.5,4.301,131.1930968,6.943,514756.08,514756.08,0,,,,
43,05/02/2010,0,47.31,2.572,203.0642742,9.521,647029.28,647029.28,0,,,,
43,12/02/2010,1,47.99,2.548,203.2010968,9.521,682918.99,682918.99,0,,,,
43,19/02/2010,0,48.77,2.514,203.2479796,9.521,658997.55,658997.55,0,,,,
43,26/02/2010,0,48.77,2.561,203.2798724,9.521,618702.79,618702.79,0,,,,
43,05/03/2010,0,52.89,2.625,203.3117653,9.521,658600.05,658600.05,0,,,,
43,12/03/2010,0,53.67,2.667,203.3436582,9.521,645386.94,645386.94,0,,,,
43,19/03/2010,0,56,2.72,203.195159,9.521,668098.49,668098.49,0,,,,
43,26/03/2010,0,54.53,2.732,203.0165945,9.521,623097.93,623097.93,0,,,,
43,02/04/2010,0,62.19,2.719,202.83803,9.593,650102.8,650102.8,0,,,,
43,09/04/2010,0,64.37,2.77,202.6594654,9.593,693058.34,693058.34,0,,,,
43,16/04/2010,0,69.46,2.808,202.5351571,9.593,675282.2,675282.2,0,,,,
43,23/04/2010,0,62.71,2.795,202.4831905,9.593,638957.35,638957.35,0,,,,
43,30/04/2010,0,66.91,2.78,202.4312238,9.593,630740.11,630315.76,424.35,,,,
43,07/05/2010,0,67.16,2.835,202.3792571,9.593,691498.6,691498.6,0,,,,
43,14/05/2010,0,72.14,2.854,202.3705092,9.593,690851.59,690851.59,0,,,,
43,21/05/2010,0,74.74,2.826,202.6210737,9.593,672062.08,672062.08,0,,,,
43,28/05/2010,0,78.59,2.759,202.8716382,9.593,630315.76,630315.76,0,,,,
43,04/06/2010,0,82.76,2.705,203.1222028,9.593,682012.53,682012.53,0,,,,
43,11/06/2010,0,88.12,2.668,203.3727673,9.593,684023.95,684023.95,0,,,,
43,18/06/2010,0,84.9,2.637,203.370619,9.593,700009.77,698536.06,1473.71,,,,
43,25/06/2010,0,88.48,2.653,203.2673857,9.593,625196.14,625196.14,0,,,,
43,02/07/2010,0,80.17,2.669,203.1641524,9.816,667353.79,667353.79,0,,,,
43,09/07/2010,0,81.52,2.642,203.060919,9.816,718748.33,696844.36,21903.97,,,,
43,16/07/2010,0,84.17,2.623,203.0538548,9.816,696844.36,696844.36,0,,,,
43,23/07/2010,0,86.6,2.608,203.1750161,9.816,649035.55,649035.55,0,,,,
43,30/07/2010,0,79.79,2.64,203.2961774,9.816,622112.23,649035.55,-26923.32,,,,
43,06/08/2010,0,84.66,2.627,203.4173387,9.816,698536.06,698536.06,0,,,,
43,13/08/2010,0,86.31,2.692,203.5385,9.816,713479.91,713479.91,0,,,,
43,20/08/2010,0,85.26,2.664,203.5092419,9.816,712869.09,712869.09,0,,,,
43,27/08/2010,0,80.32,2.619,203.4799839,9.816,655284.69,689326.91,-34042.22,,,,
43,03/09/2010,0,80.43,2.577,203.4507258,9.816,689326.91,689326.91,0,,,,
43,10/09/2010,1,81.32,2.565,203.4214677,9.816,722120.04,722120.04,0,,,,
43,17/09/2010,0,78.86,2.582,203.4499286,9.816,725043.04,725043.04,0,,,,
43,24/09/2010,0,77.42,2.624,203.5216786,9.816,650263.95,650263.95,0,,,,
43,01/10/2010,0,77.93,2.603,203.5934286,10.21,657108.77,657108.77,0,,,,
43,08/10/2010,0,72.81,2.633,203.6651786,10.21,713332.54,713332.54,0,,,,
43,15/10/2010,0,68.78,2.72,203.7299032,10.21,699852.68,699852.68,0,,,,
43,22/10/2010,0,69.46,2.725,203.7770645,10.21,680943.03,680943.03,0,,,,
43,29/10/2010,0,65.88,2.716,203.8242258,10.21,610076.32,610076.32,0,,,,
43,05/11/2010,0,62.52,2.689,203.8713871,10.21,605960.2,605960.2,0,,,,
43,12/11/2010,0,59.98,2.728,203.9185484,10.21,595421.23,595421.23,0,,,,
43,19/11/2010,0,54.96,2.771,203.8191286,10.21,589467.35,589467.35,0,,,,
43,26/11/2010,1,54.76,2.735,203.6952786,10.21,633520.34,633520.34,0,,,,
43,03/12/2010,0,44.56,2.708,203.5714286,10.21,557543.62,557543.62,0,,,,
43,10/12/2010,0,52.52,2.843,203.4475786,10.21,598679.02,598679.02,0,,,,
43,17/12/2010,0,56.51,2.869,203.3996521,10.21,615761.77,615761.77,0,,,,
43,24/12/2010,0,57.15,2.886,203.4086682,10.21,656637.63,615761.77,40875.86,,,,
43,31/12/2010,1,48.61,2.943,203.4176843,10.21,534740.3,534740.3,0,,,,
43,07/01/2011,0,40.47,2.976,203.4267005,10.398,611796.61,611796.61,0,,,,
43,14/01/2011,0,43.45,2.983,203.4840645,10.398,614940.07,614940.07,0,,,,
43,21/01/2011,0,53.05,3.016,203.8315161,10.398,601004.79,615761.77,-14756.98,,,,
43,28/01/2011,0,44.98,3.01,204.1789677,10.398,562558.27,562558.27,0,,,,
43,04/02/2011,0,33.21,2.989,204.5264194,10.398,651521.77,651521.77,0,,,,
43,11/02/2011,1,40.65,3.022,204.873871,10.398,635650.98,635650.98,0,,,,
43,18/02/2011,0,59.15,3.045,205.1683214,10.398,626627.77,626627.77,0,,,,
43,25/02/2011,0,58.37,3.065,205.4415714,10.398,592340.01,592340.01,0,,,,
43,04/03/2011,0,60.26,3.288,205.7148214,10.398,616345.25,616345.25,0,,,,
43,11/03/2011,0,60.24,3.459,205.9880714,10.398,629026.75,629026.75,0,,,,
43,18/03/2011,0,68.98,3.488,206.225924,10.398,635171.05,635171.05,0,,,,
43,25/03/2011,0,65.53,3.473,206.4496175,10.398,585989.1,611585.54,-25596.44,,,,
43,01/04/2011,0,67.79,3.524,206.6733111,10.581,611585.54,611585.54,0,,,,
43,08/04/2011,0,70.35,3.622,206.8970046,10.581,650418.75,635758.03,14660.72,,,,
43,15/04/2011,0,65.01,3.743,207.1015429,10.581,635758.03,635758.03,0,,,,
43,22/04/2011,0,74.49,3.807,207.2581929,10.581,638280.67,611464.21,26816.46,,,,
43,29/04/2011,0,71.34,3.81,207.4148429,10.581,611464.21,611464.21,0,,,,
43,06/05/2011,0,66.77,3.906,207.5714929,10.581,649148.74,658468.27,-9319.53,,,,
43,13/05/2011,0,76.03,3.899,207.7281429,10.581,684655.91,684655.91,0,,,,
43,20/05/2011,0,74.21,3.907,207.5200622,10.581,648330.18,648330.18,0,,,,
43,27/05/2011,0,80.89,3.786,207.3119816,10.581,578209.63,578209.63,0,,,,
43,03/06/2011,0,83.49,3.699,207.1039009,10.581,630972.15,572447.52,58524.63,,,,
43,10/06/2011,0,85.81,3.648,206.8958203,10.581,643041.71,643041.71,0,,,,
43,17/06/2011,0,88.49,3.637,206.8560238,10.581,665781.74,665781.74,0,,,,
43,24/06/2011,0,88.3,3.594,206.9424405,10.581,604925.08,604925.08,0,,,,
43,01/07/2011,0,91.36,3.524,207.0288571,10.641,586781.78,586781.78,0,,,,
43,08/07/2011,0,87.02,3.48,207.1152738,10.641,651147.83,651147.83,0,,,,
43,15/07/2011,0,84.67,3.575,207.1940691,10.641,631827.38,663396.32,-31568.94,,,,
43,22/07/2011,0,88.58,3.651,207.2538111,10.641,597354.39,597354.39,0,,,,
43,29/07/2011,0,83.43,3.682,207.313553,10.641,533917.52,533917.52,0,,,,
43,05/08/2011,0,87.47,3.684,207.3732949,10.641,605956.59,533917.52,72039.07,,,,
43,12/08/2011,0,86.64,3.638,207.4330369,10.641,595626.56,663396.32,-67769.76,,,,
43,19/08/2011,0,82.08,3.554,207.4953088,10.641,663396.32,663396.32,0,,,,
43,26/08/2011,0,87.43,3.523,207.5580023,10.641,561573.08,561573.08,0,,,,
43,02/09/2011,0,87.84,3.533,207.6206959,10.641,594224.9,594224.9,0,,,,
43,09/09/2011,1,79.29,3.546,207.6833894,10.641,649128.23,594224.9,54903.33,,,,
43,16/09/2011,0,77.17,3.526,207.8527143,10.641,618877.13,618877.13,0,,,,
43,23/09/2011,0,78.98,3.467,208.1642143,10.641,586108.13,586108.13,0,,,,
43,30/09/2011,0,78.97,3.355,208.4757143,10.641,555183.72,555183.72,0,,,,
43,07/10/2011,0,74.17,3.285,208.7872143,10.148,642828.62,642828.62,0,,,,
43,14/10/2011,0,68.09,3.274,209.0752166,10.148,590984.56,590984.56,0,,,,
43,21/10/2011,0,70.3,3.353,209.2222327,10.148,594625.96,594625.96,0,,,,
43,28/10/2011,0,66.82,3.372,209.3692488,10.148,572516.57,572516.57,0,,,,
43,04/11/2011,0,59.08,3.332,209.516265,10.148,641905.37,641905.37,0,,,,
43,11/11/2011,0,51.26,3.297,209.6632811,10.148,615975.5,585028.26,30947.24,,,,
43,18/11/2011,0,57.75,3.308,209.8651071,10.148,628115.61,628115.61,0,,,,
43,25/11/2011,1,55.7,3.236,210.0888571,10.148,669965.22,669965.22,0,,,,
43,02/12/2011,0,47.49,3.172,210.3126071,10.148,585028.26,585028.26,0,,,,
43,09/12/2011,0,34.23,3.158,210.5363571,10.148,617898.07,617898.07,0,,,,
43,16/12/2011,0,43.78,3.159,210.7365392,10.148,665007.08,676290.46,-11283.38,,,,
43,23/12/2011,0,42.63,3.112,210.9052972,10.148,676290.46,676290.46,0,,,,
43,30/12/2011,1,41.83,3.129,211.0740553,10.148,505405.85,505405.85,0,,,,
43,06/01/2012,0,47.59,3.157,211.2428134,9.653,670993.01,587685.38,83307.63,,,,
43,13/01/2012,0,43.68,3.261,211.4115714,9.653,663529.64,663529.64,0,,,,
43,20/01/2012,0,52.72,3.268,211.4997811,9.653,619225.65,619225.65,0,,,,
43,27/01/2012,0,52.1,3.29,211.5879908,9.653,587685.38,587685.38,0,,,,
43,03/02/2012,0,51.92,3.36,211.6762005,9.653,629176.71,629176.71,0,,,,
43,10/02/2012,1,46.54,3.409,211.7644101,9.653,662198.65,662198.65,0,,,,
43,17/02/2012,0,49.38,3.51,211.916835,9.653,660632.05,660632.05,0,,,,
43,24/02/2012,0,53.53,3.555,212.1174212,9.653,613042.97,613042.97,0,,,,
43,02/03/2012,0,56.43,3.63,212.3180074,9.653,693249.98,693249.98,0,,,,
43,09/03/2012,0,54.52,3.669,212.5185936,9.653,636677.67,636677.67,0,,,,
43,16/03/2012,0,57.88,3.734,212.6651567,9.653,661707.02,661707.02,0,,,,
43,23/03/2012,0,56.28,3.787,212.7396889,9.653,610940.94,610940.94,0,,,,
43,30/03/2012,0,69.88,3.845,212.8142212,9.653,623258.4,623258.4,0,,,,
43,06/04/2012,0,64.7,3.891,212.8887535,9.575,658468.27,658468.27,0,,,,
43,13/04/2012,0,70.18,3.891,212.9632857,9.575,665687.92,665687.92,0,,,,
43,20/04/2012,0,67.28,3.877,213.0130524,9.575,638144.98,638144.98,0,,,,
43,27/04/2012,0,78.27,3.814,213.062819,9.575,593138.59,593138.59,0,,,,
43,04/05/2012,0,77.47,3.749,213.1125857,9.575,637964.2,637964.2,0,,,,
43,11/05/2012,0,67.59,3.688,213.1623524,9.575,640159.04,640159.04,0,,,,
43,18/05/2012,0,72.06,3.63,213.1753618,9.575,648541.81,642614.89,5926.92,,,,
43,25/05/2012,0,82.41,3.561,213.1736682,9.575,597406.39,572447.52,24958.87,,,,
43,01/06/2012,0,80.89,3.501,213.1719747,9.575,605078.62,605078.62,0,,,,
43,08/06/2012,0,85.73,3.452,213.1702811,9.575,643032.51,643032.51,0,,,,
43,15/06/2012,0,87.75,3.393,213.1786952,9.575,634815.1,634815.1,0,,,,
43,22/06/2012,0,87.51,3.346,213.2123786,9.575,613270.79,613270.79,0,,,,
43,29/06/2012,0,89.85,3.286,213.2460619,9.575,593128.13,593128.13,0,,,,
43,06/07/2012,0,82.68,3.227,213.2797452,9.285,645618.59,627634.04,17984.55,,,,
43,13/07/2012,0,78.82,3.256,213.3134286,9.285,627634.04,627634.04,0,,,,
43,20/07/2012,0,83.83,3.311,213.3219124,9.285,596554.05,613270.79,-16716.74,,,,
43,27/07/2012,0,82.01,3.407,213.3303963,9.285,572447.52,572447.52,0,,,,
43,03/08/2012,0,85.06,3.417,213.3388802,9.285,614378.94,634815.1,-20436.16,,,,
43,10/08/2012,0,86.36,3.494,213.3473641,9.285,643558.78,643032.51,526.27,,,,
43,17/08/2012,0,85.66,3.571,213.4226959,9.285,640210.85,640210.85,0,,,,
43,24/08/2012,0,81.65,3.62,213.5481636,9.285,598234.64,598234.64,0,,,,
43,31/08/2012,0,81.12,3.638,213.6736313,9.285,593141.29,593141.29,0,,,,
43,07/09/2012,1,84.99,3.73,213.7990991,9.285,663814.18,663814.18,0,,,,
43,14/09/2012,0,73.03,3.717,213.9332167,9.285,625196.94,640159.04,-14962.1,,,,
43,21/09/2012,0,75.87,3.721,214.1192333,9.285,601990.02,637964.2,-35974.18,,,,
43,28/09/2012,0,77.55,3.666,214.30525,9.285,577792.32,577792.32,0,,,,
43,05/10/2012,0,74.09,3.617,214.4912667,8.839,642614.89,642614.89,0,,,,
43,12/10/2012,0,71.14,3.601,214.6772833,8.839,619369.72,619369.72,0,,,,
43,19/10/2012,0,71.25,3.594,214.7212488,8.839,623919.23,619369.72,4549.51,,,,
43,26/10/2012,0,69.17,3.506,214.7415392,8.839,587603.55,587603.55,0,,,,
44,05/02/2010,0,31.53,2.666,126.4420645,8.119,281090.95,281090.95,0,,,,
44,12/02/2010,1,33.16,2.671,126.4962581,8.119,286857.13,241937.11,44920.02,,,,
44,19/02/2010,0,35.7,2.654,126.5262857,8.119,267956.3,281090.95,-13134.65,,,,
44,26/02/2010,0,29.98,2.667,126.5522857,8.119,273079.07,273079.07,0,,,,
44,05/03/2010,0,40.65,2.681,126.5782857,8.119,284617.27,276279.49,8337.78,,,,
44,12/03/2010,0,37.62,2.733,126.6042857,8.119,272190.83,272190.83,0,,,,
44,19/03/2010,0,42.49,2.782,126.6066452,8.119,269624.2,276279.49,-6655.29,,,,
44,26/03/2010,0,41.48,2.819,126.6050645,8.119,276279.49,276279.49,0,,,,
44,02/04/2010,0,42.15,2.842,126.6034839,7.972,286197.5,286197.5,0,,,,
44,09/04/2010,0,38.97,2.877,126.6019032,7.972,257361.3,257361.3,0,,,,
44,16/04/2010,0,50.39,2.915,126.5621,7.972,280048.74,280048.74,0,,,,
44,23/04/2010,0,55.66,2.936,126.4713333,7.972,278287.04,278287.04,0,,,,
44,30/04/2010,0,48.33,2.941,126.3805667,7.972,272997.65,272997.65,0,,,,
44,07/05/2010,0,44.42,2.948,126.2898,7.972,285379.86,285379.86,0,,,,
44,14/05/2010,0,50.15,2.962,126.2085484,7.972,286515.92,286515.92,0,,,,
44,21/05/2010,0,57.71,2.95,126.1843871,7.972,267065.35,267065.35,0,,,,
44,28/05/2010,0,53.11,2.908,126.1602258,7.972,291891.01,291891.01,0,,,,
44,04/06/2010,0,59.85,2.871,126.1360645,7.972,282351.82,282351.82,0,,,,
44,11/06/2010,0,65.24,2.841,126.1119032,7.972,296818.2,296818.2,0,,,,
44,18/06/2010,0,58.41,2.819,126.114,7.972,293481.36,293481.36,0,,,,
44,25/06/2010,0,71.83,2.82,126.1266,7.972,288247.24,288247.24,0,,,,
44,02/07/2010,0,78.82,2.814,126.1392,7.804,300628.19,300628.19,0,,,,
44,09/07/2010,0,71.33,2.802,126.1518,7.804,280472.78,280472.78,0,,,,
44,16/07/2010,0,77.79,2.791,126.1498065,7.804,297099.95,297099.95,0,,,,
44,23/07/2010,0,82.27,2.797,126.1283548,7.804,292680.16,292680.16,0,,,,
44,30/07/2010,0,78.94,2.797,126.1069032,7.804,275020.96,297099.95,-22078.99,,,,
44,06/08/2010,0,81.24,2.802,126.0854516,7.804,296804.49,296804.49,0,,,,
44,13/08/2010,0,74.93,2.837,126.064,7.804,291028.09,291028.09,0,,,,
44,20/08/2010,0,76.34,2.85,126.0766452,7.804,284740.5,284740.5,0,,,,
44,27/08/2010,0,75.31,2.854,126.0892903,7.804,293155.08,284740.5,8414.58,,,,
44,03/09/2010,0,65.71,2.868,126.1019355,7.804,295880.12,296818.2,-938.08,,,,
44,10/09/2010,1,65.74,2.87,126.1145806,7.804,283455.13,283455.13,0,,,,
44,17/09/2010,0,66.84,2.875,126.1454667,7.804,279364.13,279364.13,0,,,,
44,24/09/2010,0,68.22,2.872,126.1900333,7.804,281313.78,281313.78,0,,,,
44,01/10/2010,0,68.74,2.853,126.2346,7.61,300152.45,268708.43,31444.02,,,,
44,08/10/2010,0,63.03,2.841,126.2791667,7.61,279524.44,279524.44,0,,,,
44,15/10/2010,0,54.12,2.845,126.3266774,7.61,268708.43,268708.43,0,,,,
44,22/10/2010,0,56.89,2.849,126.3815484,7.61,270110.3,268708.43,1401.87,,,,
44,29/10/2010,0,45.12,2.841,126.4364194,7.61,286497.49,286497.49,0,,,,
44,05/11/2010,0,49.96,2.831,126.4912903,7.61,270516.84,281909.79,-11392.95,,,,
44,12/11/2010,0,42.55,2.831,126.5461613,7.61,281909.79,281909.79,0,,,,
44,19/11/2010,0,42,2.842,126.6072,7.61,284322.52,286197.5,-1874.98,,,,
44,26/11/2010,1,28.22,2.83,126.6692667,7.61,307646.5,241937.11,65709.39,,,,
44,03/12/2010,0,25.8,2.812,126.7313333,7.61,264214.12,264214.12,0,,,,
44,10/12/2010,0,36.78,2.817,126.7934,7.61,278253.28,278253.28,0,,,,
44,17/12/2010,0,35.21,2.842,126.8794839,7.61,278646.35,278253.28,393.07,,,,
44,24/12/2010,0,34.9,2.846,126.9835806,7.61,365098.24,365098.24,0,,,,
44,31/12/2010,1,26.79,2.868,127.0876774,7.61,241937.11,241937.11,0,,,,
44,07/01/2011,0,16.94,2.891,127.1917742,7.224,288320.38,288320.38,0,,,,
44,14/01/2011,0,20.6,2.903,127.3009355,7.224,292859.36,292859.36,0,,,,
44,21/01/2011,0,34.8,2.934,127.4404839,7.224,276157.8,276157.8,0,,,,
44,28/01/2011,0,31.64,2.96,127.5800323,7.224,276011.4,276011.4,0,,,,
44,04/02/2011,0,23.35,2.974,127.7195806,7.224,293953.08,276011.4,17941.68,,,,
44,11/02/2011,1,30.83,3.034,127.859129,7.224,307486.73,241937.11,65549.62,,,,
44,18/02/2011,0,40.85,3.062,127.99525,7.224,280785.76,280785.76,0,,,,
44,25/02/2011,0,33.17,3.12,128.13,7.224,279427.93,279427.93,0,,,,
44,04/03/2011,0,34.23,3.23,128.26475,7.224,293984.54,293984.54,0,,,,
44,11/03/2011,0,41.28,3.346,128.3995,7.224,284496.14,284496.14,0,,,,
44,18/03/2011,0,44.69,3.407,128.5121935,7.224,281699.68,281699.68,0,,,,
44,25/03/2011,0,42.38,3.435,128.6160645,7.224,285031.81,281514.26,3517.55,,,,
44,01/04/2011,0,42.49,3.487,128.7199355,6.906,281514.26,281514.26,0,,,,
44,08/04/2011,0,42.75,3.547,128.8238065,6.906,292498.61,292498.61,0,,,,
44,15/04/2011,0,41.72,3.616,128.9107333,6.906,289667.55,289667.55,0,,,,
44,22/04/2011,0,47.55,3.655,128.9553,6.906,280357.3,280357.3,0,,,,
44,29/04/2011,0,43.85,3.683,128.9998667,6.906,281247.97,281247.97,0,,,,
44,06/05/2011,0,47.75,3.744,129.0444333,6.906,299354.67,299354.67,0,,,,
44,13/05/2011,0,52.4,3.77,129.089,6.906,307095.31,307095.31,0,,,,
44,20/05/2011,0,52.12,3.802,129.0756774,6.906,303559.23,303559.23,0,,,,
44,27/05/2011,0,54.62,3.778,129.0623548,6.906,308442.49,308442.49,0,,,,
44,03/06/2011,0,52.76,3.752,129.0490323,6.906,308950.04,308442.49,507.55,,,,
44,10/06/2011,0,61.39,3.732,129.0357097,6.906,308770.42,308770.42,0,,,,
44,17/06/2011,0,63.35,3.704,129.0432,6.906,300255.87,300255.87,0,,,,
44,24/06/2011,0,66.38,3.668,129.0663,6.906,296765.59,300255.87,-3490.28,,,,
44,01/07/2011,0,74.29,3.613,129.0894,6.56,315273.08,315273.08,0,,,,
44,08/07/2011,0,77.3,3.563,129.1125,6.56,295339.01,295339.01,0,,,,
44,15/07/2011,0,75.59,3.553,129.1338387,6.56,289201.21,295339.01,-6137.8,,,,
44,22/07/2011,0,78.5,3.563,129.1507742,6.56,303108.81,279677,23431.81,,,,
44,29/07/2011,0,77.62,3.574,129.1677097,6.56,279677,279677,0,,,,
44,05/08/2011,0,75.56,3.595,129.1846452,6.56,298080.45,298080.45,0,,,,
44,12/08/2011,0,75.95,3.606,129.2015806,6.56,290399.66,298080.45,-7680.79,,,,
44,19/08/2011,0,76.68,3.578,129.2405806,6.56,290909.69,290909.69,0,,,,
44,26/08/2011,0,81.53,3.57,129.2832581,6.56,324174.79,324174.79,0,,,,
44,02/09/2011,0,77,3.58,129.3259355,6.56,309543.52,309543.52,0,,,,
44,09/09/2011,1,70.19,3.619,129.3686129,6.56,295811.25,295811.25,0,,,,
44,16/09/2011,0,67.54,3.641,129.4306,6.56,303974.28,303974.28,0,,,,
44,23/09/2011,0,63.6,3.648,129.5183333,6.56,307409.13,307409.13,0,,,,
44,30/09/2011,0,68.28,3.623,129.6060667,6.56,299757.75,299757.75,0,,,,
44,07/10/2011,0,60.62,3.592,129.6938,6.078,312577.36,312577.36,0,,,,
44,14/10/2011,0,51.74,3.567,129.7706452,6.078,293031.78,293031.78,0,,,,
44,21/10/2011,0,54.66,3.579,129.7821613,6.078,305969.81,305969.81,0,,,,
44,28/10/2011,0,47.41,3.567,129.7936774,6.078,306336.07,307126.34,-790.27,,,,
44,04/11/2011,0,43.51,3.538,129.8051935,6.078,307126.34,307126.34,0,,,,
44,11/11/2011,0,33.8,3.513,129.8167097,6.078,312233.56,312233.56,0,,,,
44,18/11/2011,0,40.65,3.489,129.8268333,6.078,310531.04,310531.04,0,,,,
44,25/11/2011,1,38.89,3.445,129.8364,6.078,309129.01,310531.04,-1402.03,,,,
44,02/12/2011,0,33.94,3.389,129.8459667,6.078,284309.34,284309.34,0,,,,
44,09/12/2011,0,24.82,3.341,129.8555333,6.078,304300.91,304300.91,0,,,,
44,16/12/2011,0,27.85,3.282,129.8980645,6.078,311144.16,311144.16,0,,,,
44,23/12/2011,0,24.76,3.186,129.9845484,6.078,376233.89,376233.89,0,,,,
44,30/12/2011,1,31.53,3.119,130.0710323,6.078,263917.85,263917.85,0,,,,
44,06/01/2012,0,33.8,3.08,130.1575161,5.774,325327.93,325327.93,0,,,,
44,13/01/2012,0,25.61,3.056,130.244,5.774,312361.88,312361.88,0,,,,
44,20/01/2012,0,32.71,3.047,130.2792258,5.774,316948.39,316948.39,0,,,,
44,27/01/2012,0,34.32,3.058,130.3144516,5.774,308295.38,308295.38,0,,,,
44,03/02/2012,0,31.39,3.077,130.3496774,5.774,325986.05,325986.05,0,,,,
44,10/02/2012,1,33.73,3.116,130.3849032,5.774,325377.97,325377.97,0,,,,
44,17/02/2012,0,36.57,3.119,130.4546207,5.774,320691.21,320691.21,0,,,,
44,24/02/2012,0,35.38,3.145,130.5502069,5.774,315641.8,315641.8,0,,,,
44,02/03/2012,0,32.36,3.242,130.6457931,5.774,316687.22,316687.22,0,,,,
44,09/03/2012,0,38.24,3.38,130.7413793,5.774,303438.24,303438.24,0,,,,
44,16/03/2012,0,52.5,3.529,130.8261935,5.774,331965.95,296947.06,35018.89,,,,
44,23/03/2012,0,47.83,3.671,130.8966452,5.774,296947.06,296947.06,0,,,,
44,30/03/2012,0,53.2,3.734,130.9670968,5.774,310027.29,310027.29,0,,,,
44,06/04/2012,0,48.85,3.793,131.0375484,5.621,320021.1,320021.1,0,,,,
44,13/04/2012,0,51.7,3.833,131.108,5.621,311390.22,311390.22,0,,,,
44,20/04/2012,0,50.24,3.845,131.1173333,5.621,323233.8,323233.8,0,,,,
44,27/04/2012,0,64.8,3.842,131.1266667,5.621,330338.36,330338.36,0,,,,
44,04/05/2012,0,54.41,3.831,131.136,5.621,326053.28,326053.28,0,,,,
44,11/05/2012,0,56.47,3.809,131.1453333,5.621,341381.08,341381.08,0,,,,
44,18/05/2012,0,65.17,3.808,131.0983226,5.621,334042.43,330338.36,3704.07,,,,
44,25/05/2012,0,62.39,3.801,131.0287742,5.621,343268.29,343268.29,0,,,,
44,01/06/2012,0,61.11,3.788,130.9592258,5.621,323410.94,323410.94,0,,,,
44,08/06/2012,0,68.4,3.776,130.8896774,5.621,340238.38,340238.38,0,,,,
44,15/06/2012,0,65.97,3.756,130.8295333,5.621,338400.82,338400.82,0,,,,
44,22/06/2012,0,72.89,3.737,130.7929,5.621,336241,336241,0,,,,
44,29/06/2012,0,82,3.681,130.7562667,5.621,338386.08,338386.08,0,,,,
44,06/07/2012,0,79.23,3.63,130.7196333,5.407,358461.58,358461.58,0,,,,
44,13/07/2012,0,83.68,3.595,130.683,5.407,336479.49,358461.58,-21982.09,,,,
44,20/07/2012,0,75.69,3.556,130.7012903,5.407,337819.16,337819.16,0,,,,
44,27/07/2012,0,80.42,3.537,130.7195806,5.407,319855.26,319855.26,0,,,,
44,03/08/2012,0,81.99,3.512,130.737871,5.407,342385.38,342385.38,0,,,,
44,10/08/2012,0,81.69,3.509,130.7561613,5.407,333594.81,333594.81,0,,,,
44,17/08/2012,0,79.4,3.545,130.7909677,5.407,327389.51,327389.51,0,,,,
44,24/08/2012,0,77.37,3.582,130.8381613,5.407,337985.74,337985.74,0,,,,
44,31/08/2012,0,79.18,3.624,130.8853548,5.407,339490.69,339490.69,0,,,,
44,07/09/2012,1,70.65,3.689,130.9325484,5.407,338737.33,338737.33,0,,,,
44,14/09/2012,0,68.55,3.749,130.9776667,5.407,347726.67,347726.67,0,,,,
44,21/09/2012,0,67.96,3.821,131.0103333,5.407,336017.6,336017.6,0,,,,
44,28/09/2012,0,64.8,3.821,131.043,5.407,355307.94,355307.94,0,,,,
44,05/10/2012,0,61.79,3.815,131.0756667,5.217,337390.44,337390.44,0,,,,
44,12/10/2012,0,55.1,3.797,131.1083333,5.217,337796.13,337796.13,0,,,,
44,19/10/2012,0,52.06,3.781,131.1499677,5.217,323766.77,323766.77,0,,,,
44,26/10/2012,0,46.97,3.755,131.1930968,5.217,361067.07,323233.8,37833.27,,,,
45,05/02/2010,0,27.31,2.784,181.8711898,8.992,890689.51,890689.51,0,,,,
45,12/02/2010,1,27.73,2.773,181.982317,8.992,656988.64,656988.64,0,,,,
45,19/02/2010,0,31.27,2.745,182.0347816,8.992,841264.04,841264.04,0,,,,
45,26/02/2010,0,34.89,2.754,182.0774691,8.992,741891.65,741891.65,0,,,,
45,05/03/2010,0,37.13,2.777,182.1201566,8.992,777951.22,777951.22,0,,,,
45,12/03/2010,0,45.8,2.818,182.1628441,8.992,765687.42,773819.49,-8132.07,,,,
45,19/03/2010,0,48.79,2.844,182.0779857,8.992,773819.49,773819.49,0,,,,
45,26/03/2010,0,54.36,2.854,181.9718697,8.992,782563.38,782563.38,0,,,,
45,02/04/2010,0,47.74,2.85,181.8657537,8.899,877235.96,877235.96,0,,,,
45,09/04/2010,0,65.45,2.869,181.7596377,8.899,833782.7,833782.7,0,,,,
45,16/04/2010,0,54.28,2.899,181.6924769,8.899,782221.96,782221.96,0,,,,
45,23/04/2010,0,53.47,2.902,181.6772564,8.899,749779.1,749779.1,0,,,,
45,30/04/2010,0,53.15,2.921,181.6620359,8.899,737265.57,758182.2,-20916.63,,,,
45,07/05/2010,0,70.75,2.966,181.6468154,8.899,812190.76,812190.76,0,,,,
45,14/05/2010,0,54.26,2.982,181.6612792,8.899,758182.2,758182.2,0,,,,
45,21/05/2010,0,62.62,2.958,181.8538486,8.899,747888.25,812190.76,-64302.51,,,,
45,28/05/2010,0,69.27,2.899,182.0464181,8.899,801098.43,801098.43,0,,,,
45,04/06/2010,0,75.93,2.847,182.2389876,8.899,837548.62,837548.62,0,,,,
45,11/06/2010,0,69.71,2.809,182.4315571,8.899,794698.77,794698.77,0,,,,
45,18/06/2010,0,72.62,2.78,182.4424199,8.899,815130.5,815130.5,0,,,,
45,25/06/2010,0,79.32,2.808,182.3806,8.899,792299.15,792299.15,0,,,,
45,02/07/2010,0,76.61,2.815,182.3187801,8.743,800147.84,800147.84,0,,,,
45,09/07/2010,0,82.45,2.793,182.2569603,8.743,787062,787062,0,,,,
45,16/07/2010,0,77.84,2.783,182.2604411,8.743,723708.99,800147.84,-76438.85,,,,
45,23/07/2010,0,81.46,2.771,182.3509895,8.743,714601.11,714601.11,0,,,,
45,30/07/2010,0,79.78,2.781,182.4415378,8.743,716859.27,716859.27,0,,,,
45,06/08/2010,0,77.17,2.784,182.5320862,8.743,746517.32,746517.32,0,,,,
45,13/08/2010,0,78.44,2.805,182.6226346,8.743,722262.21,722262.21,0,,,,
45,20/08/2010,0,76.01,2.779,182.6165205,8.743,708568.29,708568.29,0,,,,
45,27/08/2010,0,71.36,2.755,182.6104063,8.743,721744.33,721744.33,0,,,,
45,03/09/2010,0,78.37,2.715,182.6042922,8.743,790144.7,790144.7,0,,,,
45,10/09/2010,1,70.87,2.699,182.598178,8.743,721460.22,721460.22,0,,,,
45,17/09/2010,0,66.55,2.706,182.622509,8.743,716987.58,745782.1,-28794.52,,,,
45,24/09/2010,0,68.59,2.713,182.6696737,8.743,678228.58,678228.58,0,,,,
45,01/10/2010,0,70.58,2.707,182.7168385,8.724,690007.76,690007.76,0,,,,
45,08/10/2010,0,56.49,2.764,182.7640032,8.724,745782.1,745782.1,0,,,,
45,15/10/2010,0,58.61,2.868,182.8106203,8.724,715263.3,715263.3,0,,,,
45,22/10/2010,0,53.15,2.917,182.8558685,8.724,730899.37,730899.37,0,,,,
45,29/10/2010,0,61.3,2.921,182.9011166,8.724,732859.76,732859.76,0,,,,
45,05/11/2010,0,45.65,2.917,182.9463648,8.724,764014.06,764014.06,0,,,,
45,12/11/2010,0,46.14,2.931,182.9916129,8.724,765648.93,765648.93,0,,,,
45,19/11/2010,0,50.02,3,182.8989385,8.724,723987.85,723987.85,0,,,,
45,26/11/2010,1,46.15,3.039,182.7832769,8.724,1182500.16,1182500.16,0,,,,
45,03/12/2010,0,40.93,3.046,182.6676154,8.724,879244.9,879244.9,0,,,,
45,10/12/2010,0,30.54,3.109,182.5519538,8.724,1002364.34,1123282.85,-120918.51,,,,
45,17/12/2010,0,30.51,3.14,182.517732,8.724,1123282.85,1123282.85,0,,,,
45,24/12/2010,0,30.59,3.141,182.54459,8.724,1682862.03,1682862.03,0,,,,
45,31/12/2010,1,29.67,3.179,182.5714479,8.724,679156.2,679156.2,0,,,,
45,07/01/2011,0,34.32,3.193,182.5983058,8.549,680254.35,1682862.03,-1002607.68,,,,
45,14/01/2011,0,24.78,3.205,182.6585782,8.549,654018.95,654018.95,0,,,,
45,21/01/2011,0,30.55,3.229,182.9193368,8.549,644285.33,644285.33,0,,,,
45,28/01/2011,0,24.05,3.237,183.1800955,8.549,617207.58,617207.58,0,,,,
45,04/02/2011,0,28.73,3.231,183.4408542,8.549,759442.33,759442.33,0,,,,
45,11/02/2011,1,30.3,3.239,183.7016129,8.549,766456,766456,0,,,,
45,18/02/2011,0,40.7,3.245,183.9371353,8.549,802253.41,802253.41,0,,,,
45,25/02/2011,0,35.78,3.274,184.1625632,8.549,733716.78,733716.78,0,,,,
45,04/03/2011,0,38.65,3.433,184.3879911,8.549,761880.36,1078905.68,-317025.32,,,,
45,11/03/2011,0,45.01,3.582,184.613419,8.549,714014.73,714014.73,0,,,,
45,18/03/2011,0,46.66,3.631,184.809719,8.549,733564.77,750182.71,-16617.94,,,,
45,25/03/2011,0,41.76,3.625,184.9943679,8.549,719737.25,719737.25,0,,,,
45,01/04/2011,0,37.27,3.638,185.1790167,8.521,712425.76,712425.76,0,,,,
45,08/04/2011,0,48.71,3.72,185.3636656,8.521,750182.71,750182.71,0,,,,
45,15/04/2011,0,53.69,3.821,185.5339821,8.521,765270.02,765270.02,0,,,,
45,22/04/2011,0,53.04,3.892,185.6684673,8.521,813630.44,813630.44,0,,,,
45,29/04/2011,0,66.18,3.962,185.8029526,8.521,786561.61,786561.61,0,,,,
45,06/05/2011,0,58.21,4.046,185.9374378,8.521,810150.64,810150.64,0,,,,
45,13/05/2011,0,60.38,4.066,186.0719231,8.521,793889.1,793889.1,0,,,,
45,20/05/2011,0,62.28,4.062,185.9661154,8.521,727163.67,727163.67,0,,,,
45,27/05/2011,0,69.7,3.985,185.8603077,8.521,817653.25,786561.61,31091.64,,,,
45,03/06/2011,0,76.38,3.922,185.7545,8.521,877423.45,762861.78,114561.67,,,,
45,10/06/2011,0,73.88,3.881,185.6486923,8.521,814395.17,762861.78,51533.39,,,,
45,17/06/2011,0,69.32,3.842,185.6719333,8.521,811153.67,762861.78,48291.89,,,,
45,24/06/2011,0,74.85,3.804,185.7919609,8.521,762861.78,762861.78,0,,,,
45,01/07/2011,0,74.04,3.748,185.9119885,8.625,791495.25,768718.11,22777.14,,,,
45,08/07/2011,0,77.49,3.711,186.032016,8.625,768718.11,768718.11,0,,,,
45,15/07/2011,0,78.47,3.76,186.1399808,8.625,748435.2,741625.25,6809.95,,,,
45,22/07/2011,0,82.33,3.811,186.2177885,8.625,741625.25,741625.25,0,,,,
45,29/07/2011,0,81.31,3.829,186.2955962,8.625,704680.97,704680.97,0,,,,
45,05/08/2011,0,78.22,3.842,186.3734038,8.625,765996.92,765996.92,0,,,,
45,12/08/2011,0,77,3.812,186.4512115,8.625,724180.89,724180.89,0,,,,
45,19/08/2011,0,72.98,3.747,186.5093071,8.625,712362.72,712362.72,0,,,,
45,26/08/2011,0,72.55,3.704,186.5641172,8.625,833979.01,833979.01,0,,,,
45,02/09/2011,0,70.63,3.703,186.6189274,8.625,726482.39,711367.56,15114.83,,,,
45,09/09/2011,1,71.48,3.738,186.6737376,8.625,746129.56,746129.56,0,,,,
45,16/09/2011,0,69.17,3.742,186.8024,8.625,711367.56,711367.56,0,,,,
45,23/09/2011,0,63.75,3.711,187.0295321,8.625,714106.42,714106.42,0,,,,
45,30/09/2011,0,70.66,3.645,187.2566641,8.625,698986.34,698986.34,0,,,,
45,07/10/2011,0,55.82,3.583,187.4837962,8.523,753447.05,753447.05,0,,,,
45,14/10/2011,0,63.82,3.541,187.6917481,8.523,720946.99,720946.99,0,,,,
45,21/10/2011,0,59.6,3.57,187.7846197,8.523,771686.4,771686.4,0,,,,
45,28/10/2011,0,51.78,3.569,187.8774913,8.523,781694.57,781694.57,0,,,,
45,04/11/2011,0,43.92,3.551,187.9703629,8.523,833429.22,833429.22,0,,,,
45,11/11/2011,0,47.65,3.53,188.0632345,8.523,808624.82,808624.82,0,,,,
45,18/11/2011,0,51.34,3.53,188.1983654,8.523,773603.77,720946.99,52656.78,,,,
45,25/11/2011,1,48.71,3.492,188.3504,8.523,1170672.94,1170672.94,0,,,,
45,02/12/2011,0,50.19,3.452,188.5024346,8.523,875699.81,875699.81,0,,,,
45,09/12/2011,0,46.57,3.415,188.6544692,8.523,957155.31,957155.31,0,,,,
45,16/12/2011,0,39.93,3.413,188.7979349,8.523,1078905.68,1078905.68,0,,,,
45,23/12/2011,0,42.27,3.389,188.9299752,8.523,1521957.99,1521957.99,0,,,,
45,30/12/2011,1,37.79,3.389,189.0620155,8.523,869403.63,869403.63,0,,,,
45,06/01/2012,0,35.88,3.422,189.1940558,8.424,714081.05,714081.05,0,,,,
45,13/01/2012,0,41.18,3.513,189.3260962,8.424,676615.53,676615.53,0,,,,
45,20/01/2012,0,31.85,3.533,189.4214733,8.424,700392.21,700392.21,0,,,,
45,27/01/2012,0,37.93,3.567,189.5168505,8.424,624081.64,624081.64,0,,,,
45,03/02/2012,0,42.96,3.617,189.6122277,8.424,757330.95,757330.95,0,,,,
45,10/02/2012,1,37,3.64,189.7076048,8.424,803657.12,803657.12,0,,,,
45,17/02/2012,0,36.85,3.695,189.8424834,8.424,858853.75,858853.75,0,,,,
45,24/02/2012,0,42.86,3.739,190.0069881,8.424,753060.78,753060.78,0,,,,
45,02/03/2012,0,41.55,3.816,190.1714927,8.424,782796.01,782796.01,0,,,,
45,09/03/2012,0,45.52,3.848,190.3359973,8.424,776968.87,753060.78,23908.09,,,,
45,16/03/2012,0,50.56,3.862,190.4618964,8.424,788340.23,788340.23,0,,,,
45,23/03/2012,0,59.45,3.9,190.5363213,8.424,791835.37,791835.37,0,,,,
45,30/03/2012,0,50.04,3.953,190.6107463,8.424,777254.06,777254.06,0,,,,
45,06/04/2012,0,49.73,3.996,190.6851712,8.567,899479.43,899479.43,0,,,,
45,13/04/2012,0,51.83,4.044,190.7595962,8.567,781970.6,781970.6,0,,,,
45,20/04/2012,0,63.13,4.027,190.8138013,8.567,776661.74,776661.74,0,,,,
45,27/04/2012,0,53.2,4.004,190.8680064,8.567,711571.88,711571.88,0,,,,
45,04/05/2012,0,55.21,3.951,190.9222115,8.567,782300.68,711571.88,70728.8,,,,
45,11/05/2012,0,61.24,3.889,190.9764167,8.567,770487.37,795133,-24645.63,,,,
45,18/05/2012,0,66.3,3.848,190.9964479,8.567,800842.28,800842.28,0,,,,
45,25/05/2012,0,67.21,3.798,191.0028096,8.567,817741.17,817741.17,0,,,,
45,01/06/2012,0,74.48,3.742,191.0091712,8.567,837144.63,837144.63,0,,,,
45,08/06/2012,0,64.3,3.689,191.0155329,8.567,795133,795133,0,,,,
45,15/06/2012,0,71.93,3.62,191.0299731,8.567,821498.18,821498.18,0,,,,
45,22/06/2012,0,74.22,3.564,191.0646096,8.567,822569.16,822569.16,0,,,,
45,29/06/2012,0,75.22,3.506,191.0992462,8.567,773367.71,773367.71,0,,,,
45,06/07/2012,0,82.99,3.475,191.1338827,8.684,843361.1,843361.1,0,,,,
45,13/07/2012,0,79.97,3.523,191.1685192,8.684,749817.08,733037.32,16779.76,,,,
45,20/07/2012,0,78.89,3.567,191.1670428,8.684,737613.65,733037.32,4576.33,,,,
45,27/07/2012,0,77.2,3.647,191.1655664,8.684,711671.58,711671.58,0,,,,
45,03/08/2012,0,76.58,3.654,191.16409,8.684,725729.51,725729.51,0,,,,
45,10/08/2012,0,78.65,3.722,191.1626135,8.684,733037.32,733037.32,0,,,,
45,17/08/2012,0,75.71,3.807,191.2284919,8.684,722496.93,725729.51,-3232.58,,,,
45,24/08/2012,0,72.62,3.834,191.3448865,8.684,718232.26,718232.26,0,,,,
45,31/08/2012,0,75.09,3.867,191.461281,8.684,734297.87,734297.87,0,,,,
45,07/09/2012,1,75.7,3.911,191.5776756,8.684,766512.66,766512.66,0,,,,
45,14/09/2012,0,67.87,3.948,191.69985,8.684,702238.27,702238.27,0,,,,
45,21/09/2012,0,65.32,4.038,191.8567038,8.684,723086.2,723086.2,0,,,,
45,28/09/2012,0,64.88,3.997,192.0135577,8.684,713173.95,733455.07,-20281.12,,,,
45,05/10/2012,0,64.89,3.985,192.1704115,8.667,733455.07,733455.07,0,,,,
45,12/10/2012,0,54.47,4,192.3272654,8.667,734464.36,718125.53,16338.83,,,,
45,19/10/2012,0,56.47,3.969,192.3308542,8.667,718125.53,718125.53,0,,,,
45,26/10/2012,0,58.85,3.882,192.3088989,8.667,760281.43,760281.43,0,,,,
